state,city,city_tier,platform_type,month,weekly_hours,experience_months,vehicle_status,cost_of_living_index,weekly_income,income_volatility_pct,monthly_rent,monthly_food_utilities,monthly_transport_fuel,monthly_emi_or_vehicle_rental,monthly_other_expenses,monthly_expenses_total,safe_monthly_savings,synthetic,source,year
Tamil Nadu,Chennai,1,delivery,1,50,9,rented_vehicle,82,3230,18.6,2250,4050,1500,2500,1850,12150,1050,true,"Synthetic - illustrative ranges, not official statistics",2026
Tamil Nadu,Chennai,1,delivery,1,51,10,owned_bike_on_emi,82,4880,16.8,2800,3850,1800,3200,1100,12750,3500,true,"Synthetic - illustrative ranges, not official statistics",2026
Tamil Nadu,Chennai,1,delivery,1,50,31,rented_vehicle,82,4010,16.7,5150,4500,1800,2000,750,14200,1850,true,"Synthetic - illustrative ranges, not official statistics",2026
Tamil Nadu,Chennai,1,delivery,1,52,13,owned_bike_paid,82,4720,18.4,6450,4550,1500,0,1400,13900,3900,true,"Synthetic - illustrative ranges, not official statistics",2026
Tamil Nadu,Chennai,1,delivery,1,44,13,owned_bike_on_emi,82,3700,14.6,3900,4050,1550,2400,1600,13500,1150,true,"Synthetic - illustrative ranges, not official statistics",2026
Tamil Nadu,Chennai,1,delivery,1,44,42,no_vehicle,82,3960,16.5,4850,4250,1000,0,950,11050,3550,true,"Synthetic - illustrative ranges, not official statistics",2026
Tamil Nadu,Chennai,1,delivery,1,51,13,owned_bike_on_emi,82,4060,17.7,6050,4200,1600,3200,1700,16750,400,true,"Synthetic - illustrative ranges, not official statistics",2026
Tamil Nadu,Chennai,1,delivery,1,34,5,no_vehicle,82,3250,14.9,4850,4900,850,0,1750,12350,750,true,"Synthetic - illustrative ranges, not official statistics",2026
Tamil Nadu,Chennai,1,delivery,1,45,42,owned_bike_on_emi,82,4580,17.8,2550,4250,1400,3600,1350,13150,3700,true,"Synthetic - illustrative ranges, not official statistics",2026
Tamil Nadu,Chennai,1,delivery,2,39,26,owned_bike_paid,82,4000,17.5,5950,3650,1350,0,700,11650,2650,true,"Synthetic - illustrative ranges, not official statistics",2026
Tamil Nadu,Chennai,1,delivery,2,46,5,rented_vehicle,82,3780,16.7,4600,4400,1300,2000,1400,13700,1400,true,"Synthetic - illustrative ranges, not official statistics",2026
Tamil Nadu,Chennai,1,delivery,2,46,48,owned_bike_on_emi,82,4140,15.6,2550,4150,1950,3200,1300,13150,3200,true,"Synthetic - illustrative ranges, not official statistics",2026
Tamil Nadu,Chennai,1,delivery,2,40,12,rented_vehicle,82,3440,16.7,2400,4400,1450,2500,850,11600,1200,true,"Synthetic - illustrative ranges, not official statistics",2026
Tamil Nadu,Chennai,1,delivery,2,37,26,no_vehicle,82,3500,15.8,5850,4300,850,0,2050,13050,1300,true,"Synthetic - illustrative ranges, not official statistics",2026
Tamil Nadu,Chennai,1,delivery,2,38,6,rented_vehicle,82,2930,15.2,3150,3700,1300,1500,1650,11300,750,true,"Synthetic - illustrative ranges, not official statistics",2026
Tamil Nadu,Chennai,1,delivery,2,50,59,rented_vehicle,82,3550,15.1,3350,3650,1300,2500,1900,12700,1050,true,"Synthetic - illustrative ranges, not official statistics",2026
Tamil Nadu,Chennai,1,delivery,2,51,15,owned_bike_paid,82,4710,15.2,6950,3850,1450,0,1350,13600,2650,true,"Synthetic - illustrative ranges, not official statistics",2026
Tamil Nadu,Chennai,1,delivery,2,49,96,no_vehicle,82,4680,17.2,2200,4350,1100,0,800,8450,5100,true,"Synthetic - illustrative ranges, not official statistics",2026
Tamil Nadu,Chennai,1,delivery,3,39,15,owned_bike_paid,82,3610,14.8,2550,5400,1250,0,650,9850,2250,true,"Synthetic - illustrative ranges, not official statistics",2026
Tamil Nadu,Chennai,1,delivery,3,45,30,owned_bike_on_emi,82,4220,15.3,6350,4000,1450,4200,550,16550,650,true,"Synthetic - illustrative ranges, not official statistics",2026
Tamil Nadu,Chennai,1,delivery,3,43,32,owned_bike_paid,82,4320,16.6,2800,3850,1550,0,1150,9350,5150,true,"Synthetic - illustrative ranges, not official statistics",2026
Tamil Nadu,Chennai,1,delivery,3,41,8,owned_bike_on_emi,82,3880,15.1,2100,4450,1250,2800,1400,12000,3000,true,"Synthetic - illustrative ranges, not official statistics",2026
Tamil Nadu,Chennai,1,delivery,3,45,26,owned_bike_paid,82,4170,16.3,5750,4000,1150,0,1450,12350,2750,true,"Synthetic - illustrative ranges, not official statistics",2026
Tamil Nadu,Chennai,1,delivery,3,45,22,owned_bike_on_emi,82,4750,17.2,3700,4850,1600,4200,2700,17050,2200,true,"Synthetic - illustrative ranges, not official statistics",2026
Tamil Nadu,Chennai,1,delivery,3,48,12,owned_bike_on_emi,82,4630,18.5,3250,4600,1950,3200,450,13450,4500,true,"Synthetic - illustrative ranges, not official statistics",2026
Tamil Nadu,Chennai,1,delivery,3,60,36,no_vehicle,82,5640,18.3,4600,4350,1050,0,1650,11650,6800,true,"Synthetic - illustrative ranges, not official statistics",2026
Tamil Nadu,Chennai,1,delivery,3,51,66,no_vehicle,82,5360,19.0,4350,4400,1000,0,900,10650,5850,true,"Synthetic - illustrative ranges, not official statistics",2026
Tamil Nadu,Chennai,1,delivery,4,49,28,owned_bike_on_emi,82,4410,18.4,3000,3700,1450,2400,2400,12950,4150,true,"Synthetic - illustrative ranges, not official statistics",2026
Tamil Nadu,Chennai,1,delivery,4,54,23,rented_vehicle,82,4550,18.7,3050,4100,1100,2000,950,11200,4350,true,"Synthetic - illustrative ranges, not official statistics",2026
Tamil Nadu,Chennai,1,delivery,4,37,4,owned_bike_on_emi,82,3420,19.5,5850,3200,1500,3200,950,14700,50,true,"Synthetic - illustrative ranges, not official statistics",2026
Tamil Nadu,Chennai,1,delivery,4,42,25,no_vehicle,82,4080,14.5,5000,4300,1000,0,1000,11300,2300,true,"Synthetic - illustrative ranges, not official statistics",2026
Tamil Nadu,Chennai,1,delivery,4,54,2,owned_bike_on_emi,82,3580,15.1,2500,4050,1550,4200,2250,14550,400,true,"Synthetic - illustrative ranges, not official statistics",2026
Tamil Nadu,Chennai,1,delivery,4,47,57,no_vehicle,82,4350,17.6,4400,4000,1000,0,2650,12050,2500,true,"Synthetic - illustrative ranges, not official statistics",2026
Tamil Nadu,Chennai,1,delivery,4,51,21,owned_bike_on_emi,82,4280,19.3,2550,3900,1600,3600,1100,12750,2300,true,"Synthetic - illustrative ranges, not official statistics",2026
Tamil Nadu,Chennai,1,delivery,4,45,5,rented_vehicle,82,3770,16.6,3550,4400,2000,1500,1250,12700,1650,true,"Synthetic - illustrative ranges, not official statistics",2026
Tamil Nadu,Chennai,1,delivery,4,50,22,owned_bike_paid,82,3850,17.3,4000,4000,1450,0,2900,12350,2400,true,"Synthetic - illustrative ranges, not official statistics",2026
Tamil Nadu,Chennai,1,delivery,5,44,18,owned_bike_on_emi,82,3670,19.1,6650,4200,2200,2400,1350,16800,0,true,"Synthetic - illustrative ranges, not official statistics",2026
Tamil Nadu,Chennai,1,delivery,5,47,20,owned_bike_on_emi,82,3730,14.5,3100,4400,1450,3200,1050,13200,1800,true,"Synthetic - illustrative ranges, not official statistics",2026
Tamil Nadu,Chennai,1,delivery,5,32,5,owned_bike_on_emi,82,2590,18.0,4400,3950,2150,2800,1500,14800,0,true,"Synthetic - illustrative ranges, not official statistics",2026
Tamil Nadu,Chennai,1,delivery,5,45,25,owned_bike_on_emi,82,4080,16.7,6250,4700,1900,4200,750,17800,0,true,"Synthetic - illustrative ranges, not official statistics",2026
Tamil Nadu,Chennai,1,delivery,5,44,60,owned_bike_paid,82,4820,17.4,5300,4000,1600,0,450,11350,4950,true,"Synthetic - illustrative ranges, not official statistics",2026
Tamil Nadu,Chennai,1,delivery,5,28,11,no_vehicle,82,2580,18.8,3250,4100,950,0,700,9000,1000,true,"Synthetic - illustrative ranges, not official statistics",2026
Tamil Nadu,Chennai,1,delivery,5,52,29,owned_bike_paid,82,4400,15.4,2500,3600,1300,0,1150,8550,6000,true,"Synthetic - illustrative ranges, not official statistics",2026
Tamil Nadu,Chennai,1,delivery,5,55,39,no_vehicle,82,5160,17.6,3450,4150,950,0,750,9300,9050,true,"Synthetic - illustrative ranges, not official statistics",2026
Tamil Nadu,Chennai,1,delivery,5,57,19,rented_vehicle,82,3740,19.4,2650,4600,2000,2000,600,11850,2500,true,"Synthetic - illustrative ranges, not official statistics",2026
Tamil Nadu,Chennai,1,delivery,6,38,28,rented_vehicle,82,3020,18.5,4300,4000,1400,2500,1350,13550,0,true,"Synthetic - illustrative ranges, not official statistics",2026
Tamil Nadu,Chennai,1,delivery,6,58,13,no_vehicle,82,5230,18.9,6000,4500,750,0,1350,12600,6250,true,"Synthetic - illustrative ranges, not official statistics",2026
Tamil Nadu,Chennai,1,delivery,6,37,38,owned_bike_on_emi,82,4120,17.9,5200,4350,1350,4200,1550,16650,800,true,"Synthetic - illustrative ranges, not official statistics",2026
Tamil Nadu,Chennai,1,delivery,6,39,1,no_vehicle,82,3210,18.1,4100,4050,850,0,650,9650,2000,true,"Synthetic - illustrative ranges, not official statistics",2026
Tamil Nadu,Chennai,1,delivery,6,53,83,owned_bike_paid,82,4970,15.1,3100,3600,1150,0,1300,9150,6500,true,"Synthetic - illustrative ranges, not official statistics",2026
Tamil Nadu,Chennai,1,delivery,6,61,8,owned_bike_on_emi,82,4600,15.6,5750,4050,1150,4200,700,15850,2700,true,"Synthetic - illustrative ranges, not official statistics",2026
Tamil Nadu,Chennai,1,delivery,6,35,33,rented_vehicle,82,3200,17.3,5850,3600,1700,2500,1450,15100,0,true,"Synthetic - illustrative ranges, not official statistics",2026
Tamil Nadu,Chennai,1,delivery,6,51,20,owned_bike_paid,82,5020,17.8,2600,3950,1400,0,950,8900,4950,true,"Synthetic - illustrative ranges, not official statistics",2026
Tamil Nadu,Chennai,1,delivery,6,44,29,owned_bike_on_emi,82,3280,15.0,4900,3200,1300,4200,1100,14700,0,true,"Synthetic - illustrative ranges, not official statistics",2026
Tamil Nadu,Chennai,1,delivery,7,47,47,owned_bike_on_emi,82,5070,16.9,5400,4200,1650,3200,650,15100,3600,true,"Synthetic - illustrative ranges, not official statistics",2026
Tamil Nadu,Chennai,1,delivery,7,35,38,no_vehicle,82,3610,14.7,6700,3500,800,0,2400,13400,1500,true,"Synthetic - illustrative ranges, not official statistics",2026
Tamil Nadu,Chennai,1,delivery,7,39,32,owned_bike_on_emi,82,3860,17.5,5850,4600,1700,2400,250,14800,1050,true,"Synthetic - illustrative ranges, not official statistics",2026
Tamil Nadu,Chennai,1,delivery,7,33,25,owned_bike_paid,82,3490,16.3,2650,4200,1450,0,700,9000,4250,true,"Synthetic - illustrative ranges, not official statistics",2026
Tamil Nadu,Chennai,1,delivery,7,40,42,owned_bike_paid,82,4650,18.1,6200,4550,1600,0,400,12750,3000,true,"Synthetic - illustrative ranges, not official statistics",2026
Tamil Nadu,Chennai,1,delivery,7,61,70,no_vehicle,82,6840,14.5,5600,3700,950,0,1250,11500,6350,true,"Synthetic - illustrative ranges, not official statistics",2026
Tamil Nadu,Chennai,1,delivery,7,62,43,no_vehicle,82,6050,18.7,3250,4100,800,0,600,8750,10150,true,"Synthetic - illustrative ranges, not official statistics",2026
Tamil Nadu,Chennai,1,delivery,7,47,46,no_vehicle,82,4820,19.5,2950,4400,950,0,2200,10500,6400,true,"Synthetic - illustrative ranges, not official statistics",2026
Tamil Nadu,Chennai,1,delivery,7,45,27,rented_vehicle,82,3930,15.4,5150,4350,1400,1500,1350,13750,2250,true,"Synthetic - illustrative ranges, not official statistics",2026
Tamil Nadu,Chennai,1,delivery,8,59,8,rented_vehicle,82,4600,18.9,3400,4850,1000,2000,2500,13750,4100,true,"Synthetic - illustrative ranges, not official statistics",2026
Tamil Nadu,Chennai,1,delivery,8,40,17,rented_vehicle,82,3290,17.4,7600,5200,1500,2500,1300,18100,0,true,"Synthetic - illustrative ranges, not official statistics",2026
Tamil Nadu,Chennai,1,delivery,8,42,45,owned_bike_paid,82,4780,15.7,5650,4200,1600,0,1500,12950,5300,true,"Synthetic - illustrative ranges, not official statistics",2026
Tamil Nadu,Chennai,1,delivery,8,36,22,owned_bike_on_emi,82,3880,17.0,2700,3900,1500,2400,700,11200,3250,true,"Synthetic - illustrative ranges, not official statistics",2026
Tamil Nadu,Chennai,1,delivery,8,32,23,rented_vehicle,82,2860,17.3,2900,3700,1250,1500,650,10000,1100,true,"Synthetic - illustrative ranges, not official statistics",2026
Tamil Nadu,Chennai,1,delivery,8,27,4,owned_bike_paid,82,2540,16.5,5650,4750,1350,0,750,12500,0,true,"Synthetic - illustrative ranges, not official statistics",2026
Tamil Nadu,Chennai,1,delivery,8,48,20,no_vehicle,82,5520,15.7,5400,4250,750,0,800,11200,6450,true,"Synthetic - illustrative ranges, not official statistics",2026
Tamil Nadu,Chennai,1,delivery,8,55,51,owned_bike_on_emi,82,5860,17.2,6950,4050,1300,2400,900,15600,5100,true,"Synthetic - illustrative ranges, not official statistics",2026
Tamil Nadu,Chennai,1,delivery,8,51,19,owned_bike_on_emi,82,4980,15.1,3350,4350,1650,4200,600,14150,2650,true,"Synthetic - illustrative ranges, not official statistics",2026
Tamil Nadu,Chennai,1,delivery,9,49,43,owned_bike_paid,82,5020,14.7,5300,2950,1600,0,1500,11350,4900,true,"Synthetic - illustrative ranges, not official statistics",2026
Tamil Nadu,Chennai,1,delivery,9,58,15,rented_vehicle,82,4710,16.8,3650,3700,1500,2500,550,11900,3150,true,"Synthetic - illustrative ranges, not official statistics",2026
Tamil Nadu,Chennai,1,delivery,9,48,18,owned_bike_paid,82,4700,16.2,2850,4800,1400,0,500,9550,7350,true,"Synthetic - illustrative ranges, not official statistics",2026
Tamil Nadu,Chennai,1,delivery,9,49,39,owned_bike_on_emi,82,4230,16.3,3550,4500,1450,2400,950,12850,3750,true,"Synthetic - illustrative ranges, not official statistics",2026
Tamil Nadu,Chennai,1,delivery,9,58,21,rented_vehicle,82,4680,17.9,5700,4150,1350,2500,1650,15350,1900,true,"Synthetic - illustrative ranges, not official statistics",2026
Tamil Nadu,Chennai,1,delivery,9,45,39,owned_bike_on_emi,82,5130,15.9,2600,3700,1300,3200,1250,12050,4050,true,"Synthetic - illustrative ranges, not official statistics",2026
Tamil Nadu,Chennai,1,delivery,9,50,29,owned_bike_paid,82,3900,17.9,3150,4200,1500,0,2000,10850,2950,true,"Synthetic - illustrative ranges, not official statistics",2026
Tamil Nadu,Chennai,1,delivery,9,51,15,owned_bike_paid,82,4390,15.7,3200,3750,1750,0,1700,10400,4000,true,"Synthetic - illustrative ranges, not official statistics",2026
Tamil Nadu,Chennai,1,delivery,9,43,34,no_vehicle,82,3780,15.8,2700,5650,750,0,2400,11500,2200,true,"Synthetic - illustrative ranges, not official statistics",2026
Tamil Nadu,Chennai,1,delivery,10,51,20,rented_vehicle,82,5000,16.4,5050,3700,1600,1500,1150,13000,3400,true,"Synthetic - illustrative ranges, not official statistics",2026
Tamil Nadu,Chennai,1,delivery,10,35,10,owned_bike_paid,82,4670,17.8,2550,4300,1450,0,1500,9800,6850,true,"Synthetic - illustrative ranges, not official statistics",2026
Tamil Nadu,Chennai,1,delivery,10,36,5,owned_bike_paid,82,3420,19.4,3350,4300,1350,0,2150,11150,2200,true,"Synthetic - illustrative ranges, not official statistics",2026
Tamil Nadu,Chennai,1,delivery,10,57,50,owned_bike_on_emi,82,6440,18.5,2350,3550,1350,4200,2250,13700,8700,true,"Synthetic - illustrative ranges, not official statistics",2026
Tamil Nadu,Chennai,1,delivery,10,38,19,no_vehicle,82,4410,14.6,3150,3750,950,0,1200,9050,6250,true,"Synthetic - illustrative ranges, not official statistics",2026
Tamil Nadu,Chennai,1,delivery,10,45,72,owned_bike_on_emi,82,4130,17.0,2900,3850,1850,3200,2200,14000,2400,true,"Synthetic - illustrative ranges, not official statistics",2026
Tamil Nadu,Chennai,1,delivery,10,48,70,owned_bike_on_emi,82,5040,19.5,5600,4450,1400,2800,1950,16200,2750,true,"Synthetic - illustrative ranges, not official statistics",2026
Tamil Nadu,Chennai,1,delivery,10,50,14,owned_bike_paid,82,4930,17.3,3550,3550,1250,0,1000,9350,7300,true,"Synthetic - illustrative ranges, not official statistics",2026
Tamil Nadu,Chennai,1,delivery,10,41,96,owned_bike_on_emi,82,4480,15.8,2800,4150,1300,2800,450,11500,3850,true,"Synthetic - illustrative ranges, not official statistics",2026
Tamil Nadu,Chennai,1,delivery,11,51,6,rented_vehicle,82,4470,16.9,5600,4050,1600,2500,1650,15400,2050,true,"Synthetic - illustrative ranges, not official statistics",2026
Tamil Nadu,Chennai,1,delivery,11,45,39,owned_bike_paid,82,4280,18.8,4850,3700,1250,0,950,10750,3100,true,"Synthetic - illustrative ranges, not official statistics",2026
Tamil Nadu,Chennai,1,delivery,11,42,12,owned_bike_paid,82,4260,17.6,6450,4100,1350,0,200,12100,2500,true,"Synthetic - illustrative ranges, not official statistics",2026
Tamil Nadu,Chennai,1,delivery,11,38,56,rented_vehicle,82,3900,19.4,6350,4450,1650,2000,1600,16050,350,true,"Synthetic - illustrative ranges, not official statistics",2026
Tamil Nadu,Chennai,1,delivery,11,38,24,owned_bike_paid,82,3970,16.7,6150,5050,1800,0,700,13700,1700,true,"Synthetic - illustrative ranges, not official statistics",2026
Tamil Nadu,Chennai,1,delivery,11,48,16,owned_bike_paid,82,4070,16.4,3900,3800,1550,0,800,10050,3550,true,"Synthetic - illustrative ranges, not official statistics",2026
Tamil Nadu,Chennai,1,delivery,11,61,15,owned_bike_paid,82,6200,14.7,2600,4150,1300,0,1700,9750,10000,true,"Synthetic - illustrative ranges, not official statistics",2026
Tamil Nadu,Chennai,1,delivery,11,59,17,owned_bike_paid,82,5640,16.8,3050,4400,1450,0,2150,11050,7000,true,"Synthetic - illustrative ranges, not official statistics",2026
Tamil Nadu,Chennai,1,delivery,11,48,28,no_vehicle,82,5900,19.4,6400,4000,850,0,300,11550,9650,true,"Synthetic - illustrative ranges, not official statistics",2026
Tamil Nadu,Chennai,1,delivery,12,42,8,no_vehicle,82,3270,16.6,3700,4100,600,0,700,9100,2450,true,"Synthetic - illustrative ranges, not official statistics",2026
Tamil Nadu,Chennai,1,delivery,12,38,41,owned_bike_on_emi,82,4280,16.4,7500,4400,1200,4200,2150,19450,0,true,"Synthetic - illustrative ranges, not official statistics",2026
Tamil Nadu,Chennai,1,delivery,12,35,27,owned_bike_paid,82,3130,19.4,5500,3350,1300,0,1850,12000,1000,true,"Synthetic - illustrative ranges, not official statistics",2026
Tamil Nadu,Chennai,1,delivery,12,51,37,owned_bike_paid,82,4780,16.0,6000,3950,1300,0,3350,14600,3650,true,"Synthetic - illustrative ranges, not official statistics",2026
Tamil Nadu,Chennai,1,delivery,12,47,19,rented_vehicle,82,4130,19.4,7600,4000,1400,2500,1050,16550,500,true,"Synthetic - illustrative ranges, not official statistics",2026
Tamil Nadu,Chennai,1,delivery,12,54,17,no_vehicle,82,5750,18.5,4100,3500,1000,0,1500,10100,5850,true,"Synthetic - illustrative ranges, not official statistics",2026
Tamil Nadu,Chennai,1,delivery,12,52,26,no_vehicle,82,5680,18.4,2100,4100,700,0,1250,8150,6200,true,"Synthetic - illustrative ranges, not official statistics",2026
Tamil Nadu,Chennai,1,delivery,12,40,13,owned_bike_on_emi,82,4050,14.7,2100,4500,1450,3200,1600,12850,2050,true,"Synthetic - illustrative ranges, not official statistics",2026
Tamil Nadu,Chennai,1,delivery,12,46,15,owned_bike_paid,82,4510,16.2,3750,4450,1400,0,3250,12850,4550,true,"Synthetic - illustrative ranges, not official statistics",2026
Tamil Nadu,Chennai,1,ride_hailing,1,45,91,no_vehicle,82,5570,18.4,3250,4400,1100,0,1350,10100,7050,true,"Synthetic - illustrative ranges, not official statistics",2026
Tamil Nadu,Chennai,1,ride_hailing,1,57,39,owned_bike_on_emi,82,6000,17.4,2600,4150,1400,2800,600,11550,7200,true,"Synthetic - illustrative ranges, not official statistics",2026
Tamil Nadu,Chennai,1,ride_hailing,1,40,60,owned_bike_on_emi,82,6490,19.6,3550,3900,1450,4200,1550,14650,8400,true,"Synthetic - illustrative ranges, not official statistics",2026
Tamil Nadu,Chennai,1,ride_hailing,1,51,94,owned_bike_paid,82,6420,19.8,3250,3800,1600,0,1950,10600,10450,true,"Synthetic - illustrative ranges, not official statistics",2026
Tamil Nadu,Chennai,1,ride_hailing,1,40,3,owned_bike_on_emi,82,4340,20.2,1950,4100,2050,2400,1000,11500,3300,true,"Synthetic - illustrative ranges, not official statistics",2026
Tamil Nadu,Chennai,1,ride_hailing,1,52,29,owned_bike_on_emi,82,6520,17.4,4500,4300,1350,4200,1200,15550,7550,true,"Synthetic - illustrative ranges, not official statistics",2026
Tamil Nadu,Chennai,1,ride_hailing,1,43,29,rented_vehicle,82,3890,18.9,5100,4900,1600,1500,1550,14650,1350,true,"Synthetic - illustrative ranges, not official statistics",2026
Tamil Nadu,Chennai,1,ride_hailing,1,53,24,owned_bike_on_emi,82,4750,20.7,2150,3850,1850,3200,1000,12050,5950,true,"Synthetic - illustrative ranges, not official statistics",2026
Tamil Nadu,Chennai,1,ride_hailing,1,50,20,owned_bike_paid,82,6350,17.7,3250,4500,1650,0,1400,10800,10750,true,"Synthetic - illustrative ranges, not official statistics",2026
Tamil Nadu,Chennai,1,ride_hailing,2,44,39,no_vehicle,82,6140,20.3,5350,4300,900,0,2300,12850,6450,true,"Synthetic - illustrative ranges, not official statistics",2026
Tamil Nadu,Chennai,1,ride_hailing,2,56,31,owned_bike_on_emi,82,5830,17.8,2650,3900,1350,3600,1800,13300,8000,true,"Synthetic - illustrative ranges, not official statistics",2026
Tamil Nadu,Chennai,1,ride_hailing,2,45,8,owned_bike_on_emi,82,4210,22.0,5750,3450,1500,2400,1100,14200,1950,true,"Synthetic - illustrative ranges, not official statistics",2026
Tamil Nadu,Chennai,1,ride_hailing,2,41,23,no_vehicle,82,4830,18.1,4050,4500,800,0,1150,10500,5000,true,"Synthetic - illustrative ranges, not official statistics",2026
Tamil Nadu,Chennai,1,ride_hailing,2,44,16,no_vehicle,82,4740,21.5,2500,4450,950,0,1350,9250,6850,true,"Synthetic - illustrative ranges, not official statistics",2026
Tamil Nadu,Chennai,1,ride_hailing,2,61,54,owned_bike_on_emi,82,8180,22.7,3050,4100,1400,3600,1050,13200,8850,true,"Synthetic - illustrative ranges, not official statistics",2026
Tamil Nadu,Chennai,1,ride_hailing,2,56,29,owned_bike_on_emi,82,6210,22.2,6350,4300,1800,2800,250,15500,4200,true,"Synthetic - illustrative ranges, not official statistics",2026
Tamil Nadu,Chennai,1,ride_hailing,2,42,11,owned_bike_on_emi,82,4710,18.7,4000,4700,1500,2400,500,13100,4450,true,"Synthetic - illustrative ranges, not official statistics",2026
Tamil Nadu,Chennai,1,ride_hailing,2,57,5,owned_bike_paid,82,6590,18.1,2700,3950,1800,0,1600,10050,9850,true,"Synthetic - illustrative ranges, not official statistics",2026
Tamil Nadu,Chennai,1,ride_hailing,3,55,3,no_vehicle,82,7410,18.7,2800,5200,1100,0,800,9900,14550,true,"Synthetic - illustrative ranges, not official statistics",2026
Tamil Nadu,Chennai,1,ride_hailing,3,46,21,no_vehicle,82,5460,21.3,5400,4750,950,0,800,11900,5000,true,"Synthetic - illustrative ranges, not official statistics",2026
Tamil Nadu,Chennai,1,ride_hailing,3,47,53,owned_bike_paid,82,5430,22.3,5850,4650,1400,0,450,12350,6800,true,"Synthetic - illustrative ranges, not official statistics",2026
Tamil Nadu,Chennai,1,ride_hailing,3,42,31,owned_bike_on_emi,82,4110,19.7,2900,3950,1550,3200,250,11850,3050,true,"Synthetic - illustrative ranges, not official statistics",2026
Tamil Nadu,Chennai,1,ride_hailing,3,54,47,rented_vehicle,82,4430,17.5,6200,3700,1550,2500,900,14850,1850,true,"Synthetic - illustrative ranges, not official statistics",2026
Tamil Nadu,Chennai,1,ride_hailing,3,40,13,owned_bike_on_emi,82,4550,21.3,2900,4250,1500,4200,1150,14000,3050,true,"Synthetic - illustrative ranges, not official statistics",2026
Tamil Nadu,Chennai,1,ride_hailing,3,47,44,owned_bike_on_emi,82,5200,21.6,5700,5000,1600,3600,1700,17600,1850,true,"Synthetic - illustrative ranges, not official statistics",2026
Tamil Nadu,Chennai,1,ride_hailing,3,48,43,no_vehicle,82,5380,21.2,5100,4550,1150,0,3300,14100,3650,true,"Synthetic - illustrative ranges, not official statistics",2026
Tamil Nadu,Chennai,1,ride_hailing,3,45,13,owned_bike_paid,82,4890,20.0,4600,3750,2300,0,950,11600,4950,true,"Synthetic - illustrative ranges, not official statistics",2026
Tamil Nadu,Chennai,1,ride_hailing,4,60,29,owned_bike_paid,82,5730,22.8,7100,4250,1050,0,700,13100,6000,true,"Synthetic - illustrative ranges, not official statistics",2026
Tamil Nadu,Chennai,1,ride_hailing,4,39,29,owned_bike_on_emi,82,4490,18.0,2950,3350,1450,2800,1000,11550,5350,true,"Synthetic - illustrative ranges, not official statistics",2026
Tamil Nadu,Chennai,1,ride_hailing,4,51,32,owned_bike_paid,82,5760,18.6,2050,4200,1500,0,350,8100,7350,true,"Synthetic - illustrative ranges, not official statistics",2026
Tamil Nadu,Chennai,1,ride_hailing,4,48,37,owned_bike_paid,82,5350,22.9,2000,4850,1650,0,750,9250,7000,true,"Synthetic - illustrative ranges, not official statistics",2026
Tamil Nadu,Chennai,1,ride_hailing,4,44,19,owned_bike_on_emi,82,4270,17.8,3600,4250,1550,3200,2400,15000,1650,true,"Synthetic - illustrative ranges, not official statistics",2026
Tamil Nadu,Chennai,1,ride_hailing,4,59,5,owned_bike_on_emi,82,5930,17.3,4700,4550,1350,3200,1350,15150,3900,true,"Synthetic - illustrative ranges, not official statistics",2026
Tamil Nadu,Chennai,1,ride_hailing,4,46,20,owned_bike_on_emi,82,4310,20.3,6200,5000,1750,3600,1300,17850,550,true,"Synthetic - illustrative ranges, not official statistics",2026
Tamil Nadu,Chennai,1,ride_hailing,4,53,42,rented_vehicle,82,4690,19.1,2850,4600,1950,2500,2350,14250,2200,true,"Synthetic - illustrative ranges, not official statistics",2026
Tamil Nadu,Chennai,1,ride_hailing,4,48,25,rented_vehicle,82,4150,18.3,2900,4500,1750,2500,600,12250,2100,true,"Synthetic - illustrative ranges, not official statistics",2026
Tamil Nadu,Chennai,1,ride_hailing,5,39,32,rented_vehicle,82,3600,22.8,3300,4150,1650,2000,600,11700,2400,true,"Synthetic - illustrative ranges, not official statistics",2026
Tamil Nadu,Chennai,1,ride_hailing,5,55,11,owned_bike_on_emi,82,3950,22.1,4050,3900,1750,3200,500,13400,2250,true,"Synthetic - illustrative ranges, not official statistics",2026
Tamil Nadu,Chennai,1,ride_hailing,5,61,22,no_vehicle,82,5510,22.2,6450,3400,850,0,750,11450,5300,true,"Synthetic - illustrative ranges, not official statistics",2026
Tamil Nadu,Chennai,1,ride_hailing,5,51,8,owned_bike_paid,82,4390,17.4,3400,3250,1400,0,400,8450,4950,true,"Synthetic - illustrative ranges, not official statistics",2026
Tamil Nadu,Chennai,1,ride_hailing,5,68,24,owned_bike_on_emi,82,6340,19.9,2900,4700,1250,2400,1050,12300,10000,true,"Synthetic - illustrative ranges, not official statistics",2026
Tamil Nadu,Chennai,1,ride_hailing,5,49,19,owned_bike_on_emi,82,5200,20.9,5500,4600,1450,2800,1300,15650,3300,true,"Synthetic - illustrative ranges, not official statistics",2026
Tamil Nadu,Chennai,1,ride_hailing,5,36,27,owned_bike_paid,82,4080,19.5,5100,4050,1350,0,1050,11550,2900,true,"Synthetic - illustrative ranges, not official statistics",2026
Tamil Nadu,Chennai,1,ride_hailing,5,41,31,owned_bike_on_emi,82,5040,19.7,5700,4350,1500,2800,900,15250,2400,true,"Synthetic - illustrative ranges, not official statistics",2026
Tamil Nadu,Chennai,1,ride_hailing,5,55,28,no_vehicle,82,5700,17.3,2350,4550,750,0,2700,10350,5650,true,"Synthetic - illustrative ranges, not official statistics",2026
Tamil Nadu,Chennai,1,ride_hailing,6,64,26,owned_bike_on_emi,82,7160,22.1,3650,3800,1550,4200,550,13750,7750,true,"Synthetic - illustrative ranges, not official statistics",2026
Tamil Nadu,Chennai,1,ride_hailing,6,53,15,owned_bike_on_emi,82,5940,19.1,5250,4600,1400,3200,1950,16400,4100,true,"Synthetic - illustrative ranges, not official statistics",2026
Tamil Nadu,Chennai,1,ride_hailing,6,57,77,owned_bike_paid,82,5840,18.4,6200,4250,1250,0,1750,13450,4650,true,"Synthetic - illustrative ranges, not official statistics",2026
Tamil Nadu,Chennai,1,ride_hailing,6,54,35,owned_bike_paid,82,5600,20.7,2350,5150,1550,0,1450,10500,5650,true,"Synthetic - illustrative ranges, not official statistics",2026
Tamil Nadu,Chennai,1,ride_hailing,6,51,34,owned_bike_on_emi,82,4870,17.5,4100,4250,1250,4200,1250,15050,2800,true,"Synthetic - illustrative ranges, not official statistics",2026
Tamil Nadu,Chennai,1,ride_hailing,6,55,8,no_vehicle,82,6060,19.6,3300,3900,950,0,1350,9500,11100,true,"Synthetic - illustrative ranges, not official statistics",2026
Tamil Nadu,Chennai,1,ride_hailing,6,52,40,no_vehicle,82,4820,20.6,3600,3400,800,0,1750,9550,7150,true,"Synthetic - illustrative ranges, not official statistics",2026
Tamil Nadu,Chennai,1,ride_hailing,6,43,11,owned_bike_paid,82,4820,19.6,6500,4450,1450,0,1250,13650,4800,true,"Synthetic - illustrative ranges, not official statistics",2026
Tamil Nadu,Chennai,1,ride_hailing,6,56,24,owned_bike_on_emi,82,5940,21.7,5800,3950,1600,2800,2000,16150,6600,true,"Synthetic - illustrative ranges, not official statistics",2026
Tamil Nadu,Chennai,1,ride_hailing,7,54,11,owned_bike_paid,82,6450,17.4,3550,4150,1450,0,3850,13000,9000,true,"Synthetic - illustrative ranges, not official statistics",2026
Tamil Nadu,Chennai,1,ride_hailing,7,44,44,owned_bike_paid,82,5450,21.3,6300,3700,1550,0,1650,13200,5800,true,"Synthetic - illustrative ranges, not official statistics",2026
Tamil Nadu,Chennai,1,ride_hailing,7,46,15,no_vehicle,82,5540,19.7,4150,4500,1100,0,800,10550,6350,true,"Synthetic - illustrative ranges, not official statistics",2026
Tamil Nadu,Chennai,1,ride_hailing,7,49,7,owned_bike_on_emi,82,5630,22.3,6050,4000,2050,3200,350,15650,5350,true,"Synthetic - illustrative ranges, not official statistics",2026
Tamil Nadu,Chennai,1,ride_hailing,7,51,15,owned_bike_paid,82,6150,19.3,4800,4200,1550,0,400,10950,8950,true,"Synthetic - illustrative ranges, not official statistics",2026
Tamil Nadu,Chennai,1,ride_hailing,7,45,14,owned_bike_paid,82,5440,22.9,4000,4000,1600,0,1650,11250,7300,true,"Synthetic - illustrative ranges, not official statistics",2026
Tamil Nadu,Chennai,1,ride_hailing,7,62,72,owned_bike_on_emi,82,7450,22.2,3300,3500,1500,3600,800,12700,12600,true,"Synthetic - illustrative ranges, not official statistics",2026
Tamil Nadu,Chennai,1,ride_hailing,7,53,26,no_vehicle,82,6270,21.6,6050,3600,1150,0,700,11500,10350,true,"Synthetic - illustrative ranges, not official statistics",2026
Tamil Nadu,Chennai,1,ride_hailing,7,44,18,rented_vehicle,82,3820,21.5,6500,3900,1200,2000,1200,14800,1200,true,"Synthetic - illustrative ranges, not official statistics",2026
Tamil Nadu,Chennai,1,ride_hailing,8,57,1,owned_bike_on_emi,82,6230,19.1,3500,4500,1050,2400,800,12250,6100,true,"Synthetic - illustrative ranges, not official statistics",2026
Tamil Nadu,Chennai,1,ride_hailing,8,58,36,owned_bike_paid,82,6510,18.2,6000,4550,1700,0,1300,13550,6200,true,"Synthetic - illustrative ranges, not official statistics",2026
Tamil Nadu,Chennai,1,ride_hailing,8,47,2,owned_bike_paid,82,5780,18.0,5850,4400,1650,0,3300,15200,3700,true,"Synthetic - illustrative ranges, not official statistics",2026
Tamil Nadu,Chennai,1,ride_hailing,8,61,52,rented_vehicle,82,7220,19.6,4250,3950,1450,2500,750,12900,9950,true,"Synthetic - illustrative ranges, not official statistics",2026
Tamil Nadu,Chennai,1,ride_hailing,8,48,78,no_vehicle,82,6220,19.5,6400,4950,900,0,1550,13800,5800,true,"Synthetic - illustrative ranges, not official statistics",2026
Tamil Nadu,Chennai,1,ride_hailing,8,69,18,owned_bike_on_emi,82,8490,22.1,5600,4450,1100,2400,2400,15950,12350,true,"Synthetic - illustrative ranges, not official statistics",2026
Tamil Nadu,Chennai,1,ride_hailing,8,39,28,owned_bike_on_emi,82,4810,20.6,8700,4750,1700,4200,1100,20450,150,true,"Synthetic - illustrative ranges, not official statistics",2026
Tamil Nadu,Chennai,1,ride_hailing,8,44,20,owned_bike_on_emi,82,5580,18.8,3100,4200,1550,3200,600,12650,6250,true,"Synthetic - illustrative ranges, not official statistics",2026
Tamil Nadu,Chennai,1,ride_hailing,8,61,64,no_vehicle,82,7130,17.7,3650,5000,1050,0,1000,10700,13650,true,"Synthetic - illustrative ranges, not official statistics",2026
Tamil Nadu,Chennai,1,ride_hailing,9,50,21,no_vehicle,82,4310,18.9,3650,4200,900,0,1050,9800,4900,true,"Synthetic - illustrative ranges, not official statistics",2026
Tamil Nadu,Chennai,1,ride_hailing,9,57,13,rented_vehicle,82,6110,19.4,2800,4550,1150,2500,750,11750,5400,true,"Synthetic - illustrative ranges, not official statistics",2026
Tamil Nadu,Chennai,1,ride_hailing,9,46,35,rented_vehicle,82,4980,22.2,3000,4500,1300,2000,450,11250,5500,true,"Synthetic - illustrative ranges, not official statistics",2026
Tamil Nadu,Chennai,1,ride_hailing,9,47,10,owned_bike_on_emi,82,4400,19.2,4000,3850,1350,3600,250,13050,3200,true,"Synthetic - illustrative ranges, not official statistics",2026
Tamil Nadu,Chennai,1,ride_hailing,9,48,25,owned_bike_paid,82,5180,21.8,5600,3500,1750,0,650,11500,6800,true,"Synthetic - illustrative ranges, not official statistics",2026
Tamil Nadu,Chennai,1,ride_hailing,9,44,28,no_vehicle,82,5210,22.7,3700,4600,1000,0,3700,13000,5650,true,"Synthetic - illustrative ranges, not official statistics",2026
Tamil Nadu,Chennai,1,ride_hailing,9,58,14,no_vehicle,82,5710,22.0,3150,4750,800,0,400,9100,6750,true,"Synthetic - illustrative ranges, not official statistics",2026
Tamil Nadu,Chennai,1,ride_hailing,9,50,7,owned_bike_on_emi,82,5130,22.0,6900,4200,1400,3200,950,16650,3700,true,"Synthetic - illustrative ranges, not official statistics",2026
Tamil Nadu,Chennai,1,ride_hailing,9,52,2,rented_vehicle,82,4670,19.0,4500,4300,1500,1500,1150,12950,3650,true,"Synthetic - illustrative ranges, not official statistics",2026
Tamil Nadu,Chennai,1,ride_hailing,10,51,41,owned_bike_on_emi,82,6120,18.6,4000,4150,1100,2400,900,12550,5000,true,"Synthetic - illustrative ranges, not official statistics",2026
Tamil Nadu,Chennai,1,ride_hailing,10,60,33,rented_vehicle,82,7750,20.3,3550,4050,1350,2500,1350,12800,7400,true,"Synthetic - illustrative ranges, not official statistics",2026
Tamil Nadu,Chennai,1,ride_hailing,10,52,60,owned_bike_paid,82,6750,17.0,7450,4500,1450,0,400,13800,6450,true,"Synthetic - illustrative ranges, not official statistics",2026
Tamil Nadu,Chennai,1,ride_hailing,10,49,48,owned_bike_paid,82,6970,22.7,2900,4100,1750,0,750,9500,10200,true,"Synthetic - illustrative ranges, not official statistics",2026
Tamil Nadu,Chennai,1,ride_hailing,10,55,31,owned_bike_paid,82,6840,21.9,5200,5350,1150,0,1550,13250,10800,true,"Synthetic - illustrative ranges, not official statistics",2026
Tamil Nadu,Chennai,1,ride_hailing,10,35,31,owned_bike_paid,82,5140,20.4,3500,4400,1500,0,2250,11650,7150,true,"Synthetic - illustrative ranges, not official statistics",2026
Tamil Nadu,Chennai,1,ride_hailing,10,53,32,owned_bike_on_emi,82,8580,18.3,3700,4300,1500,2400,1450,13350,12200,true,"Synthetic - illustrative ranges, not official statistics",2026
Tamil Nadu,Chennai,1,ride_hailing,10,62,9,rented_vehicle,82,6470,19.5,6050,4250,1850,2500,1650,16300,8150,true,"Synthetic - illustrative ranges, not official statistics",2026
Tamil Nadu,Chennai,1,ride_hailing,10,57,4,no_vehicle,82,6690,19.9,4100,3950,1100,0,1150,10300,8150,true,"Synthetic - illustrative ranges, not official statistics",2026
Tamil Nadu,Chennai,1,ride_hailing,11,44,19,owned_bike_paid,82,4470,21.9,6400,4000,1150,0,850,12400,3600,true,"Synthetic - illustrative ranges, not official statistics",2026
Tamil Nadu,Chennai,1,ride_hailing,11,65,13,no_vehicle,82,7510,22.7,5150,4950,1100,0,750,11950,10900,true,"Synthetic - illustrative ranges, not official statistics",2026
Tamil Nadu,Chennai,1,ride_hailing,11,51,23,no_vehicle,82,6660,21.9,6800,4100,1000,0,900,12800,7800,true,"Synthetic - illustrative ranges, not official statistics",2026
Tamil Nadu,Chennai,1,ride_hailing,11,44,60,owned_bike_on_emi,82,5560,22.9,2950,3700,1150,3600,2200,13600,5500,true,"Synthetic - illustrative ranges, not official statistics",2026
Tamil Nadu,Chennai,1,ride_hailing,11,54,10,rented_vehicle,82,4890,18.8,5000,3550,1400,1500,950,12400,3100,true,"Synthetic - illustrative ranges, not official statistics",2026
Tamil Nadu,Chennai,1,ride_hailing,11,57,60,owned_bike_paid,82,7140,19.2,3550,4450,1150,0,1500,10650,12500,true,"Synthetic - illustrative ranges, not official statistics",2026
Tamil Nadu,Chennai,1,ride_hailing,11,46,5,owned_bike_paid,82,5180,21.2,4150,3600,1300,0,1150,10200,8000,true,"Synthetic - illustrative ranges, not official statistics",2026
Tamil Nadu,Chennai,1,ride_hailing,11,55,26,no_vehicle,82,7300,18.0,4700,4850,950,0,1100,11600,13950,true,"Synthetic - illustrative ranges, not official statistics",2026
Tamil Nadu,Chennai,1,ride_hailing,11,51,22,rented_vehicle,82,4770,19.1,3300,4250,1550,1500,2000,12600,4600,true,"Synthetic - illustrative ranges, not official statistics",2026
Tamil Nadu,Chennai,1,ride_hailing,12,38,26,owned_bike_paid,82,4270,20.8,2750,3600,1250,0,550,8150,5700,true,"Synthetic - illustrative ranges, not official statistics",2026
Tamil Nadu,Chennai,1,ride_hailing,12,48,10,no_vehicle,82,6360,18.0,2950,3800,700,0,2000,9450,7500,true,"Synthetic - illustrative ranges, not official statistics",2026
Tamil Nadu,Chennai,1,ride_hailing,12,50,39,owned_bike_on_emi,82,5190,22.9,3400,3650,1650,3600,1750,14050,5750,true,"Synthetic - illustrative ranges, not official statistics",2026
Tamil Nadu,Chennai,1,ride_hailing,12,47,43,rented_vehicle,82,4290,18.6,4450,4600,1750,1500,1600,13900,2700,true,"Synthetic - illustrative ranges, not official statistics",2026
Tamil Nadu,Chennai,1,ride_hailing,12,70,34,owned_bike_paid,82,7280,19.3,7100,4450,1750,0,1450,14750,8100,true,"Synthetic - illustrative ranges, not official statistics",2026
Tamil Nadu,Chennai,1,ride_hailing,12,47,16,rented_vehicle,82,4420,17.7,5150,4550,1650,2500,1600,15450,1850,true,"Synthetic - illustrative ranges, not official statistics",2026
Tamil Nadu,Chennai,1,ride_hailing,12,58,9,owned_bike_on_emi,82,7720,17.0,4100,3550,1350,3200,1000,13200,10850,true,"Synthetic - illustrative ranges, not official statistics",2026
Tamil Nadu,Chennai,1,ride_hailing,12,47,5,owned_bike_on_emi,82,5780,20.7,4400,4550,1300,3600,1150,15000,5700,true,"Synthetic - illustrative ranges, not official statistics",2026
Tamil Nadu,Chennai,1,ride_hailing,12,70,10,owned_bike_on_emi,82,6740,22.8,6050,4500,1550,2400,2150,16650,7250,true,"Synthetic - illustrative ranges, not official statistics",2026
Tamil Nadu,Chennai,1,freelance,1,40,39,rented_vehicle,82,3730,34.5,3050,4700,1450,2500,2300,14000,1300,true,"Synthetic - illustrative ranges, not official statistics",2026
Tamil Nadu,Chennai,1,freelance,1,35,25,owned_bike_on_emi,82,3120,33.4,3700,6050,1250,2800,600,14400,0,true,"Synthetic - illustrative ranges, not official statistics",2026
Tamil Nadu,Chennai,1,freelance,1,40,3,owned_bike_on_emi,82,3030,32.7,2850,3600,1400,4200,1500,13550,0,true,"Synthetic - illustrative ranges, not official statistics",2026
Tamil Nadu,Chennai,1,freelance,1,45,23,rented_vehicle,82,4410,32.7,3150,3800,1600,1500,1150,11200,5300,true,"Synthetic - illustrative ranges, not official statistics",2026
Tamil Nadu,Chennai,1,freelance,1,30,7,owned_bike_on_emi,82,2850,30.1,6350,3550,1750,2800,950,15400,0,true,"Synthetic - illustrative ranges, not official statistics",2026
Tamil Nadu,Chennai,1,freelance,1,26,34,rented_vehicle,82,2800,30.4,3900,5300,1900,2000,2750,15850,0,true,"Synthetic - illustrative ranges, not official statistics",2026
Tamil Nadu,Chennai,1,freelance,1,37,7,rented_vehicle,82,4010,30.8,3800,3550,1450,1500,1850,12150,3350,true,"Synthetic - illustrative ranges, not official statistics",2026
Tamil Nadu,Chennai,1,freelance,1,14,3,rented_vehicle,82,1320,28.0,7300,4200,1450,1500,1150,15600,0,true,"Synthetic - illustrative ranges, not official statistics",2026
Tamil Nadu,Chennai,1,freelance,1,41,51,owned_bike_on_emi,82,4650,28.9,2250,3700,1600,3200,1350,12100,4500,true,"Synthetic - illustrative ranges, not official statistics",2026
Tamil Nadu,Chennai,1,freelance,2,38,12,owned_bike_on_emi,82,5050,32.4,3000,4200,1750,2400,1200,12550,6250,true,"Synthetic - illustrative ranges, not official statistics",2026
Tamil Nadu,Chennai,1,freelance,2,38,11,no_vehicle,82,5830,26.9,5500,4100,950,0,550,11100,8000,true,"Synthetic - illustrative ranges, not official statistics",2026
Tamil Nadu,Chennai,1,freelance,2,48,27,owned_bike_paid,82,6710,25.6,5550,3950,1350,0,600,11450,8900,true,"Synthetic - illustrative ranges, not official statistics",2026
Tamil Nadu,Chennai,1,freelance,2,45,38,no_vehicle,82,4810,32.5,3100,4750,850,0,1750,10450,6050,true,"Synthetic - illustrative ranges, not official statistics",2026
Tamil Nadu,Chennai,1,freelance,2,36,46,owned_bike_paid,82,5070,26.3,2950,3950,1100,0,600,8600,4900,true,"Synthetic - illustrative ranges, not official statistics",2026
Tamil Nadu,Chennai,1,freelance,2,34,23,owned_bike_on_emi,82,3290,27.8,3500,4500,1250,3600,2050,14900,0,true,"Synthetic - illustrative ranges, not official statistics",2026
Tamil Nadu,Chennai,1,freelance,2,29,22,owned_bike_paid,82,2840,27.2,5200,4000,1600,0,1550,12350,0,true,"Synthetic - illustrative ranges, not official statistics",2026
Tamil Nadu,Chennai,1,freelance,2,28,10,rented_vehicle,82,2240,26.0,2600,3850,1450,2000,2100,12000,0,true,"Synthetic - illustrative ranges, not official statistics",2026
Tamil Nadu,Chennai,1,freelance,2,33,23,owned_bike_on_emi,82,5190,30.9,2450,4300,1200,2400,2200,12550,3500,true,"Synthetic - illustrative ranges, not official statistics",2026
Tamil Nadu,Chennai,1,freelance,3,25,47,owned_bike_on_emi,82,3320,30.9,2600,4600,1250,3600,700,12750,1000,true,"Synthetic - illustrative ranges, not official statistics",2026
Tamil Nadu,Chennai,1,freelance,3,30,44,owned_bike_on_emi,82,3070,25.5,4150,5350,1650,3200,900,15250,0,true,"Synthetic - illustrative ranges, not official statistics",2026
Tamil Nadu,Chennai,1,freelance,3,36,39,owned_bike_paid,82,3720,25.7,5800,5100,1700,0,1400,14000,900,true,"Synthetic - illustrative ranges, not official statistics",2026
Tamil Nadu,Chennai,1,freelance,3,29,7,owned_bike_paid,82,3580,33.9,6100,4500,1500,0,1500,13600,1100,true,"Synthetic - illustrative ranges, not official statistics",2026
Tamil Nadu,Chennai,1,freelance,3,30,24,owned_bike_on_emi,82,2890,25.6,4100,4500,2000,3600,1100,15300,0,true,"Synthetic - illustrative ranges, not official statistics",2026
Tamil Nadu,Chennai,1,freelance,3,38,16,rented_vehicle,82,3580,26.5,7450,4350,1300,2000,1150,16250,0,true,"Synthetic - illustrative ranges, not official statistics",2026
Tamil Nadu,Chennai,1,freelance,3,33,5,owned_bike_on_emi,82,3870,26.5,6100,3900,1600,2400,750,14750,900,true,"Synthetic - illustrative ranges, not official statistics",2026
Tamil Nadu,Chennai,1,freelance,3,44,38,no_vehicle,82,5720,28.3,2550,4300,1000,0,1450,9300,5950,true,"Synthetic - illustrative ranges, not official statistics",2026
Tamil Nadu,Chennai,1,freelance,3,40,38,rented_vehicle,82,3620,30.9,5300,3550,1350,2500,600,13300,1650,true,"Synthetic - illustrative ranges, not official statistics",2026
Tamil Nadu,Chennai,1,freelance,4,34,47,rented_vehicle,82,4300,27.2,5350,4400,1400,2500,1550,15200,1300,true,"Synthetic - illustrative ranges, not official statistics",2026
Tamil Nadu,Chennai,1,freelance,4,36,22,owned_bike_on_emi,82,4630,29.8,3600,4850,2100,2800,2350,15700,2300,true,"Synthetic - illustrative ranges, not official statistics",2026
Tamil Nadu,Chennai,1,freelance,4,38,14,owned_bike_on_emi,82,4420,31.0,4450,5050,1300,3200,1850,15850,1800,true,"Synthetic - illustrative ranges, not official statistics",2026
Tamil Nadu,Chennai,1,freelance,4,41,43,owned_bike_on_emi,82,4050,33.1,5850,4450,1600,2400,550,14850,1300,true,"Synthetic - illustrative ranges, not official statistics",2026
Tamil Nadu,Chennai,1,freelance,4,35,6,owned_bike_on_emi,82,3830,28.6,5050,3800,1450,4200,1300,15800,400,true,"Synthetic - illustrative ranges, not official statistics",2026
Tamil Nadu,Chennai,1,freelance,4,32,31,owned_bike_paid,82,3460,28.5,2950,4050,1450,0,1000,9450,2000,true,"Synthetic - illustrative ranges, not official statistics",2026
Tamil Nadu,Chennai,1,freelance,4,19,12,owned_bike_paid,82,2500,31.7,5100,3850,1750,0,550,11250,0,true,"Synthetic - illustrative ranges, not official statistics",2026
Tamil Nadu,Chennai,1,freelance,4,34,28,no_vehicle,82,3450,34.1,6200,4150,850,0,1300,12500,1250,true,"Synthetic - illustrative ranges, not official statistics",2026
Tamil Nadu,Chennai,1,freelance,4,43,33,rented_vehicle,82,3850,33.8,5150,4100,1550,2000,1850,14650,1250,true,"Synthetic - illustrative ranges, not official statistics",2026
Tamil Nadu,Chennai,1,freelance,5,42,4,rented_vehicle,82,4030,30.1,3900,4500,1500,2500,850,13250,1850,true,"Synthetic - illustrative ranges, not official statistics",2026
Tamil Nadu,Chennai,1,freelance,5,20,16,owned_bike_paid,82,2140,28.6,6050,3450,1400,0,1750,12650,0,true,"Synthetic - illustrative ranges, not official statistics",2026
Tamil Nadu,Chennai,1,freelance,5,34,28,owned_bike_paid,82,3130,26.2,2850,4650,1350,0,1000,9850,1600,true,"Synthetic - illustrative ranges, not official statistics",2026
Tamil Nadu,Chennai,1,freelance,5,31,9,owned_bike_on_emi,82,2180,28.5,5800,4450,1250,2400,1050,14950,0,true,"Synthetic - illustrative ranges, not official statistics",2026
Tamil Nadu,Chennai,1,freelance,5,23,5,owned_bike_on_emi,82,2190,32.6,3100,3750,1450,4200,1350,13850,0,true,"Synthetic - illustrative ranges, not official statistics",2026
Tamil Nadu,Chennai,1,freelance,5,35,31,rented_vehicle,82,2570,29.4,5150,3400,1350,2000,1600,13500,0,true,"Synthetic - illustrative ranges, not official statistics",2026
Tamil Nadu,Chennai,1,freelance,5,21,15,owned_bike_paid,82,2060,30.8,3300,3600,1650,0,2600,11150,0,true,"Synthetic - illustrative ranges, not official statistics",2026
Tamil Nadu,Chennai,1,freelance,5,35,1,owned_bike_on_emi,82,3220,31.3,2350,4250,1750,3200,1300,12850,400,true,"Synthetic - illustrative ranges, not official statistics",2026
Tamil Nadu,Chennai,1,freelance,5,44,9,rented_vehicle,82,3990,27.0,3050,4600,1200,1500,1000,11350,3350,true,"Synthetic - illustrative ranges, not official statistics",2026
Tamil Nadu,Chennai,1,freelance,6,30,25,no_vehicle,82,4640,25.9,3400,4000,1050,0,1000,9450,5550,true,"Synthetic - illustrative ranges, not official statistics",2026
Tamil Nadu,Chennai,1,freelance,6,35,4,rented_vehicle,82,3530,27.5,4250,4300,1300,2500,1050,13400,1250,true,"Synthetic - illustrative ranges, not official statistics",2026
Tamil Nadu,Chennai,1,freelance,6,25,6,no_vehicle,82,3370,30.0,2050,4700,700,0,1050,8500,3850,true,"Synthetic - illustrative ranges, not official statistics",2026
Tamil Nadu,Chennai,1,freelance,6,40,2,rented_vehicle,82,3490,32.4,5150,4700,1850,2500,2050,16250,0,true,"Synthetic - illustrative ranges, not official statistics",2026
Tamil Nadu,Chennai,1,freelance,6,34,7,owned_bike_on_emi,82,3650,32.0,7050,4750,1750,4200,1050,18800,0,true,"Synthetic - illustrative ranges, not official statistics",2026
Tamil Nadu,Chennai,1,freelance,6,41,7,owned_bike_paid,82,3990,33.3,3000,3700,1600,0,550,8850,5900,true,"Synthetic - illustrative ranges, not official statistics",2026
Tamil Nadu,Chennai,1,freelance,6,34,30,owned_bike_on_emi,82,3750,31.4,5600,3850,1500,3200,450,14600,700,true,"Synthetic - illustrative ranges, not official statistics",2026
Tamil Nadu,Chennai,1,freelance,6,25,5,owned_bike_paid,82,2600,33.0,6900,4450,1250,0,1900,14500,0,true,"Synthetic - illustrative ranges, not official statistics",2026
Tamil Nadu,Chennai,1,freelance,6,37,30,rented_vehicle,82,3420,32.9,5050,4750,1350,1500,1600,14250,200,true,"Synthetic - illustrative ranges, not official statistics",2026
Tamil Nadu,Chennai,1,freelance,7,22,44,owned_bike_on_emi,82,3100,28.2,6150,4600,1550,2800,1100,16200,0,true,"Synthetic - illustrative ranges, not official statistics",2026
Tamil Nadu,Chennai,1,freelance,7,26,33,owned_bike_on_emi,82,3680,31.6,5950,4200,1350,2800,350,14650,850,true,"Synthetic - illustrative ranges, not official statistics",2026
Tamil Nadu,Chennai,1,freelance,7,25,37,owned_bike_on_emi,82,3130,30.6,5900,3700,1550,2400,900,14450,0,true,"Synthetic - illustrative ranges, not official statistics",2026
Tamil Nadu,Chennai,1,freelance,7,39,17,owned_bike_on_emi,82,3940,25.9,4200,4700,2150,2800,550,14400,1300,true,"Synthetic - illustrative ranges, not official statistics",2026
Tamil Nadu,Chennai,1,freelance,7,22,61,rented_vehicle,82,2870,28.5,4950,3950,1150,2000,2150,14200,0,true,"Synthetic - illustrative ranges, not official statistics",2026
Tamil Nadu,Chennai,1,freelance,7,38,13,no_vehicle,82,4140,29.8,3850,3750,1100,0,1650,10350,5150,true,"Synthetic - illustrative ranges, not official statistics",2026
Tamil Nadu,Chennai,1,freelance,7,34,20,owned_bike_paid,82,4850,30.7,2900,3500,1950,0,1150,9500,7700,true,"Synthetic - illustrative ranges, not official statistics",2026
Tamil Nadu,Chennai,1,freelance,7,47,16,owned_bike_on_emi,82,6400,32.0,5850,4600,1650,3200,1450,16750,4200,true,"Synthetic - illustrative ranges, not official statistics",2026
Tamil Nadu,Chennai,1,freelance,7,36,23,owned_bike_on_emi,82,4350,27.0,3250,4200,1250,2800,1300,12800,4050,true,"Synthetic - illustrative ranges, not official statistics",2026
Tamil Nadu,Chennai,1,freelance,8,20,6,owned_bike_on_emi,82,2640,31.6,3000,3900,1650,2800,1300,12650,0,true,"Synthetic - illustrative ranges, not official statistics",2026
Tamil Nadu,Chennai,1,freelance,8,26,31,rented_vehicle,82,3210,34.1,2750,3600,1800,1500,800,10450,2350,true,"Synthetic - illustrative ranges, not official statistics",2026
Tamil Nadu,Chennai,1,freelance,8,35,10,owned_bike_on_emi,82,4250,28.0,5400,4500,1450,4200,1050,16600,900,true,"Synthetic - illustrative ranges, not official statistics",2026
Tamil Nadu,Chennai,1,freelance,8,36,11,owned_bike_on_emi,82,4310,26.1,3600,4200,1650,2800,1900,14150,2450,true,"Synthetic - illustrative ranges, not official statistics",2026
Tamil Nadu,Chennai,1,freelance,8,41,28,owned_bike_on_emi,82,5310,27.9,4400,4250,1400,3600,950,14600,4550,true,"Synthetic - illustrative ranges, not official statistics",2026
Tamil Nadu,Chennai,1,freelance,8,23,12,owned_bike_paid,82,4360,28.0,3150,4700,1350,0,2250,11450,4650,true,"Synthetic - illustrative ranges, not official statistics",2026
Tamil Nadu,Chennai,1,freelance,8,42,19,owned_bike_paid,82,4580,29.0,2750,3400,1400,0,1750,9300,5050,true,"Synthetic - illustrative ranges, not official statistics",2026
Tamil Nadu,Chennai,1,freelance,8,45,44,owned_bike_paid,82,6090,30.6,3150,4400,1650,0,2050,11250,7000,true,"Synthetic - illustrative ranges, not official statistics",2026
Tamil Nadu,Chennai,1,freelance,8,35,3,owned_bike_paid,82,3260,29.3,6950,3650,1450,0,1250,13300,300,true,"Synthetic - illustrative ranges, not official statistics",2026
Tamil Nadu,Chennai,1,freelance,9,48,17,owned_bike_paid,82,4970,30.2,2150,4650,1500,0,1000,9300,6500,true,"Synthetic - illustrative ranges, not official statistics",2026
Tamil Nadu,Chennai,1,freelance,9,43,1,owned_bike_paid,82,4340,32.8,5950,4050,1400,0,1050,12450,3700,true,"Synthetic - illustrative ranges, not official statistics",2026
Tamil Nadu,Chennai,1,freelance,9,35,26,owned_bike_paid,82,4720,29.4,6800,4100,1450,0,1050,13400,4100,true,"Synthetic - illustrative ranges, not official statistics",2026
Tamil Nadu,Chennai,1,freelance,9,26,9,no_vehicle,82,2600,30.1,4200,4500,900,0,1000,10600,350,true,"Synthetic - illustrative ranges, not official statistics",2026
Tamil Nadu,Chennai,1,freelance,9,38,75,owned_bike_paid,82,4550,33.4,8700,3800,1650,0,800,14950,1950,true,"Synthetic - illustrative ranges, not official statistics",2026
Tamil Nadu,Chennai,1,freelance,9,21,8,owned_bike_on_emi,82,2620,29.1,2300,3650,1900,2400,650,10900,150,true,"Synthetic - illustrative ranges, not official statistics",2026
Tamil Nadu,Chennai,1,freelance,9,40,23,owned_bike_on_emi,82,3660,30.2,2750,4000,1250,3200,1400,12600,1300,true,"Synthetic - illustrative ranges, not official statistics",2026
Tamil Nadu,Chennai,1,freelance,9,47,29,owned_bike_on_emi,82,5270,27.5,2850,4050,1350,2400,500,11150,4400,true,"Synthetic - illustrative ranges, not official statistics",2026
Tamil Nadu,Chennai,1,freelance,9,23,13,owned_bike_on_emi,82,3010,28.7,4400,3450,2150,3200,450,13650,0,true,"Synthetic - illustrative ranges, not official statistics",2026
Tamil Nadu,Chennai,1,freelance,10,46,96,owned_bike_on_emi,82,4100,30.4,5400,3900,1550,4200,1450,16500,700,true,"Synthetic - illustrative ranges, not official statistics",2026
Tamil Nadu,Chennai,1,freelance,10,36,43,rented_vehicle,82,3290,29.8,4950,4600,1600,1500,2050,14700,0,true,"Synthetic - illustrative ranges, not official statistics",2026
Tamil Nadu,Chennai,1,freelance,10,39,24,rented_vehicle,82,4000,33.8,4900,4850,1500,1500,350,13100,1700,true,"Synthetic - illustrative ranges, not official statistics",2026
Tamil Nadu,Chennai,1,freelance,10,55,22,owned_bike_on_emi,82,7490,28.1,2050,4750,1350,4200,750,13100,12500,true,"Synthetic - illustrative ranges, not official statistics",2026
Tamil Nadu,Chennai,1,freelance,10,32,19,no_vehicle,82,3340,27.1,3050,3500,950,0,1350,8850,3750,true,"Synthetic - illustrative ranges, not official statistics",2026
Tamil Nadu,Chennai,1,freelance,10,38,19,owned_bike_on_emi,82,4850,28.3,3250,3550,1350,4200,650,13000,4850,true,"Synthetic - illustrative ranges, not official statistics",2026
Tamil Nadu,Chennai,1,freelance,10,38,9,owned_bike_paid,82,4910,30.8,5000,4100,1350,0,600,11050,4750,true,"Synthetic - illustrative ranges, not official statistics",2026
Tamil Nadu,Chennai,1,freelance,10,53,59,owned_bike_on_emi,82,7220,30.2,4900,4400,1550,3200,1700,15750,10400,true,"Synthetic - illustrative ranges, not official statistics",2026
Tamil Nadu,Chennai,1,freelance,10,48,45,owned_bike_paid,82,6290,33.5,3550,3500,1300,0,700,9050,11450,true,"Synthetic - illustrative ranges, not official statistics",2026
Tamil Nadu,Chennai,1,freelance,11,37,7,owned_bike_paid,82,4680,25.7,2500,5450,1500,0,800,10250,5300,true,"Synthetic - illustrative ranges, not official statistics",2026
Tamil Nadu,Chennai,1,freelance,11,35,5,rented_vehicle,82,3440,29.2,5100,4250,1700,2000,1500,14550,150,true,"Synthetic - illustrative ranges, not official statistics",2026
Tamil Nadu,Chennai,1,freelance,11,42,38,owned_bike_on_emi,82,5440,31.2,4000,3900,1550,2800,1500,13750,4800,true,"Synthetic - illustrative ranges, not official statistics",2026
Tamil Nadu,Chennai,1,freelance,11,18,19,owned_bike_paid,82,3020,34.4,2750,3050,1400,0,1000,8200,2750,true,"Synthetic - illustrative ranges, not official statistics",2026
Tamil Nadu,Chennai,1,freelance,11,36,17,owned_bike_on_emi,82,3740,32.0,2150,4600,2100,4200,800,13850,900,true,"Synthetic - illustrative ranges, not official statistics",2026
Tamil Nadu,Chennai,1,freelance,11,40,41,owned_bike_paid,82,5550,32.2,5750,5250,1400,0,1750,14150,5600,true,"Synthetic - illustrative ranges, not official statistics",2026
Tamil Nadu,Chennai,1,freelance,11,36,34,owned_bike_paid,82,4950,26.1,4900,4800,1750,0,800,12250,5400,true,"Synthetic - illustrative ranges, not official statistics",2026
Tamil Nadu,Chennai,1,freelance,11,28,30,owned_bike_on_emi,82,4260,34.3,5350,3750,1750,2400,800,14050,1950,true,"Synthetic - illustrative ranges, not official statistics",2026
Tamil Nadu,Chennai,1,freelance,11,31,58,owned_bike_on_emi,82,4370,32.0,2750,4100,1550,3600,2350,14350,2400,true,"Synthetic - illustrative ranges, not official statistics",2026
Tamil Nadu,Chennai,1,freelance,12,35,3,owned_bike_on_emi,82,4130,29.7,4900,3950,1600,3600,2250,16300,550,true,"Synthetic - illustrative ranges, not official statistics",2026
Tamil Nadu,Chennai,1,freelance,12,25,34,no_vehicle,82,3390,34.5,2800,4150,950,0,2000,9900,2950,true,"Synthetic - illustrative ranges, not official statistics",2026
Tamil Nadu,Chennai,1,freelance,12,28,12,owned_bike_on_emi,82,3540,33.6,2950,3800,1800,4200,500,13250,800,true,"Synthetic - illustrative ranges, not official statistics",2026
Tamil Nadu,Chennai,1,freelance,12,39,17,no_vehicle,82,5260,30.8,6400,3700,1100,0,750,11950,5450,true,"Synthetic - illustrative ranges, not official statistics",2026
Tamil Nadu,Chennai,1,freelance,12,38,11,rented_vehicle,82,5340,30.2,7000,4200,1700,1500,2050,16450,3800,true,"Synthetic - illustrative ranges, not official statistics",2026
Tamil Nadu,Chennai,1,freelance,12,40,21,owned_bike_on_emi,82,5800,27.3,3400,5150,1400,3200,1600,14750,3850,true,"Synthetic - illustrative ranges, not official statistics",2026
Tamil Nadu,Chennai,1,freelance,12,39,31,no_vehicle,82,5420,25.7,3350,3750,1100,0,2150,10350,4700,true,"Synthetic - illustrative ranges, not official statistics",2026
Tamil Nadu,Chennai,1,freelance,12,35,36,owned_bike_on_emi,82,3590,27.1,2950,3850,1550,4200,1200,13750,1150,true,"Synthetic - illustrative ranges, not official statistics",2026
Tamil Nadu,Chennai,1,freelance,12,47,18,no_vehicle,82,3870,34.3,4950,3400,1050,0,2450,11850,2850,true,"Synthetic - illustrative ranges, not official statistics",2026
Karnataka,Bengaluru,1,delivery,1,44,42,owned_bike_on_emi,92,4510,19.0,8050,4700,1400,4200,1500,19850,0,true,"Synthetic - illustrative ranges, not official statistics",2026
Karnataka,Bengaluru,1,delivery,1,54,19,owned_bike_on_emi,92,6130,18.3,2550,4550,1600,3200,2650,14550,5050,true,"Synthetic - illustrative ranges, not official statistics",2026
Karnataka,Bengaluru,1,delivery,1,51,16,owned_bike_paid,92,5710,16.8,7700,4650,1550,0,2600,16500,3650,true,"Synthetic - illustrative ranges, not official statistics",2026
Karnataka,Bengaluru,1,delivery,1,42,14,no_vehicle,92,4370,14.5,10600,3600,1050,0,1250,16500,1300,true,"Synthetic - illustrative ranges, not official statistics",2026
Karnataka,Bengaluru,1,delivery,1,47,22,owned_bike_on_emi,92,4410,19.0,7400,4850,1350,3200,700,17500,750,true,"Synthetic - illustrative ranges, not official statistics",2026
Karnataka,Bengaluru,1,delivery,1,52,3,owned_bike_paid,92,5690,15.0,8950,4350,1750,0,950,16000,5800,true,"Synthetic - illustrative ranges, not official statistics",2026
Karnataka,Bengaluru,1,delivery,1,56,21,owned_bike_paid,92,5770,17.4,3300,5050,1850,0,1100,11300,5500,true,"Synthetic - illustrative ranges, not official statistics",2026
Karnataka,Bengaluru,1,delivery,1,39,12,owned_bike_paid,92,3820,19.1,10400,5000,1600,0,850,17850,0,true,"Synthetic - illustrative ranges, not official statistics",2026
Karnataka,Bengaluru,1,delivery,1,46,20,owned_bike_paid,92,4450,15.7,6350,5350,1200,0,500,13400,3700,true,"Synthetic - illustrative ranges, not official statistics",2026
Karnataka,Bengaluru,1,delivery,2,63,29,owned_bike_on_emi,92,6630,16.9,4300,5150,1350,2400,2550,15750,6150,true,"Synthetic - illustrative ranges, not official statistics",2026
Karnataka,Bengaluru,1,delivery,2,40,8,owned_bike_on_emi,92,3770,17.5,3900,4750,1600,3600,2450,16300,0,true,"Synthetic - illustrative ranges, not official statistics",2026
Karnataka,Bengaluru,1,delivery,2,49,22,owned_bike_on_emi,92,4830,18.8,8550,4700,1500,3200,2150,20100,500,true,"Synthetic - illustrative ranges, not official statistics",2026
Karnataka,Bengaluru,1,delivery,2,57,40,rented_vehicle,92,4720,18.9,4250,4050,1650,2500,1200,13650,3950,true,"Synthetic - illustrative ranges, not official statistics",2026
Karnataka,Bengaluru,1,delivery,2,49,77,owned_bike_on_emi,92,5730,14.8,6100,5000,1250,3200,1200,16750,3600,true,"Synthetic - illustrative ranges, not official statistics",2026
Karnataka,Bengaluru,1,delivery,2,51,23,owned_bike_on_emi,92,4730,15.3,4400,5050,1850,3600,850,15750,3000,true,"Synthetic - illustrative ranges, not official statistics",2026
Karnataka,Bengaluru,1,delivery,2,51,22,owned_bike_paid,92,5550,14.9,4150,4600,2450,0,750,11950,7700,true,"Synthetic - illustrative ranges, not official statistics",2026
Karnataka,Bengaluru,1,delivery,2,55,13,rented_vehicle,92,4400,15.7,5150,4950,1700,2500,1500,15800,2150,true,"Synthetic - illustrative ranges, not official statistics",2026
Karnataka,Bengaluru,1,delivery,2,61,9,owned_bike_on_emi,92,6660,18.0,6600,4250,1800,3200,950,16800,6950,true,"Synthetic - illustrative ranges, not official statistics",2026
Karnataka,Bengaluru,1,delivery,3,36,48,owned_bike_on_emi,92,3900,17.3,9800,4250,1500,3600,1650,20800,0,true,"Synthetic - illustrative ranges, not official statistics",2026
Karnataka,Bengaluru,1,delivery,3,42,25,no_vehicle,92,4360,16.1,7250,4250,1050,0,1100,13650,2650,true,"Synthetic - illustrative ranges, not official statistics",2026
Karnataka,Bengaluru,1,delivery,3,46,26,owned_bike_paid,92,5220,19.5,7950,4000,1700,0,1450,15100,3350,true,"Synthetic - illustrative ranges, not official statistics",2026
Karnataka,Bengaluru,1,delivery,3,53,48,owned_bike_paid,92,5290,15.2,8300,3450,2050,0,1300,15100,4300,true,"Synthetic - illustrative ranges, not official statistics",2026
Karnataka,Bengaluru,1,delivery,3,42,30,owned_bike_on_emi,92,4650,15.2,4100,4150,1850,3200,1400,14700,3150,true,"Synthetic - illustrative ranges, not official statistics",2026
Karnataka,Bengaluru,1,delivery,3,23,26,no_vehicle,92,2450,16.9,4100,5850,1050,0,1500,12500,0,true,"Synthetic - illustrative ranges, not official statistics",2026
Karnataka,Bengaluru,1,delivery,3,28,15,owned_bike_paid,92,3270,16.4,4650,4650,1800,0,1550,12650,700,true,"Synthetic - illustrative ranges, not official statistics",2026
Karnataka,Bengaluru,1,delivery,3,46,42,owned_bike_paid,92,4910,17.0,5150,4600,1800,0,2100,13650,4250,true,"Synthetic - illustrative ranges, not official statistics",2026
Karnataka,Bengaluru,1,delivery,3,47,34,owned_bike_on_emi,92,4540,19.1,9350,4550,1750,2800,2950,21400,0,true,"Synthetic - illustrative ranges, not official statistics",2026
Karnataka,Bengaluru,1,delivery,4,61,96,owned_bike_on_emi,92,6310,17.6,7700,6000,1800,2800,1800,20100,3650,true,"Synthetic - illustrative ranges, not official statistics",2026
Karnataka,Bengaluru,1,delivery,4,35,10,owned_bike_paid,92,3130,17.0,2300,4550,1550,0,2450,10850,1850,true,"Synthetic - illustrative ranges, not official statistics",2026
Karnataka,Bengaluru,1,delivery,4,47,11,owned_bike_paid,92,4580,16.7,4400,5400,1800,0,950,12550,2550,true,"Synthetic - illustrative ranges, not official statistics",2026
Karnataka,Bengaluru,1,delivery,4,48,13,owned_bike_on_emi,92,4470,16.1,8300,6500,1950,2800,2250,21800,0,true,"Synthetic - illustrative ranges, not official statistics",2026
Karnataka,Bengaluru,1,delivery,4,27,16,owned_bike_on_emi,92,2940,15.5,9400,5300,1500,3200,2550,21950,0,true,"Synthetic - illustrative ranges, not official statistics",2026
Karnataka,Bengaluru,1,delivery,4,42,12,rented_vehicle,92,3550,16.6,6900,4950,1750,2000,800,16400,0,true,"Synthetic - illustrative ranges, not official statistics",2026
Karnataka,Bengaluru,1,delivery,4,47,48,owned_bike_paid,92,4850,16.6,5700,5250,1850,0,1500,14300,2750,true,"Synthetic - illustrative ranges, not official statistics",2026
Karnataka,Bengaluru,1,delivery,4,51,14,owned_bike_on_emi,92,4620,16.6,9850,4600,1750,3200,150,19550,300,true,"Synthetic - illustrative ranges, not official statistics",2026
Karnataka,Bengaluru,1,delivery,4,49,50,owned_bike_on_emi,92,5420,14.9,7200,4650,2400,2400,250,16900,2600,true,"Synthetic - illustrative ranges, not official statistics",2026
Karnataka,Bengaluru,1,delivery,5,55,41,owned_bike_on_emi,92,5390,16.7,3750,4700,1750,4200,600,15000,3600,true,"Synthetic - illustrative ranges, not official statistics",2026
Karnataka,Bengaluru,1,delivery,5,50,33,rented_vehicle,92,4070,17.5,4700,4250,1550,2000,1350,13850,1500,true,"Synthetic - illustrative ranges, not official statistics",2026
Karnataka,Bengaluru,1,delivery,5,57,30,no_vehicle,92,4710,16.9,9800,3500,950,0,1650,15900,2650,true,"Synthetic - illustrative ranges, not official statistics",2026
Karnataka,Bengaluru,1,delivery,5,37,22,rented_vehicle,92,3610,15.6,6650,4850,1350,2500,1200,16550,0,true,"Synthetic - illustrative ranges, not official statistics",2026
Karnataka,Bengaluru,1,delivery,5,23,39,no_vehicle,92,2370,15.9,4800,5050,950,0,950,11750,0,true,"Synthetic - illustrative ranges, not official statistics",2026
Karnataka,Bengaluru,1,delivery,5,47,45,owned_bike_on_emi,92,5800,15.2,6900,4750,1700,3200,1000,17550,4300,true,"Synthetic - illustrative ranges, not official statistics",2026
Karnataka,Bengaluru,1,delivery,5,29,76,owned_bike_on_emi,92,2840,18.0,4250,5750,1550,3200,850,15600,0,true,"Synthetic - illustrative ranges, not official statistics",2026
Karnataka,Bengaluru,1,delivery,5,32,6,no_vehicle,92,2840,16.9,2950,3750,900,0,2150,9750,1050,true,"Synthetic - illustrative ranges, not official statistics",2026
Karnataka,Bengaluru,1,delivery,5,35,8,owned_bike_paid,92,3620,16.6,5050,4800,1600,0,1100,12550,1750,true,"Synthetic - illustrative ranges, not official statistics",2026
Karnataka,Bengaluru,1,delivery,6,57,5,no_vehicle,92,5050,19.1,5900,5200,1100,0,750,12950,3700,true,"Synthetic - illustrative ranges, not official statistics",2026
Karnataka,Bengaluru,1,delivery,6,65,25,rented_vehicle,92,4780,17.8,6250,4550,1950,2500,1600,16850,1650,true,"Synthetic - illustrative ranges, not official statistics",2026
Karnataka,Bengaluru,1,delivery,6,50,13,owned_bike_paid,92,4580,15.5,4750,4700,2050,0,1600,13100,4050,true,"Synthetic - illustrative ranges, not official statistics",2026
Karnataka,Bengaluru,1,delivery,6,41,21,owned_bike_paid,92,4230,16.1,3550,4850,1700,0,1350,11450,3450,true,"Synthetic - illustrative ranges, not official statistics",2026
Karnataka,Bengaluru,1,delivery,6,40,15,no_vehicle,92,4130,15.7,4850,5550,1050,0,400,11850,3700,true,"Synthetic - illustrative ranges, not official statistics",2026
Karnataka,Bengaluru,1,delivery,6,45,41,owned_bike_on_emi,92,4150,18.6,4550,5000,2150,4200,1700,17600,150,true,"Synthetic - illustrative ranges, not official statistics",2026
Karnataka,Bengaluru,1,delivery,6,44,13,owned_bike_paid,92,4540,16.3,6500,4500,1650,0,800,13450,3550,true,"Synthetic - illustrative ranges, not official statistics",2026
Karnataka,Bengaluru,1,delivery,6,50,22,owned_bike_paid,92,4510,15.3,3750,5500,2300,0,1250,12800,4050,true,"Synthetic - illustrative ranges, not official statistics",2026
Karnataka,Bengaluru,1,delivery,6,42,36,no_vehicle,92,4140,16.3,7750,4200,950,0,1450,14350,1700,true,"Synthetic - illustrative ranges, not official statistics",2026
Karnataka,Bengaluru,1,delivery,7,26,16,rented_vehicle,92,2700,15.3,5450,5150,1750,1500,400,14250,0,true,"Synthetic - illustrative ranges, not official statistics",2026
Karnataka,Bengaluru,1,delivery,7,51,28,owned_bike_on_emi,92,4650,17.6,3750,4450,1800,2400,1000,13400,3550,true,"Synthetic - illustrative ranges, not official statistics",2026
Karnataka,Bengaluru,1,delivery,7,45,18,owned_bike_paid,92,4780,16.9,5900,5050,1500,0,1400,13850,2900,true,"Synthetic - illustrative ranges, not official statistics",2026
Karnataka,Bengaluru,1,delivery,7,61,30,owned_bike_on_emi,92,6000,16.9,3750,4350,2000,3600,950,14650,7500,true,"Synthetic - illustrative ranges, not official statistics",2026
Karnataka,Bengaluru,1,delivery,7,47,20,owned_bike_on_emi,92,5450,19.2,8650,4750,2000,3200,1700,20300,2300,true,"Synthetic - illustrative ranges, not official statistics",2026
Karnataka,Bengaluru,1,delivery,7,48,11,rented_vehicle,92,3480,15.3,9450,4250,1450,2000,1200,18350,0,true,"Synthetic - illustrative ranges, not official statistics",2026
Karnataka,Bengaluru,1,delivery,7,56,12,owned_bike_paid,92,5380,17.2,7150,4800,1450,0,1800,15200,2900,true,"Synthetic - illustrative ranges, not official statistics",2026
Karnataka,Bengaluru,1,delivery,7,50,2,rented_vehicle,92,4780,15.3,3500,6050,1650,1500,1250,13950,2950,true,"Synthetic - illustrative ranges, not official statistics",2026
Karnataka,Bengaluru,1,delivery,7,42,9,owned_bike_on_emi,92,4190,16.5,8500,4250,1500,2800,500,17550,400,true,"Synthetic - illustrative ranges, not official statistics",2026
Karnataka,Bengaluru,1,delivery,8,37,23,owned_bike_on_emi,92,4500,15.4,6600,4250,1500,3200,2000,17550,700,true,"Synthetic - illustrative ranges, not official statistics",2026
Karnataka,Bengaluru,1,delivery,8,55,17,owned_bike_paid,92,5490,15.9,4400,5300,2200,0,1600,13500,4100,true,"Synthetic - illustrative ranges, not official statistics",2026
Karnataka,Bengaluru,1,delivery,8,53,26,rented_vehicle,92,4870,18.3,7000,5100,2100,2000,1400,17600,2200,true,"Synthetic - illustrative ranges, not official statistics",2026
Karnataka,Bengaluru,1,delivery,8,48,6,owned_bike_paid,92,4980,18.9,4900,5100,1650,0,150,11800,4550,true,"Synthetic - illustrative ranges, not official statistics",2026
Karnataka,Bengaluru,1,delivery,8,48,65,no_vehicle,92,4850,19.3,9850,4850,1250,0,1700,17650,2050,true,"Synthetic - illustrative ranges, not official statistics",2026
Karnataka,Bengaluru,1,delivery,8,43,2,owned_bike_on_emi,92,5010,18.3,4700,4400,1300,3600,1950,15950,3350,true,"Synthetic - illustrative ranges, not official statistics",2026
Karnataka,Bengaluru,1,delivery,8,44,9,owned_bike_on_emi,92,5480,16.0,5700,4450,1550,2800,1150,15650,5650,true,"Synthetic - illustrative ranges, not official statistics",2026
Karnataka,Bengaluru,1,delivery,8,39,27,owned_bike_on_emi,92,4620,17.7,7750,4850,1850,2400,1600,18450,600,true,"Synthetic - illustrative ranges, not official statistics",2026
Karnataka,Bengaluru,1,delivery,8,38,14,owned_bike_on_emi,92,3860,16.3,6550,3950,1650,4200,500,16850,0,true,"Synthetic - illustrative ranges, not official statistics",2026
Karnataka,Bengaluru,1,delivery,9,51,39,rented_vehicle,92,5100,17.8,6800,5550,1950,2500,1900,18700,2050,true,"Synthetic - illustrative ranges, not official statistics",2026
Karnataka,Bengaluru,1,delivery,9,56,31,rented_vehicle,92,5300,14.8,3600,3950,1550,1500,3000,13600,5400,true,"Synthetic - illustrative ranges, not official statistics",2026
Karnataka,Bengaluru,1,delivery,9,50,12,no_vehicle,92,4650,17.9,4300,5450,1050,0,4650,15450,2700,true,"Synthetic - illustrative ranges, not official statistics",2026
Karnataka,Bengaluru,1,delivery,9,47,59,rented_vehicle,92,5000,19.2,3100,4150,1350,1500,1550,11650,5100,true,"Synthetic - illustrative ranges, not official statistics",2026
Karnataka,Bengaluru,1,delivery,9,40,21,owned_bike_paid,92,4540,16.4,6750,5500,1550,0,1600,15400,1800,true,"Synthetic - illustrative ranges, not official statistics",2026
Karnataka,Bengaluru,1,delivery,9,44,16,owned_bike_paid,92,4680,16.8,3250,5000,1800,0,700,10750,5750,true,"Synthetic - illustrative ranges, not official statistics",2026
Karnataka,Bengaluru,1,delivery,9,51,10,owned_bike_paid,92,5060,19.2,4800,4800,1850,0,1500,12950,5700,true,"Synthetic - illustrative ranges, not official statistics",2026
Karnataka,Bengaluru,1,delivery,9,57,62,rented_vehicle,92,5320,18.6,9450,4250,1450,2500,1550,19200,1500,true,"Synthetic - illustrative ranges, not official statistics",2026
Karnataka,Bengaluru,1,delivery,9,54,56,owned_bike_on_emi,92,6340,17.2,3550,4350,1700,2400,3000,15000,8400,true,"Synthetic - illustrative ranges, not official statistics",2026
Karnataka,Bengaluru,1,delivery,10,51,31,owned_bike_on_emi,92,6490,17.1,6400,5350,1800,3200,2100,18850,3700,true,"Synthetic - illustrative ranges, not official statistics",2026
Karnataka,Bengaluru,1,delivery,10,31,21,no_vehicle,92,4240,16.3,8250,4500,1050,0,1100,14900,1650,true,"Synthetic - illustrative ranges, not official statistics",2026
Karnataka,Bengaluru,1,delivery,10,47,16,owned_bike_on_emi,92,5270,16.0,10350,4950,2300,4200,2750,24550,0,true,"Synthetic - illustrative ranges, not official statistics",2026
Karnataka,Bengaluru,1,delivery,10,50,22,owned_bike_paid,92,6080,15.0,3800,5650,1600,0,1050,12100,7900,true,"Synthetic - illustrative ranges, not official statistics",2026
Karnataka,Bengaluru,1,delivery,10,42,30,owned_bike_on_emi,92,4400,17.9,7300,4650,2150,2800,500,17400,850,true,"Synthetic - illustrative ranges, not official statistics",2026
Karnataka,Bengaluru,1,delivery,10,50,36,owned_bike_on_emi,92,6170,17.5,9150,5550,1600,4200,550,21050,2550,true,"Synthetic - illustrative ranges, not official statistics",2026
Karnataka,Bengaluru,1,delivery,10,35,23,owned_bike_paid,92,4450,15.9,5600,5350,2100,0,450,13500,2950,true,"Synthetic - illustrative ranges, not official statistics",2026
Karnataka,Bengaluru,1,delivery,10,38,44,rented_vehicle,92,4160,15.3,8500,4400,1750,2000,1950,18600,0,true,"Synthetic - illustrative ranges, not official statistics",2026
Karnataka,Bengaluru,1,delivery,10,39,47,owned_bike_on_emi,92,4630,17.9,7500,5100,1700,2800,1750,18850,850,true,"Synthetic - illustrative ranges, not official statistics",2026
Karnataka,Bengaluru,1,delivery,11,35,22,owned_bike_paid,92,3980,16.6,3950,4250,1500,0,1600,11300,3350,true,"Synthetic - illustrative ranges, not official statistics",2026
Karnataka,Bengaluru,1,delivery,11,55,34,owned_bike_paid,92,6100,19.1,6500,5300,2100,0,1450,15350,7350,true,"Synthetic - illustrative ranges, not official statistics",2026
Karnataka,Bengaluru,1,delivery,11,51,17,owned_bike_paid,92,5060,16.7,8400,4250,1900,0,900,15450,2750,true,"Synthetic - illustrative ranges, not official statistics",2026
Karnataka,Bengaluru,1,delivery,11,54,77,owned_bike_paid,92,5940,16.0,4400,4700,1550,0,1800,12450,4900,true,"Synthetic - illustrative ranges, not official statistics",2026
Karnataka,Bengaluru,1,delivery,11,53,12,owned_bike_on_emi,92,5040,18.4,6750,4300,1550,4200,600,17400,2800,true,"Synthetic - illustrative ranges, not official statistics",2026
Karnataka,Bengaluru,1,delivery,11,48,5,owned_bike_paid,92,4820,18.5,7700,5300,1450,0,1700,16150,3150,true,"Synthetic - illustrative ranges, not official statistics",2026
Karnataka,Bengaluru,1,delivery,11,46,6,owned_bike_on_emi,92,4750,18.9,7550,5150,1700,3200,1450,19050,850,true,"Synthetic - illustrative ranges, not official statistics",2026
Karnataka,Bengaluru,1,delivery,11,52,7,no_vehicle,92,5710,16.6,3150,5850,1300,0,1950,12250,6900,true,"Synthetic - illustrative ranges, not official statistics",2026
Karnataka,Bengaluru,1,delivery,11,46,35,rented_vehicle,92,4760,18.8,7900,4500,1400,2500,2550,18850,1150,true,"Synthetic - illustrative ranges, not official statistics",2026
Karnataka,Bengaluru,1,delivery,12,41,33,owned_bike_on_emi,92,4620,19.5,7850,4600,1350,3600,2050,19450,300,true,"Synthetic - illustrative ranges, not official statistics",2026
Karnataka,Bengaluru,1,delivery,12,41,47,rented_vehicle,92,4940,18.9,6400,4900,1550,1500,1800,16150,3300,true,"Synthetic - illustrative ranges, not official statistics",2026
Karnataka,Bengaluru,1,delivery,12,49,44,owned_bike_on_emi,92,5790,16.4,4400,4950,1600,3200,2250,16400,5800,true,"Synthetic - illustrative ranges, not official statistics",2026
Karnataka,Bengaluru,1,delivery,12,37,19,no_vehicle,92,4270,18.3,8800,4400,1250,0,1750,16200,1100,true,"Synthetic - illustrative ranges, not official statistics",2026
Karnataka,Bengaluru,1,delivery,12,48,32,owned_bike_on_emi,92,5660,18.3,5800,5550,1800,4200,2850,20200,2050,true,"Synthetic - illustrative ranges, not official statistics",2026
Karnataka,Bengaluru,1,delivery,12,55,23,owned_bike_paid,92,6470,16.8,4850,4550,1300,0,1700,12400,10900,true,"Synthetic - illustrative ranges, not official statistics",2026
Karnataka,Bengaluru,1,delivery,12,35,11,no_vehicle,92,3940,17.6,3650,5150,950,0,1100,10850,3850,true,"Synthetic - illustrative ranges, not official statistics",2026
Karnataka,Bengaluru,1,delivery,12,49,30,owned_bike_paid,92,5530,14.8,4450,5000,1650,0,850,11950,7700,true,"Synthetic - illustrative ranges, not official statistics",2026
Karnataka,Bengaluru,1,delivery,12,48,18,rented_vehicle,92,3840,18.1,4050,5300,1550,2000,1000,13900,1750,true,"Synthetic - illustrative ranges, not official statistics",2026
Karnataka,Bengaluru,1,ride_hailing,1,64,57,rented_vehicle,92,8880,17.6,3600,5700,1900,2000,3200,16400,11950,true,"Synthetic - illustrative ranges, not official statistics",2026
Karnataka,Bengaluru,1,ride_hailing,1,37,18,owned_bike_on_emi,92,4740,21.7,6500,5400,1800,2400,750,16850,1400,true,"Synthetic - illustrative ranges, not official statistics",2026
Karnataka,Bengaluru,1,ride_hailing,1,70,5,owned_bike_on_emi,92,7390,20.9,5400,4900,1900,4200,1200,17600,5200,true,"Synthetic - illustrative ranges, not official statistics",2026
Karnataka,Bengaluru,1,ride_hailing,1,38,14,rented_vehicle,92,3310,20.6,7650,4800,1600,2000,1500,17550,0,true,"Synthetic - illustrative ranges, not official statistics",2026
Karnataka,Bengaluru,1,ride_hailing,1,58,50,owned_bike_on_emi,92,8060,17.5,4350,4000,1500,2400,1150,13400,13850,true,"Synthetic - illustrative ranges, not official statistics",2026
Karnataka,Bengaluru,1,ride_hailing,1,61,10,no_vehicle,92,6890,17.8,8000,6400,1100,0,850,16350,4850,true,"Synthetic - illustrative ranges, not official statistics",2026
Karnataka,Bengaluru,1,ride_hailing,1,48,67,owned_bike_paid,92,7390,20.6,8350,5500,2500,0,1400,17750,6300,true,"Synthetic - illustrative ranges, not official statistics",2026
Karnataka,Bengaluru,1,ride_hailing,1,47,18,owned_bike_on_emi,92,5470,17.3,4500,5100,1500,3200,2300,16600,4650,true,"Synthetic - illustrative ranges, not official statistics",2026
Karnataka,Bengaluru,1,ride_hailing,1,60,9,owned_bike_on_emi,92,6730,17.9,7850,5050,1600,2400,550,17450,6500,true,"Synthetic - illustrative ranges, not official statistics",2026
Karnataka,Bengaluru,1,ride_hailing,2,48,9,owned_bike_on_emi,92,5020,20.3,6150,5150,1950,3200,950,17400,2500,true,"Synthetic - illustrative ranges, not official statistics",2026
Karnataka,Bengaluru,1,ride_hailing,2,54,17,owned_bike_on_emi,92,6220,21.8,5600,5400,2500,3200,1000,17700,5250,true,"Synthetic - illustrative ranges, not official statistics",2026
Karnataka,Bengaluru,1,ride_hailing,2,53,11,no_vehicle,92,6800,22.0,3350,4050,950,0,1050,9400,10800,true,"Synthetic - illustrative ranges, not official statistics",2026
Karnataka,Bengaluru,1,ride_hailing,2,57,45,owned_bike_on_emi,92,7250,20.5,5350,5200,1350,3600,1050,16550,7150,true,"Synthetic - illustrative ranges, not official statistics",2026
Karnataka,Bengaluru,1,ride_hailing,2,62,52,owned_bike_paid,92,8320,21.2,4150,4650,2050,0,1550,12400,14550,true,"Synthetic - illustrative ranges, not official statistics",2026
Karnataka,Bengaluru,1,ride_hailing,2,53,23,owned_bike_on_emi,92,6040,22.0,4100,5500,2000,4200,1000,16800,6150,true,"Synthetic - illustrative ranges, not official statistics",2026
Karnataka,Bengaluru,1,ride_hailing,2,64,30,no_vehicle,92,7470,18.3,5200,6100,1200,0,1250,13750,8350,true,"Synthetic - illustrative ranges, not official statistics",2026
Karnataka,Bengaluru,1,ride_hailing,2,55,32,rented_vehicle,92,5860,17.2,7750,4650,1700,2500,1700,18300,3050,true,"Synthetic - illustrative ranges, not official statistics",2026
Karnataka,Bengaluru,1,ride_hailing,2,56,20,rented_vehicle,92,5870,18.4,7750,4650,1650,2000,2650,18700,3500,true,"Synthetic - illustrative ranges, not official statistics",2026
Karnataka,Bengaluru,1,ride_hailing,3,44,21,owned_bike_on_emi,92,5630,17.2,4150,4650,1700,3600,600,14700,4050,true,"Synthetic - illustrative ranges, not official statistics",2026
Karnataka,Bengaluru,1,ride_hailing,3,56,3,rented_vehicle,92,4140,22.8,9250,5300,1500,2000,2000,20050,0,true,"Synthetic - illustrative ranges, not official statistics",2026
Karnataka,Bengaluru,1,ride_hailing,3,37,31,owned_bike_on_emi,92,4460,20.6,4300,5550,1600,4200,2500,18150,550,true,"Synthetic - illustrative ranges, not official statistics",2026
Karnataka,Bengaluru,1,ride_hailing,3,45,21,no_vehicle,92,5910,21.1,7800,4750,1250,0,1200,15000,5050,true,"Synthetic - illustrative ranges, not official statistics",2026
Karnataka,Bengaluru,1,ride_hailing,3,40,12,owned_bike_on_emi,92,4910,18.5,8500,5150,1650,4200,950,20450,400,true,"Synthetic - illustrative ranges, not official statistics",2026
Karnataka,Bengaluru,1,ride_hailing,3,59,28,owned_bike_paid,92,6170,22.5,7900,4900,1400,0,1350,15550,5200,true,"Synthetic - illustrative ranges, not official statistics",2026
Karnataka,Bengaluru,1,ride_hailing,3,28,34,owned_bike_paid,92,3840,20.4,8100,5200,1900,0,1250,16450,100,true,"Synthetic - illustrative ranges, not official statistics",2026
Karnataka,Bengaluru,1,ride_hailing,3,39,48,rented_vehicle,92,3960,21.2,4450,4100,1850,2000,850,13250,2700,true,"Synthetic - illustrative ranges, not official statistics",2026
Karnataka,Bengaluru,1,ride_hailing,3,64,60,owned_bike_on_emi,92,7710,20.7,4350,4350,1900,2800,3100,16500,9600,true,"Synthetic - illustrative ranges, not official statistics",2026
Karnataka,Bengaluru,1,ride_hailing,4,58,22,owned_bike_paid,92,7460,20.4,3700,4550,1400,0,2950,12600,10350,true,"Synthetic - illustrative ranges, not official statistics",2026
Karnataka,Bengaluru,1,ride_hailing,4,57,14,owned_bike_paid,92,7370,21.2,3500,4900,1850,0,2550,12800,10250,true,"Synthetic - illustrative ranges, not official statistics",2026
Karnataka,Bengaluru,1,ride_hailing,4,42,9,owned_bike_on_emi,92,5410,19.9,4800,3500,2300,2400,3000,16000,4950,true,"Synthetic - illustrative ranges, not official statistics",2026
Karnataka,Bengaluru,1,ride_hailing,4,54,8,owned_bike_on_emi,92,6660,18.0,4250,4400,1750,2800,550,13750,9450,true,"Synthetic - illustrative ranges, not official statistics",2026
Karnataka,Bengaluru,1,ride_hailing,4,60,46,owned_bike_paid,92,7510,17.7,7200,4500,2200,0,1400,15300,9950,true,"Synthetic - illustrative ranges, not official statistics",2026
Karnataka,Bengaluru,1,ride_hailing,4,62,12,owned_bike_on_emi,92,7080,18.3,4100,5700,1400,2400,950,14550,8250,true,"Synthetic - illustrative ranges, not official statistics",2026
Karnataka,Bengaluru,1,ride_hailing,4,59,18,rented_vehicle,92,6540,22.0,4950,5050,1650,2500,1100,15250,4950,true,"Synthetic - illustrative ranges, not official statistics",2026
Karnataka,Bengaluru,1,ride_hailing,4,57,22,owned_bike_on_emi,92,6600,18.7,4800,5000,2300,3600,1900,17600,6300,true,"Synthetic - illustrative ranges, not official statistics",2026
Karnataka,Bengaluru,1,ride_hailing,4,35,55,owned_bike_paid,92,4480,22.1,6700,4700,2200,0,3050,16650,1100,true,"Synthetic - illustrative ranges, not official statistics",2026
Karnataka,Bengaluru,1,ride_hailing,5,59,28,owned_bike_paid,92,6400,20.6,5900,5200,1150,0,1150,13400,5550,true,"Synthetic - illustrative ranges, not official statistics",2026
Karnataka,Bengaluru,1,ride_hailing,5,49,7,owned_bike_paid,92,4940,21.3,4600,4200,1700,0,1850,12350,3650,true,"Synthetic - illustrative ranges, not official statistics",2026
Karnataka,Bengaluru,1,ride_hailing,5,40,27,owned_bike_paid,92,4710,18.6,3700,4100,1650,0,950,10400,5000,true,"Synthetic - illustrative ranges, not official statistics",2026
Karnataka,Bengaluru,1,ride_hailing,5,46,25,owned_bike_paid,92,5500,21.2,7350,3950,2100,0,800,14200,5250,true,"Synthetic - illustrative ranges, not official statistics",2026
Karnataka,Bengaluru,1,ride_hailing,5,51,13,rented_vehicle,92,5110,21.0,8600,4800,1550,1500,1900,18350,2450,true,"Synthetic - illustrative ranges, not official statistics",2026
Karnataka,Bengaluru,1,ride_hailing,5,52,39,owned_bike_on_emi,92,6250,21.8,8750,4750,1700,4200,1150,20550,4000,true,"Synthetic - illustrative ranges, not official statistics",2026
Karnataka,Bengaluru,1,ride_hailing,5,50,6,owned_bike_on_emi,92,6180,18.3,4550,5550,2150,2800,2200,17250,5500,true,"Synthetic - illustrative ranges, not official statistics",2026
Karnataka,Bengaluru,1,ride_hailing,5,53,18,no_vehicle,92,5600,21.0,7850,4200,1000,0,650,13700,5650,true,"Synthetic - illustrative ranges, not official statistics",2026
Karnataka,Bengaluru,1,ride_hailing,5,49,13,owned_bike_on_emi,92,5750,20.0,9100,4700,1800,2800,1600,20000,2400,true,"Synthetic - illustrative ranges, not official statistics",2026
Karnataka,Bengaluru,1,ride_hailing,6,57,67,owned_bike_paid,92,7660,21.6,5750,4200,1750,0,550,12250,12350,true,"Synthetic - illustrative ranges, not official statistics",2026
Karnataka,Bengaluru,1,ride_hailing,6,45,14,owned_bike_on_emi,92,4970,21.3,3800,4150,1750,2400,1950,14050,4550,true,"Synthetic - illustrative ranges, not official statistics",2026
Karnataka,Bengaluru,1,ride_hailing,6,50,8,owned_bike_on_emi,92,4740,21.7,5300,4600,2050,3600,1600,17150,1250,true,"Synthetic - illustrative ranges, not official statistics",2026
Karnataka,Bengaluru,1,ride_hailing,6,56,71,rented_vehicle,92,5880,22.9,3950,4050,1650,2500,1300,13450,4300,true,"Synthetic - illustrative ranges, not official statistics",2026
Karnataka,Bengaluru,1,ride_hailing,6,51,16,owned_bike_on_emi,92,6930,22.3,7800,3900,1350,2800,1450,17300,7000,true,"Synthetic - illustrative ranges, not official statistics",2026
Karnataka,Bengaluru,1,ride_hailing,6,50,11,owned_bike_on_emi,92,5140,21.4,4600,4650,1850,3200,1200,15500,3450,true,"Synthetic - illustrative ranges, not official statistics",2026
Karnataka,Bengaluru,1,ride_hailing,6,47,64,no_vehicle,92,6620,18.6,9150,5450,1350,0,1050,17000,4400,true,"Synthetic - illustrative ranges, not official statistics",2026
Karnataka,Bengaluru,1,ride_hailing,6,65,9,owned_bike_paid,92,7610,20.1,6400,4850,1550,0,1300,14100,12700,true,"Synthetic - illustrative ranges, not official statistics",2026
Karnataka,Bengaluru,1,ride_hailing,6,51,16,owned_bike_paid,92,5200,22.1,4100,5750,1350,0,900,12100,5050,true,"Synthetic - illustrative ranges, not official statistics",2026
Karnataka,Bengaluru,1,ride_hailing,7,55,23,owned_bike_paid,92,7800,22.4,3100,5250,2000,0,700,11050,12850,true,"Synthetic - illustrative ranges, not official statistics",2026
Karnataka,Bengaluru,1,ride_hailing,7,58,16,owned_bike_paid,92,6530,18.1,5050,4250,1600,0,450,11350,10350,true,"Synthetic - illustrative ranges, not official statistics",2026
Karnataka,Bengaluru,1,ride_hailing,7,67,21,no_vehicle,92,6010,17.6,7850,5750,1200,0,450,15250,4800,true,"Synthetic - illustrative ranges, not official statistics",2026
Karnataka,Bengaluru,1,ride_hailing,7,53,19,owned_bike_on_emi,92,6710,20.1,8800,5250,2100,3200,1300,20650,3700,true,"Synthetic - illustrative ranges, not official statistics",2026
Karnataka,Bengaluru,1,ride_hailing,7,65,66,owned_bike_paid,92,10040,22.5,8650,4600,1800,0,1200,16250,9650,true,"Synthetic - illustrative ranges, not official statistics",2026
Karnataka,Bengaluru,1,ride_hailing,7,48,43,rented_vehicle,92,5560,21.8,4300,4150,1900,1500,1300,13150,6500,true,"Synthetic - illustrative ranges, not official statistics",2026
Karnataka,Bengaluru,1,ride_hailing,7,53,26,owned_bike_on_emi,92,6100,21.0,7550,4500,1650,4200,850,18750,5350,true,"Synthetic - illustrative ranges, not official statistics",2026
Karnataka,Bengaluru,1,ride_hailing,7,47,22,owned_bike_paid,92,5500,21.3,8950,4200,1700,0,1300,16150,3350,true,"Synthetic - illustrative ranges, not official statistics",2026
Karnataka,Bengaluru,1,ride_hailing,7,55,91,no_vehicle,92,10090,17.2,5150,5400,950,0,1300,12800,20450,true,"Synthetic - illustrative ranges, not official statistics",2026
Karnataka,Bengaluru,1,ride_hailing,8,46,31,owned_bike_paid,92,5200,17.4,6350,5050,1750,0,2000,15150,3750,true,"Synthetic - illustrative ranges, not official statistics",2026
Karnataka,Bengaluru,1,ride_hailing,8,53,49,owned_bike_on_emi,92,8350,19.8,3150,4650,2000,4200,2500,16500,7700,true,"Synthetic - illustrative ranges, not official statistics",2026
Karnataka,Bengaluru,1,ride_hailing,8,42,19,owned_bike_paid,92,5840,22.0,4250,4550,1700,0,1200,11700,8250,true,"Synthetic - illustrative ranges, not official statistics",2026
Karnataka,Bengaluru,1,ride_hailing,8,52,8,owned_bike_paid,92,5850,21.8,7700,4650,1600,0,1100,15050,5700,true,"Synthetic - illustrative ranges, not official statistics",2026
Karnataka,Bengaluru,1,ride_hailing,8,48,54,owned_bike_on_emi,92,5970,17.6,4300,4400,2050,2800,600,14150,4150,true,"Synthetic - illustrative ranges, not official statistics",2026
Karnataka,Bengaluru,1,ride_hailing,8,37,4,owned_bike_paid,92,4420,22.3,7800,4700,1600,0,1850,15950,2000,true,"Synthetic - illustrative ranges, not official statistics",2026
Karnataka,Bengaluru,1,ride_hailing,8,55,70,owned_bike_paid,92,7000,19.1,7000,4700,1450,0,2200,15350,7300,true,"Synthetic - illustrative ranges, not official statistics",2026
Karnataka,Bengaluru,1,ride_hailing,8,53,38,owned_bike_paid,92,7000,17.4,5050,3550,1450,0,1150,11200,10800,true,"Synthetic - illustrative ranges, not official statistics",2026
Karnataka,Bengaluru,1,ride_hailing,8,52,22,rented_vehicle,92,5710,21.6,6400,6400,1800,2000,800,17400,4000,true,"Synthetic - illustrative ranges, not official statistics",2026
Karnataka,Bengaluru,1,ride_hailing,9,47,13,owned_bike_paid,92,5470,21.7,6150,4700,1600,0,1350,13800,4950,true,"Synthetic - illustrative ranges, not official statistics",2026
Karnataka,Bengaluru,1,ride_hailing,9,50,14,owned_bike_on_emi,92,6100,17.2,4000,4250,1350,2400,950,12950,7000,true,"Synthetic - illustrative ranges, not official statistics",2026
Karnataka,Bengaluru,1,ride_hailing,9,62,16,no_vehicle,92,6020,17.3,6250,3450,1000,0,800,11500,5950,true,"Synthetic - illustrative ranges, not official statistics",2026
Karnataka,Bengaluru,1,ride_hailing,9,51,10,rented_vehicle,92,4720,23.0,5850,4450,1650,2500,1000,15450,3400,true,"Synthetic - illustrative ranges, not official statistics",2026
Karnataka,Bengaluru,1,ride_hailing,9,39,6,owned_bike_on_emi,92,3970,20.2,8650,5750,2250,2800,1500,20950,0,true,"Synthetic - illustrative ranges, not official statistics",2026
Karnataka,Bengaluru,1,ride_hailing,9,43,18,rented_vehicle,92,5300,19.0,4000,4100,2150,1500,650,12400,3800,true,"Synthetic - illustrative ranges, not official statistics",2026
Karnataka,Bengaluru,1,ride_hailing,9,58,62,rented_vehicle,92,6900,18.9,3350,4200,1600,2500,350,12000,10150,true,"Synthetic - illustrative ranges, not official statistics",2026
Karnataka,Bengaluru,1,ride_hailing,9,47,6,owned_bike_on_emi,92,6350,19.9,4400,3900,1950,2800,1150,14200,6150,true,"Synthetic - illustrative ranges, not official statistics",2026
Karnataka,Bengaluru,1,ride_hailing,9,57,72,no_vehicle,92,6780,20.6,3650,4350,1250,0,1550,10800,8300,true,"Synthetic - illustrative ranges, not official statistics",2026
Karnataka,Bengaluru,1,ride_hailing,10,51,17,owned_bike_paid,92,6230,20.4,8350,5100,1600,0,600,15650,6850,true,"Synthetic - illustrative ranges, not official statistics",2026
Karnataka,Bengaluru,1,ride_hailing,10,48,18,no_vehicle,92,6050,21.6,10250,5950,850,0,1550,18600,3700,true,"Synthetic - illustrative ranges, not official statistics",2026
Karnataka,Bengaluru,1,ride_hailing,10,42,48,no_vehicle,92,5550,19.2,9750,4800,850,0,2450,17850,3350,true,"Synthetic - illustrative ranges, not official statistics",2026
Karnataka,Bengaluru,1,ride_hailing,10,46,5,owned_bike_paid,92,5740,18.5,4850,4850,2250,0,1000,12950,5650,true,"Synthetic - illustrative ranges, not official statistics",2026
Karnataka,Bengaluru,1,ride_hailing,10,48,47,rented_vehicle,92,6730,20.6,4250,4400,1900,2000,1450,14000,8650,true,"Synthetic - illustrative ranges, not official statistics",2026
Karnataka,Bengaluru,1,ride_hailing,10,53,24,owned_bike_on_emi,92,7300,21.5,4150,4250,2400,2800,2000,15600,10450,true,"Synthetic - illustrative ranges, not official statistics",2026
Karnataka,Bengaluru,1,ride_hailing,10,31,16,owned_bike_paid,92,4540,17.0,4400,5050,1700,0,1450,12600,4900,true,"Synthetic - illustrative ranges, not official statistics",2026
Karnataka,Bengaluru,1,ride_hailing,10,66,11,owned_bike_paid,92,8010,20.1,5050,3500,1050,0,2200,11800,8800,true,"Synthetic - illustrative ranges, not official statistics",2026
Karnataka,Bengaluru,1,ride_hailing,10,67,23,no_vehicle,92,8760,22.3,6450,6300,1100,0,1200,15050,13900,true,"Synthetic - illustrative ranges, not official statistics",2026
Karnataka,Bengaluru,1,ride_hailing,11,49,33,owned_bike_on_emi,92,7300,19.2,3000,4750,2000,3200,1150,14100,7500,true,"Synthetic - illustrative ranges, not official statistics",2026
Karnataka,Bengaluru,1,ride_hailing,11,48,23,no_vehicle,92,6310,21.9,8650,4650,1050,0,1150,15500,5700,true,"Synthetic - illustrative ranges, not official statistics",2026
Karnataka,Bengaluru,1,ride_hailing,11,43,17,rented_vehicle,92,5030,17.7,6650,4600,1400,2000,650,15300,4500,true,"Synthetic - illustrative ranges, not official statistics",2026
Karnataka,Bengaluru,1,ride_hailing,11,46,32,rented_vehicle,92,5050,22.0,3800,6350,1850,1500,1700,15200,3650,true,"Synthetic - illustrative ranges, not official statistics",2026
Karnataka,Bengaluru,1,ride_hailing,11,50,16,owned_bike_paid,92,7640,17.3,6050,5450,1700,0,700,13900,8550,true,"Synthetic - illustrative ranges, not official statistics",2026
Karnataka,Bengaluru,1,ride_hailing,11,53,6,owned_bike_on_emi,92,6790,18.4,5750,4400,1550,2400,1100,15200,8400,true,"Synthetic - illustrative ranges, not official statistics",2026
Karnataka,Bengaluru,1,ride_hailing,11,47,30,no_vehicle,92,8060,21.0,4300,5250,1300,0,2800,13650,10800,true,"Synthetic - illustrative ranges, not official statistics",2026
Karnataka,Bengaluru,1,ride_hailing,11,51,17,rented_vehicle,92,5760,21.3,3150,4650,1800,2000,1400,13000,7750,true,"Synthetic - illustrative ranges, not official statistics",2026
Karnataka,Bengaluru,1,ride_hailing,11,60,27,owned_bike_paid,92,7680,18.2,4800,5150,1850,0,2950,14750,12650,true,"Synthetic - illustrative ranges, not official statistics",2026
Karnataka,Bengaluru,1,ride_hailing,12,48,7,owned_bike_paid,92,5280,20.3,8550,4150,1550,0,1450,15700,3750,true,"Synthetic - illustrative ranges, not official statistics",2026
Karnataka,Bengaluru,1,ride_hailing,12,60,18,owned_bike_on_emi,92,7880,17.4,3000,4400,1650,3600,800,13450,9800,true,"Synthetic - illustrative ranges, not official statistics",2026
Karnataka,Bengaluru,1,ride_hailing,12,49,20,owned_bike_on_emi,92,6070,21.2,7150,4450,2100,2800,750,17250,5950,true,"Synthetic - illustrative ranges, not official statistics",2026
Karnataka,Bengaluru,1,ride_hailing,12,47,40,no_vehicle,92,7520,21.0,4700,5100,1000,0,2600,13400,12000,true,"Synthetic - illustrative ranges, not official statistics",2026
Karnataka,Bengaluru,1,ride_hailing,12,42,34,rented_vehicle,92,4440,17.6,7750,3700,2300,2500,950,17200,1200,true,"Synthetic - illustrative ranges, not official statistics",2026
Karnataka,Bengaluru,1,ride_hailing,12,54,46,no_vehicle,92,7910,19.9,10400,3850,1500,0,900,16650,10000,true,"Synthetic - illustrative ranges, not official statistics",2026
Karnataka,Bengaluru,1,ride_hailing,12,46,36,rented_vehicle,92,5840,22.1,4400,4750,1800,2500,1900,15350,5250,true,"Synthetic - illustrative ranges, not official statistics",2026
Karnataka,Bengaluru,1,ride_hailing,12,33,35,owned_bike_paid,92,4930,17.3,9250,4700,1950,0,1850,17750,1950,true,"Synthetic - illustrative ranges, not official statistics",2026
Karnataka,Bengaluru,1,ride_hailing,12,58,22,owned_bike_paid,92,8070,20.7,6950,5550,1400,0,1200,15100,11500,true,"Synthetic - illustrative ranges, not official statistics",2026
Karnataka,Bengaluru,1,freelance,1,25,35,owned_bike_on_emi,92,3330,27.9,4050,5150,1850,3600,700,15350,0,true,"Synthetic - illustrative ranges, not official statistics",2026
Karnataka,Bengaluru,1,freelance,1,24,21,no_vehicle,92,2960,30.3,3050,4900,800,0,1450,10200,1350,true,"Synthetic - illustrative ranges, not official statistics",2026
Karnataka,Bengaluru,1,freelance,1,29,11,owned_bike_on_emi,92,3660,29.6,7350,4600,2500,2800,900,18150,0,true,"Synthetic - illustrative ranges, not official statistics",2026
Karnataka,Bengaluru,1,freelance,1,42,10,owned_bike_paid,92,4540,33.5,9850,5400,1800,0,950,18000,700,true,"Synthetic - illustrative ranges, not official statistics",2026
Karnataka,Bengaluru,1,freelance,1,50,42,no_vehicle,92,6410,28.3,6200,4950,950,0,1450,13550,5250,true,"Synthetic - illustrative ranges, not official statistics",2026
Karnataka,Bengaluru,1,freelance,1,37,6,owned_bike_on_emi,92,4260,26.8,7200,5800,2100,2800,1500,19400,0,true,"Synthetic - illustrative ranges, not official statistics",2026
Karnataka,Bengaluru,1,freelance,1,34,29,rented_vehicle,92,3950,33.1,8350,5250,1500,2500,900,18500,0,true,"Synthetic - illustrative ranges, not official statistics",2026
Karnataka,Bengaluru,1,freelance,1,30,54,owned_bike_on_emi,92,3500,26.6,8700,5250,1850,3600,1250,20650,0,true,"Synthetic - illustrative ranges, not official statistics",2026
Karnataka,Bengaluru,1,freelance,1,42,12,owned_bike_on_emi,92,4080,34.5,7800,4300,1350,4200,1000,18650,0,true,"Synthetic - illustrative ranges, not official statistics",2026
Karnataka,Bengaluru,1,freelance,2,36,37,owned_bike_on_emi,92,4440,32.1,6700,4150,1850,4200,700,17600,1000,true,"Synthetic - illustrative ranges, not official statistics",2026
Karnataka,Bengaluru,1,freelance,2,27,13,rented_vehicle,92,3840,27.2,4600,4650,2000,2000,1500,14750,1150,true,"Synthetic - illustrative ranges, not official statistics",2026
Karnataka,Bengaluru,1,freelance,2,25,31,no_vehicle,92,2810,27.5,4250,4750,1050,0,1050,11100,500,true,"Synthetic - illustrative ranges, not official statistics",2026
Karnataka,Bengaluru,1,freelance,2,27,24,rented_vehicle,92,2820,30.9,5000,4500,1850,1500,2800,15650,0,true,"Synthetic - illustrative ranges, not official statistics",2026
Karnataka,Bengaluru,1,freelance,2,24,32,rented_vehicle,92,4010,27.1,4400,5500,1450,2000,2200,15550,750,true,"Synthetic - illustrative ranges, not official statistics",2026
Karnataka,Bengaluru,1,freelance,2,32,63,rented_vehicle,92,5050,30.0,6650,5050,1500,2500,1400,17100,3200,true,"Synthetic - illustrative ranges, not official statistics",2026
Karnataka,Bengaluru,1,freelance,2,36,26,rented_vehicle,92,3810,32.2,7550,5000,1300,2000,1300,17150,0,true,"Synthetic - illustrative ranges, not official statistics",2026
Karnataka,Bengaluru,1,freelance,2,49,23,owned_bike_on_emi,92,5670,30.9,6250,4300,1650,4200,2400,18800,3200,true,"Synthetic - illustrative ranges, not official statistics",2026
Karnataka,Bengaluru,1,freelance,2,41,16,rented_vehicle,92,4250,27.2,6800,6100,1650,2500,2650,19700,0,true,"Synthetic - illustrative ranges, not official statistics",2026
Karnataka,Bengaluru,1,freelance,3,26,37,owned_bike_paid,92,3880,32.9,5650,4600,1850,0,1650,13750,1600,true,"Synthetic - illustrative ranges, not official statistics",2026
Karnataka,Bengaluru,1,freelance,3,36,27,owned_bike_paid,92,4260,33.5,3700,4500,1600,0,950,10750,2700,true,"Synthetic - illustrative ranges, not official statistics",2026
Karnataka,Bengaluru,1,freelance,3,32,32,rented_vehicle,92,4100,29.5,8350,4300,1650,1500,800,16600,450,true,"Synthetic - illustrative ranges, not official statistics",2026
Karnataka,Bengaluru,1,freelance,3,33,22,owned_bike_paid,92,3850,33.6,5450,5200,1750,0,500,12900,2600,true,"Synthetic - illustrative ranges, not official statistics",2026
Karnataka,Bengaluru,1,freelance,3,30,30,owned_bike_on_emi,92,2620,28.8,4150,4400,1700,2400,2450,15100,0,true,"Synthetic - illustrative ranges, not official statistics",2026
Karnataka,Bengaluru,1,freelance,3,33,3,owned_bike_paid,92,4040,34.4,5200,4550,1950,0,1050,12750,3150,true,"Synthetic - illustrative ranges, not official statistics",2026
Karnataka,Bengaluru,1,freelance,3,37,20,no_vehicle,92,4680,32.0,3600,4600,1000,0,2000,11200,5350,true,"Synthetic - illustrative ranges, not official statistics",2026
Karnataka,Bengaluru,1,freelance,3,42,9,owned_bike_on_emi,92,4950,31.8,6750,4350,1600,2400,1550,16650,2550,true,"Synthetic - illustrative ranges, not official statistics",2026
Karnataka,Bengaluru,1,freelance,3,37,53,owned_bike_on_emi,92,3360,27.8,3800,4000,1600,3600,2400,15400,0,true,"Synthetic - illustrative ranges, not official statistics",2026
Karnataka,Bengaluru,1,freelance,4,38,20,rented_vehicle,92,4030,30.5,8150,5300,1750,2500,1800,19500,0,true,"Synthetic - illustrative ranges, not official statistics",2026
Karnataka,Bengaluru,1,freelance,4,30,53,no_vehicle,92,4130,33.9,2600,5400,1000,0,1300,10300,3100,true,"Synthetic - illustrative ranges, not official statistics",2026
Karnataka,Bengaluru,1,freelance,4,39,45,owned_bike_on_emi,92,3990,30.0,3700,3850,1450,3200,1050,13250,2600,true,"Synthetic - illustrative ranges, not official statistics",2026
Karnataka,Bengaluru,1,freelance,4,43,1,owned_bike_on_emi,92,4230,30.7,7900,3850,1500,3200,800,17250,400,true,"Synthetic - illustrative ranges, not official statistics",2026
Karnataka,Bengaluru,1,freelance,4,38,26,rented_vehicle,92,4590,27.6,7400,4000,1150,2000,1500,16050,1900,true,"Synthetic - illustrative ranges, not official statistics",2026
Karnataka,Bengaluru,1,freelance,4,32,31,rented_vehicle,92,3360,26.6,6850,5800,1800,2000,1500,17950,0,true,"Synthetic - illustrative ranges, not official statistics",2026
Karnataka,Bengaluru,1,freelance,4,34,9,rented_vehicle,92,3150,30.1,6100,5000,1650,2000,1550,16300,0,true,"Synthetic - illustrative ranges, not official statistics",2026
Karnataka,Bengaluru,1,freelance,4,41,39,rented_vehicle,92,5770,33.1,4200,5050,1550,2500,750,14050,7300,true,"Synthetic - illustrative ranges, not official statistics",2026
Karnataka,Bengaluru,1,freelance,4,30,28,owned_bike_on_emi,92,2460,28.9,8400,5050,1700,3600,1150,19900,0,true,"Synthetic - illustrative ranges, not official statistics",2026
Karnataka,Bengaluru,1,freelance,5,44,44,owned_bike_on_emi,92,6330,32.4,4250,4250,1400,2800,2950,15650,7000,true,"Synthetic - illustrative ranges, not official statistics",2026
Karnataka,Bengaluru,1,freelance,5,32,22,owned_bike_paid,92,3130,29.2,3550,4950,1350,0,1850,11700,750,true,"Synthetic - illustrative ranges, not official statistics",2026
Karnataka,Bengaluru,1,freelance,5,34,7,no_vehicle,92,3700,32.5,7100,4500,800,0,850,13250,1650,true,"Synthetic - illustrative ranges, not official statistics",2026
Karnataka,Bengaluru,1,freelance,5,46,39,owned_bike_on_emi,92,5680,31.3,6650,5000,1300,2400,1050,16400,4150,true,"Synthetic - illustrative ranges, not official statistics",2026
Karnataka,Bengaluru,1,freelance,5,32,45,no_vehicle,92,4490,31.7,7100,4600,1150,0,550,13400,2300,true,"Synthetic - illustrative ranges, not official statistics",2026
Karnataka,Bengaluru,1,freelance,5,18,58,rented_vehicle,92,1340,30.1,3000,4750,1850,2000,900,12500,0,true,"Synthetic - illustrative ranges, not official statistics",2026
Karnataka,Bengaluru,1,freelance,5,37,11,owned_bike_paid,92,3540,32.2,4200,4700,1550,0,1900,12350,1900,true,"Synthetic - illustrative ranges, not official statistics",2026
Karnataka,Bengaluru,1,freelance,5,44,14,owned_bike_paid,92,8140,27.9,6200,4450,1600,0,800,13050,8100,true,"Synthetic - illustrative ranges, not official statistics",2026
Karnataka,Bengaluru,1,freelance,5,21,12,rented_vehicle,92,2420,28.2,3950,4950,1600,1500,1750,13750,0,true,"Synthetic - illustrative ranges, not official statistics",2026
Karnataka,Bengaluru,1,freelance,6,45,15,owned_bike_paid,92,4870,28.2,5150,4850,1600,0,2700,14300,4650,true,"Synthetic - illustrative ranges, not official statistics",2026
Karnataka,Bengaluru,1,freelance,6,31,47,rented_vehicle,92,3180,29.2,3800,5500,1650,1500,500,12950,350,true,"Synthetic - illustrative ranges, not official statistics",2026
Karnataka,Bengaluru,1,freelance,6,19,17,no_vehicle,92,3120,27.2,8450,4650,1000,0,700,14800,0,true,"Synthetic - illustrative ranges, not official statistics",2026
Karnataka,Bengaluru,1,freelance,6,44,16,rented_vehicle,92,3960,31.1,8300,5050,1150,1500,1850,17850,0,true,"Synthetic - illustrative ranges, not official statistics",2026
Karnataka,Bengaluru,1,freelance,6,30,26,owned_bike_on_emi,92,3900,33.0,7250,4950,1550,2800,350,16900,0,true,"Synthetic - illustrative ranges, not official statistics",2026
Karnataka,Bengaluru,1,freelance,6,39,59,owned_bike_on_emi,92,3910,26.3,7900,5550,1550,3200,2000,20200,0,true,"Synthetic - illustrative ranges, not official statistics",2026
Karnataka,Bengaluru,1,freelance,6,27,22,owned_bike_paid,92,3240,33.6,3700,4200,2350,0,1100,11350,1300,true,"Synthetic - illustrative ranges, not official statistics",2026
Karnataka,Bengaluru,1,freelance,6,32,5,owned_bike_on_emi,92,4430,26.7,3750,4300,2100,2400,750,13300,2750,true,"Synthetic - illustrative ranges, not official statistics",2026
Karnataka,Bengaluru,1,freelance,6,24,6,owned_bike_paid,92,3060,30.8,7750,5100,1500,0,700,15050,0,true,"Synthetic - illustrative ranges, not official statistics",2026
Karnataka,Bengaluru,1,freelance,7,41,9,owned_bike_paid,92,4870,34.0,4450,5800,1450,0,1200,12900,3600,true,"Synthetic - illustrative ranges, not official statistics",2026
Karnataka,Bengaluru,1,freelance,7,32,84,owned_bike_paid,92,4880,33.3,5500,4100,2050,0,1400,13050,2850,true,"Synthetic - illustrative ranges, not official statistics",2026
Karnataka,Bengaluru,1,freelance,7,34,12,rented_vehicle,92,4050,32.3,4050,5150,1850,2500,1000,14550,1450,true,"Synthetic - illustrative ranges, not official statistics",2026
Karnataka,Bengaluru,1,freelance,7,34,47,owned_bike_paid,92,3950,34.0,4300,4750,1650,0,800,11500,3450,true,"Synthetic - illustrative ranges, not official statistics",2026
Karnataka,Bengaluru,1,freelance,7,34,22,owned_bike_on_emi,92,4870,27.7,4250,4350,1900,2800,900,14200,2450,true,"Synthetic - illustrative ranges, not official statistics",2026
Karnataka,Bengaluru,1,freelance,7,26,5,owned_bike_paid,92,2590,28.6,8400,4550,1600,0,850,15400,0,true,"Synthetic - illustrative ranges, not official statistics",2026
Karnataka,Bengaluru,1,freelance,7,42,19,owned_bike_on_emi,92,5890,31.8,5400,4400,1900,3600,500,15800,5850,true,"Synthetic - illustrative ranges, not official statistics",2026
Karnataka,Bengaluru,1,freelance,7,33,20,owned_bike_paid,92,3870,28.5,6800,5150,2400,0,1200,15550,650,true,"Synthetic - illustrative ranges, not official statistics",2026
Karnataka,Bengaluru,1,freelance,7,33,4,owned_bike_paid,92,2880,31.3,5000,3950,1950,0,800,11700,400,true,"Synthetic - illustrative ranges, not official statistics",2026
Karnataka,Bengaluru,1,freelance,8,38,35,owned_bike_on_emi,92,5460,28.5,8550,4700,1350,2400,1650,18650,2250,true,"Synthetic - illustrative ranges, not official statistics",2026
Karnataka,Bengaluru,1,freelance,8,24,67,owned_bike_on_emi,92,3300,28.6,3500,5000,1900,3200,3050,16650,0,true,"Synthetic - illustrative ranges, not official statistics",2026
Karnataka,Bengaluru,1,freelance,8,34,36,owned_bike_on_emi,92,4620,30.8,4900,5200,2150,4200,1150,17600,1400,true,"Synthetic - illustrative ranges, not official statistics",2026
Karnataka,Bengaluru,1,freelance,8,39,8,owned_bike_paid,92,4070,33.9,8050,4750,1700,0,1150,15650,950,true,"Synthetic - illustrative ranges, not official statistics",2026
Karnataka,Bengaluru,1,freelance,8,57,6,rented_vehicle,92,7920,25.7,3100,4950,1800,2500,1050,13400,8800,true,"Synthetic - illustrative ranges, not official statistics",2026
Karnataka,Bengaluru,1,freelance,8,21,25,owned_bike_on_emi,92,2220,31.0,8100,4900,1400,3600,750,18750,0,true,"Synthetic - illustrative ranges, not official statistics",2026
Karnataka,Bengaluru,1,freelance,8,48,11,owned_bike_paid,92,6390,31.8,7000,5150,1950,0,1900,16000,4650,true,"Synthetic - illustrative ranges, not official statistics",2026
Karnataka,Bengaluru,1,freelance,8,38,34,owned_bike_on_emi,92,3810,26.0,4450,4950,2150,4200,1300,17050,0,true,"Synthetic - illustrative ranges, not official statistics",2026
Karnataka,Bengaluru,1,freelance,8,38,49,owned_bike_on_emi,92,6020,27.3,7850,4600,1750,4200,850,19250,4050,true,"Synthetic - illustrative ranges, not official statistics",2026
Karnataka,Bengaluru,1,freelance,9,32,9,owned_bike_on_emi,92,4110,26.9,4100,4200,1850,4200,2550,16900,450,true,"Synthetic - illustrative ranges, not official statistics",2026
Karnataka,Bengaluru,1,freelance,9,53,10,owned_bike_paid,92,6650,26.5,5650,4250,2050,0,600,12550,8550,true,"Synthetic - illustrative ranges, not official statistics",2026
Karnataka,Bengaluru,1,freelance,9,40,32,owned_bike_paid,92,9870,28.6,8500,4100,1550,0,1100,15250,9650,true,"Synthetic - illustrative ranges, not official statistics",2026
Karnataka,Bengaluru,1,freelance,9,45,20,owned_bike_paid,92,5360,25.8,3450,5450,1200,0,750,10850,5700,true,"Synthetic - illustrative ranges, not official statistics",2026
Karnataka,Bengaluru,1,freelance,9,29,39,no_vehicle,92,3290,27.4,6100,4950,1150,0,900,13100,750,true,"Synthetic - illustrative ranges, not official statistics",2026
Karnataka,Bengaluru,1,freelance,9,46,56,owned_bike_paid,92,5250,29.1,7350,4300,1850,0,1650,15150,2950,true,"Synthetic - illustrative ranges, not official statistics",2026
Karnataka,Bengaluru,1,freelance,9,48,35,rented_vehicle,92,6190,33.4,3700,4800,1650,1500,1500,13150,9100,true,"Synthetic - illustrative ranges, not official statistics",2026
Karnataka,Bengaluru,1,freelance,9,30,49,rented_vehicle,92,3560,34.3,2900,5100,1650,2500,2500,14650,400,true,"Synthetic - illustrative ranges, not official statistics",2026
Karnataka,Bengaluru,1,freelance,9,44,22,owned_bike_on_emi,92,4980,29.2,6800,4600,1650,4200,1550,18800,1800,true,"Synthetic - illustrative ranges, not official statistics",2026
Karnataka,Bengaluru,1,freelance,10,34,74,owned_bike_on_emi,92,5420,29.5,8300,4150,2200,3200,1700,19550,1950,true,"Synthetic - illustrative ranges, not official statistics",2026
Karnataka,Bengaluru,1,freelance,10,40,14,owned_bike_paid,92,5360,32.9,3100,4850,1800,0,400,10150,8850,true,"Synthetic - illustrative ranges, not official statistics",2026
Karnataka,Bengaluru,1,freelance,10,33,8,rented_vehicle,92,4710,28.5,4550,5150,1450,2000,550,13700,4350,true,"Synthetic - illustrative ranges, not official statistics",2026
Karnataka,Bengaluru,1,freelance,10,42,34,rented_vehicle,92,4400,33.4,6050,4550,1850,2000,850,15300,1350,true,"Synthetic - illustrative ranges, not official statistics",2026
Karnataka,Bengaluru,1,freelance,10,37,24,owned_bike_paid,92,4700,25.7,7900,4900,1400,0,700,14900,3550,true,"Synthetic - illustrative ranges, not official statistics",2026
Karnataka,Bengaluru,1,freelance,10,32,27,rented_vehicle,92,3280,31.4,9350,4450,1650,2500,900,18850,0,true,"Synthetic - illustrative ranges, not official statistics",2026
Karnataka,Bengaluru,1,freelance,10,40,12,rented_vehicle,92,3530,29.2,4750,4900,1700,2500,2250,16100,0,true,"Synthetic - illustrative ranges, not official statistics",2026
Karnataka,Bengaluru,1,freelance,10,39,32,rented_vehicle,92,5740,33.0,3600,4600,1900,2000,1500,13600,7000,true,"Synthetic - illustrative ranges, not official statistics",2026
Karnataka,Bengaluru,1,freelance,10,34,39,rented_vehicle,92,4910,25.6,6850,4700,2150,2000,1350,17050,2300,true,"Synthetic - illustrative ranges, not official statistics",2026
Karnataka,Bengaluru,1,freelance,11,33,15,owned_bike_paid,92,3950,30.0,5000,4050,1850,0,500,11400,3050,true,"Synthetic - illustrative ranges, not official statistics",2026
Karnataka,Bengaluru,1,freelance,11,25,25,no_vehicle,92,3220,33.0,8150,3600,1400,0,1600,14750,0,true,"Synthetic - illustrative ranges, not official statistics",2026
Karnataka,Bengaluru,1,freelance,11,41,14,owned_bike_on_emi,92,5050,26.5,7900,5300,1400,3200,3250,21050,550,true,"Synthetic - illustrative ranges, not official statistics",2026
Karnataka,Bengaluru,1,freelance,11,35,51,owned_bike_on_emi,92,6520,32.7,5450,4150,1550,4200,1900,17250,6350,true,"Synthetic - illustrative ranges, not official statistics",2026
Karnataka,Bengaluru,1,freelance,11,24,27,rented_vehicle,92,2470,28.8,3350,5900,1250,2500,2750,15750,0,true,"Synthetic - illustrative ranges, not official statistics",2026
Karnataka,Bengaluru,1,freelance,11,33,42,rented_vehicle,92,4180,26.9,3450,4950,1450,1500,950,12300,3300,true,"Synthetic - illustrative ranges, not official statistics",2026
Karnataka,Bengaluru,1,freelance,11,43,3,owned_bike_on_emi,92,7210,33.3,5550,5700,1500,3200,1100,17050,5200,true,"Synthetic - illustrative ranges, not official statistics",2026
Karnataka,Bengaluru,1,freelance,11,39,56,rented_vehicle,92,4730,27.5,6300,4600,1550,1500,600,14550,2950,true,"Synthetic - illustrative ranges, not official statistics",2026
Karnataka,Bengaluru,1,freelance,11,32,36,rented_vehicle,92,4080,33.9,5800,4750,1900,1500,1700,15650,1200,true,"Synthetic - illustrative ranges, not official statistics",2026
Karnataka,Bengaluru,1,freelance,12,33,44,owned_bike_paid,92,4990,31.2,4000,4950,2050,0,1200,12200,3300,true,"Synthetic - illustrative ranges, not official statistics",2026
Karnataka,Bengaluru,1,freelance,12,49,52,owned_bike_paid,92,5870,31.7,7400,5300,1900,0,650,15250,4900,true,"Synthetic - illustrative ranges, not official statistics",2026
Karnataka,Bengaluru,1,freelance,12,46,61,owned_bike_on_emi,92,7090,28.0,9500,4100,2300,2400,900,19200,5750,true,"Synthetic - illustrative ranges, not official statistics",2026
Karnataka,Bengaluru,1,freelance,12,38,39,owned_bike_on_emi,92,5500,27.1,4200,4100,1650,2400,1700,14050,6800,true,"Synthetic - illustrative ranges, not official statistics",2026
Karnataka,Bengaluru,1,freelance,12,36,35,rented_vehicle,92,4500,27.8,9650,3950,1750,1500,550,17400,1300,true,"Synthetic - illustrative ranges, not official statistics",2026
Karnataka,Bengaluru,1,freelance,12,37,50,owned_bike_on_emi,92,5090,28.0,3600,3850,1750,4200,3050,16450,2200,true,"Synthetic - illustrative ranges, not official statistics",2026
Karnataka,Bengaluru,1,freelance,12,34,46,owned_bike_paid,92,5480,31.9,7650,4400,1350,0,650,14050,6050,true,"Synthetic - illustrative ranges, not official statistics",2026
Karnataka,Bengaluru,1,freelance,12,35,18,owned_bike_on_emi,92,4270,28.7,3450,3800,1250,2800,1250,12550,4150,true,"Synthetic - illustrative ranges, not official statistics",2026
Karnataka,Bengaluru,1,freelance,12,35,16,owned_bike_paid,92,4440,25.6,5650,5150,1850,0,1750,14400,2750,true,"Synthetic - illustrative ranges, not official statistics",2026
Telangana,Hyderabad,1,delivery,1,43,29,owned_bike_paid,80,4300,18.7,3100,3950,1750,0,2400,11200,4650,true,"Synthetic - illustrative ranges, not official statistics",2026
Telangana,Hyderabad,1,delivery,1,48,74,owned_bike_on_emi,80,4730,18.5,3750,3600,1400,3600,1900,14250,3100,true,"Synthetic - illustrative ranges, not official statistics",2026
Telangana,Hyderabad,1,delivery,1,56,16,owned_bike_on_emi,80,4620,17.5,2750,3650,1350,3200,1500,12450,3250,true,"Synthetic - illustrative ranges, not official statistics",2026
Telangana,Hyderabad,1,delivery,1,51,3,rented_vehicle,80,4570,18.2,2450,3650,1250,2000,1150,10500,4350,true,"Synthetic - illustrative ranges, not official statistics",2026
Telangana,Hyderabad,1,delivery,1,53,1,owned_bike_paid,80,4590,14.6,5250,4000,1500,0,1600,12350,4100,true,"Synthetic - illustrative ranges, not official statistics",2026
Telangana,Hyderabad,1,delivery,1,54,14,rented_vehicle,80,3840,16.4,3600,3950,1300,2000,900,11750,3250,true,"Synthetic - illustrative ranges, not official statistics",2026
Telangana,Hyderabad,1,delivery,1,45,21,no_vehicle,80,4250,17.3,3200,4000,1000,0,650,8850,3650,true,"Synthetic - illustrative ranges, not official statistics",2026
Telangana,Hyderabad,1,delivery,1,46,58,rented_vehicle,80,3860,18.6,6400,4200,1550,2500,1700,16350,200,true,"Synthetic - illustrative ranges, not official statistics",2026
Telangana,Hyderabad,1,delivery,1,61,14,owned_bike_paid,80,5200,15.5,3150,3900,1450,0,1150,9650,5650,true,"Synthetic - illustrative ranges, not official statistics",2026
Telangana,Hyderabad,1,delivery,2,38,25,owned_bike_paid,80,3870,14.5,6050,4250,1550,0,1650,13500,2150,true,"Synthetic - illustrative ranges, not official statistics",2026
Telangana,Hyderabad,1,delivery,2,46,34,no_vehicle,80,4730,14.7,3300,4700,900,0,1100,10000,4250,true,"Synthetic - illustrative ranges, not official statistics",2026
Telangana,Hyderabad,1,delivery,2,37,27,rented_vehicle,80,3600,15.4,5400,4200,1250,2000,1000,13850,700,true,"Synthetic - illustrative ranges, not official statistics",2026
Telangana,Hyderabad,1,delivery,2,46,16,no_vehicle,80,4640,16.5,2550,3500,750,0,600,7400,7200,true,"Synthetic - illustrative ranges, not official statistics",2026
Telangana,Hyderabad,1,delivery,2,44,19,owned_bike_on_emi,80,3850,18.3,4350,4700,1500,2800,800,14150,1300,true,"Synthetic - illustrative ranges, not official statistics",2026
Telangana,Hyderabad,1,delivery,2,59,24,owned_bike_paid,80,5480,19.2,2550,4450,1850,0,850,9700,7050,true,"Synthetic - illustrative ranges, not official statistics",2026
Telangana,Hyderabad,1,delivery,2,47,28,rented_vehicle,80,3580,16.9,3700,3850,1650,1500,1200,11900,2500,true,"Synthetic - illustrative ranges, not official statistics",2026
Telangana,Hyderabad,1,delivery,2,30,59,owned_bike_on_emi,80,2610,16.1,4050,5200,1350,2800,1850,15250,0,true,"Synthetic - illustrative ranges, not official statistics",2026
Telangana,Hyderabad,1,delivery,2,45,12,owned_bike_paid,80,4460,17.2,4850,4250,1600,0,1300,12000,4150,true,"Synthetic - illustrative ranges, not official statistics",2026
Telangana,Hyderabad,1,delivery,3,55,19,owned_bike_paid,80,4250,16.3,3000,4250,1550,0,1150,9950,3400,true,"Synthetic - illustrative ranges, not official statistics",2026
Telangana,Hyderabad,1,delivery,3,45,31,owned_bike_paid,80,3850,15.1,2550,4900,1750,0,1450,10650,3600,true,"Synthetic - illustrative ranges, not official statistics",2026
Telangana,Hyderabad,1,delivery,3,57,32,owned_bike_paid,80,5790,18.6,5250,4700,1950,0,800,12700,7400,true,"Synthetic - illustrative ranges, not official statistics",2026
Telangana,Hyderabad,1,delivery,3,43,76,owned_bike_paid,80,5230,16.5,2500,3550,1450,0,500,8000,9850,true,"Synthetic - illustrative ranges, not official statistics",2026
Telangana,Hyderabad,1,delivery,3,47,39,no_vehicle,80,4970,14.8,4050,3350,900,0,600,8900,5800,true,"Synthetic - illustrative ranges, not official statistics",2026
Telangana,Hyderabad,1,delivery,3,49,16,owned_bike_paid,80,3720,14.6,2300,4500,1800,0,2050,10650,3800,true,"Synthetic - illustrative ranges, not official statistics",2026
Telangana,Hyderabad,1,delivery,3,59,53,owned_bike_paid,80,5530,16.1,4400,3550,1750,0,950,10650,5650,true,"Synthetic - illustrative ranges, not official statistics",2026
Telangana,Hyderabad,1,delivery,3,44,8,owned_bike_on_emi,80,4540,14.9,6250,3850,1850,3200,350,15500,1500,true,"Synthetic - illustrative ranges, not official statistics",2026
Telangana,Hyderabad,1,delivery,3,50,6,owned_bike_paid,80,4210,19.4,5350,4950,1600,0,2750,14650,1950,true,"Synthetic - illustrative ranges, not official statistics",2026
Telangana,Hyderabad,1,delivery,4,43,20,rented_vehicle,80,3710,17.0,5950,4550,1800,2000,1150,15450,300,true,"Synthetic - illustrative ranges, not official statistics",2026
Telangana,Hyderabad,1,delivery,4,36,35,owned_bike_on_emi,80,3900,15.8,1950,3250,1700,3600,550,11050,4000,true,"Synthetic - illustrative ranges, not official statistics",2026
Telangana,Hyderabad,1,delivery,4,52,34,owned_bike_on_emi,80,5110,15.2,3550,4250,1250,4200,1700,14950,3300,true,"Synthetic - illustrative ranges, not official statistics",2026
Telangana,Hyderabad,1,delivery,4,42,43,rented_vehicle,80,3550,19.4,7000,3350,1850,1500,600,14300,550,true,"Synthetic - illustrative ranges, not official statistics",2026
Telangana,Hyderabad,1,delivery,4,60,10,owned_bike_on_emi,80,4890,17.6,5050,4800,1750,2400,550,14550,3250,true,"Synthetic - illustrative ranges, not official statistics",2026
Telangana,Hyderabad,1,delivery,4,31,47,rented_vehicle,80,2800,15.0,2850,3400,2000,1500,1000,10750,700,true,"Synthetic - illustrative ranges, not official statistics",2026
Telangana,Hyderabad,1,delivery,4,50,6,no_vehicle,80,3850,16.9,3500,4200,650,0,850,9200,3300,true,"Synthetic - illustrative ranges, not official statistics",2026
Telangana,Hyderabad,1,delivery,4,49,30,owned_bike_on_emi,80,3690,16.6,2300,4500,1000,3200,950,11950,2300,true,"Synthetic - illustrative ranges, not official statistics",2026
Telangana,Hyderabad,1,delivery,4,34,4,owned_bike_paid,80,3090,19.4,4500,3550,1800,0,3900,13750,0,true,"Synthetic - illustrative ranges, not official statistics",2026
Telangana,Hyderabad,1,delivery,5,34,64,owned_bike_on_emi,80,3590,15.0,3400,3900,1500,4200,900,13900,1100,true,"Synthetic - illustrative ranges, not official statistics",2026
Telangana,Hyderabad,1,delivery,5,51,50,rented_vehicle,80,3920,17.6,3450,4100,2150,1500,2350,13550,1650,true,"Synthetic - illustrative ranges, not official statistics",2026
Telangana,Hyderabad,1,delivery,5,36,57,rented_vehicle,80,3290,18.0,6600,3850,1500,1500,1850,15300,0,true,"Synthetic - illustrative ranges, not official statistics",2026
Telangana,Hyderabad,1,delivery,5,37,17,owned_bike_paid,80,3440,14.7,2500,3750,1450,0,1650,9350,3100,true,"Synthetic - illustrative ranges, not official statistics",2026
Telangana,Hyderabad,1,delivery,5,56,13,no_vehicle,80,5330,16.5,2500,4550,600,0,1550,9200,7600,true,"Synthetic - illustrative ranges, not official statistics",2026
Telangana,Hyderabad,1,delivery,5,39,15,rented_vehicle,80,2810,16.3,5150,5150,1400,2000,1450,15150,0,true,"Synthetic - illustrative ranges, not official statistics",2026
Telangana,Hyderabad,1,delivery,5,35,7,owned_bike_paid,80,2570,15.3,4950,3950,1750,0,950,11600,0,true,"Synthetic - illustrative ranges, not official statistics",2026
Telangana,Hyderabad,1,delivery,5,41,26,rented_vehicle,80,3420,14.7,4350,4050,1650,2500,1550,14100,250,true,"Synthetic - illustrative ranges, not official statistics",2026
Telangana,Hyderabad,1,delivery,5,37,11,rented_vehicle,80,2670,17.7,3500,4300,1400,2000,1200,12400,0,true,"Synthetic - illustrative ranges, not official statistics",2026
Telangana,Hyderabad,1,delivery,6,41,15,rented_vehicle,80,3190,17.5,3050,3650,1150,1500,1950,11300,1450,true,"Synthetic - illustrative ranges, not official statistics",2026
Telangana,Hyderabad,1,delivery,6,52,16,owned_bike_paid,80,4630,14.9,5500,3600,1600,0,1550,12250,5150,true,"Synthetic - illustrative ranges, not official statistics",2026
Telangana,Hyderabad,1,delivery,6,43,55,owned_bike_on_emi,80,4780,16.9,5150,4350,1300,3600,1000,15400,3550,true,"Synthetic - illustrative ranges, not official statistics",2026
Telangana,Hyderabad,1,delivery,6,46,27,owned_bike_on_emi,80,4320,18.4,2650,3900,1750,2400,950,11650,4600,true,"Synthetic - illustrative ranges, not official statistics",2026
Telangana,Hyderabad,1,delivery,6,40,35,owned_bike_paid,80,4180,16.3,2950,3500,1500,0,350,8300,4600,true,"Synthetic - illustrative ranges, not official statistics",2026
Telangana,Hyderabad,1,delivery,6,65,8,rented_vehicle,80,4550,15.2,7200,3950,1300,2500,2100,17050,1650,true,"Synthetic - illustrative ranges, not official statistics",2026
Telangana,Hyderabad,1,delivery,6,42,42,owned_bike_paid,80,4990,15.4,2600,4150,1400,0,950,9100,6650,true,"Synthetic - illustrative ranges, not official statistics",2026
Telangana,Hyderabad,1,delivery,6,46,11,owned_bike_on_emi,80,3600,17.9,3050,4150,2000,2800,1550,13550,1300,true,"Synthetic - illustrative ranges, not official statistics",2026
Telangana,Hyderabad,1,delivery,6,46,26,owned_bike_on_emi,80,3530,15.5,3050,3850,1450,2800,1100,12250,1300,true,"Synthetic - illustrative ranges, not official statistics",2026
Telangana,Hyderabad,1,delivery,7,43,36,rented_vehicle,80,3410,19.4,5350,3400,1350,2500,1250,13850,550,true,"Synthetic - illustrative ranges, not official statistics",2026
Telangana,Hyderabad,1,delivery,7,35,2,rented_vehicle,80,2870,17.5,3200,3700,1600,2000,1000,11500,600,true,"Synthetic - illustrative ranges, not official statistics",2026
Telangana,Hyderabad,1,delivery,7,34,20,owned_bike_on_emi,80,3570,15.4,2450,4200,1500,2800,1750,12700,1500,true,"Synthetic - illustrative ranges, not official statistics",2026
Telangana,Hyderabad,1,delivery,7,34,4,owned_bike_paid,80,3220,19.1,6400,4400,1450,0,700,12950,400,true,"Synthetic - illustrative ranges, not official statistics",2026
Telangana,Hyderabad,1,delivery,7,48,21,owned_bike_on_emi,80,4040,17.0,5450,3650,1450,2800,1750,15100,1650,true,"Synthetic - illustrative ranges, not official statistics",2026
Telangana,Hyderabad,1,delivery,7,53,3,owned_bike_on_emi,80,5730,15.2,7050,4300,1150,2400,900,15800,4800,true,"Synthetic - illustrative ranges, not official statistics",2026
Telangana,Hyderabad,1,delivery,7,54,2,owned_bike_on_emi,80,4560,14.7,5650,4200,1450,2800,850,14950,1900,true,"Synthetic - illustrative ranges, not official statistics",2026
Telangana,Hyderabad,1,delivery,7,48,18,owned_bike_on_emi,80,4700,15.2,3050,3600,1400,2800,600,11450,4850,true,"Synthetic - illustrative ranges, not official statistics",2026
Telangana,Hyderabad,1,delivery,7,43,96,rented_vehicle,80,3430,15.1,3050,3800,1800,2000,1750,12400,1500,true,"Synthetic - illustrative ranges, not official statistics",2026
Telangana,Hyderabad,1,delivery,8,55,31,owned_bike_paid,80,6430,16.4,5600,4350,1550,0,1300,12800,8900,true,"Synthetic - illustrative ranges, not official statistics",2026
Telangana,Hyderabad,1,delivery,8,42,31,owned_bike_paid,80,5460,14.5,2100,3700,1550,0,3650,11000,6350,true,"Synthetic - illustrative ranges, not official statistics",2026
Telangana,Hyderabad,1,delivery,8,60,11,owned_bike_on_emi,80,5730,18.5,2600,4000,1200,4200,500,12500,7150,true,"Synthetic - illustrative ranges, not official statistics",2026
Telangana,Hyderabad,1,delivery,8,35,83,rented_vehicle,80,3310,17.0,6050,3700,1450,1500,1050,13750,400,true,"Synthetic - illustrative ranges, not official statistics",2026
Telangana,Hyderabad,1,delivery,8,41,23,owned_bike_paid,80,3740,16.3,4600,3650,1650,0,800,10700,2700,true,"Synthetic - illustrative ranges, not official statistics",2026
Telangana,Hyderabad,1,delivery,8,49,21,owned_bike_on_emi,80,4160,16.5,3350,4200,1300,3200,750,12800,2800,true,"Synthetic - illustrative ranges, not official statistics",2026
Telangana,Hyderabad,1,delivery,8,64,54,owned_bike_paid,80,6160,18.9,5950,5000,1600,0,1400,13950,8250,true,"Synthetic - illustrative ranges, not official statistics",2026
Telangana,Hyderabad,1,delivery,8,62,20,owned_bike_on_emi,80,4900,14.8,3600,4200,1800,2800,850,13250,3400,true,"Synthetic - illustrative ranges, not official statistics",2026
Telangana,Hyderabad,1,delivery,8,68,40,owned_bike_on_emi,80,6560,14.5,2750,4350,1300,3200,1450,13050,9650,true,"Synthetic - illustrative ranges, not official statistics",2026
Telangana,Hyderabad,1,delivery,9,33,25,no_vehicle,80,3260,15.7,3650,3600,650,0,800,8700,2350,true,"Synthetic - illustrative ranges, not official statistics",2026
Telangana,Hyderabad,1,delivery,9,55,18,owned_bike_paid,80,5580,17.1,5700,5000,1450,0,950,13100,6400,true,"Synthetic - illustrative ranges, not official statistics",2026
Telangana,Hyderabad,1,delivery,9,48,16,rented_vehicle,80,4090,14.6,3000,4600,1500,2500,900,12500,2400,true,"Synthetic - illustrative ranges, not official statistics",2026
Telangana,Hyderabad,1,delivery,9,35,9,owned_bike_paid,80,3270,15.7,3500,4450,2150,0,1500,11600,1350,true,"Synthetic - illustrative ranges, not official statistics",2026
Telangana,Hyderabad,1,delivery,9,42,14,owned_bike_paid,80,3380,18.6,2850,4400,1800,0,3850,12900,1050,true,"Synthetic - illustrative ranges, not official statistics",2026
Telangana,Hyderabad,1,delivery,9,42,20,owned_bike_on_emi,80,4070,14.7,5250,4100,1250,3600,300,14500,1150,true,"Synthetic - illustrative ranges, not official statistics",2026
Telangana,Hyderabad,1,delivery,9,55,2,owned_bike_on_emi,80,5210,18.0,6000,4950,1400,4200,2250,18800,2450,true,"Synthetic - illustrative ranges, not official statistics",2026
Telangana,Hyderabad,1,delivery,9,35,35,owned_bike_on_emi,80,3600,18.6,5450,3800,1350,2400,1200,14200,900,true,"Synthetic - illustrative ranges, not official statistics",2026
Telangana,Hyderabad,1,delivery,9,44,15,owned_bike_paid,80,4380,18.1,3700,4950,1500,0,1900,12050,4150,true,"Synthetic - illustrative ranges, not official statistics",2026
Telangana,Hyderabad,1,delivery,10,60,20,owned_bike_paid,80,6380,18.7,4150,5200,1650,0,1350,12350,8300,true,"Synthetic - illustrative ranges, not official statistics",2026
Telangana,Hyderabad,1,delivery,10,49,24,owned_bike_on_emi,80,5520,17.0,3500,4750,2000,2400,1750,14400,5050,true,"Synthetic - illustrative ranges, not official statistics",2026
Telangana,Hyderabad,1,delivery,10,52,23,no_vehicle,80,4780,15.5,5900,3950,850,0,1550,12250,3700,true,"Synthetic - illustrative ranges, not official statistics",2026
Telangana,Hyderabad,1,delivery,10,37,45,owned_bike_on_emi,80,4950,14.6,7000,4200,1700,2800,3250,18950,1550,true,"Synthetic - illustrative ranges, not official statistics",2026
Telangana,Hyderabad,1,delivery,10,45,53,owned_bike_on_emi,80,4940,15.5,2500,4250,1350,2800,1900,12800,3700,true,"Synthetic - illustrative ranges, not official statistics",2026
Telangana,Hyderabad,1,delivery,10,34,23,rented_vehicle,80,3090,16.0,5800,3500,1850,2000,1150,14300,0,true,"Synthetic - illustrative ranges, not official statistics",2026
Telangana,Hyderabad,1,delivery,10,34,29,no_vehicle,80,4210,18.5,3550,4400,1300,0,900,10150,2900,true,"Synthetic - illustrative ranges, not official statistics",2026
Telangana,Hyderabad,1,delivery,10,47,70,owned_bike_paid,80,5560,15.6,5350,4250,1600,0,1100,12300,7850,true,"Synthetic - illustrative ranges, not official statistics",2026
Telangana,Hyderabad,1,delivery,10,54,7,owned_bike_on_emi,80,5620,17.9,2450,4350,1500,3600,2250,14150,5300,true,"Synthetic - illustrative ranges, not official statistics",2026
Telangana,Hyderabad,1,delivery,11,43,3,owned_bike_paid,80,3680,17.6,4700,4150,1250,0,1250,11350,2200,true,"Synthetic - illustrative ranges, not official statistics",2026
Telangana,Hyderabad,1,delivery,11,44,15,owned_bike_on_emi,80,4890,14.5,2650,3250,1700,2800,750,11150,4500,true,"Synthetic - illustrative ranges, not official statistics",2026
Telangana,Hyderabad,1,delivery,11,60,38,no_vehicle,80,7230,16.3,4750,5250,950,0,2000,12950,7300,true,"Synthetic - illustrative ranges, not official statistics",2026
Telangana,Hyderabad,1,delivery,11,55,7,owned_bike_paid,80,5390,19.4,2400,4750,1400,0,1550,10100,6450,true,"Synthetic - illustrative ranges, not official statistics",2026
Telangana,Hyderabad,1,delivery,11,52,4,owned_bike_paid,80,4790,15.3,2800,5150,1550,0,1350,10850,5950,true,"Synthetic - illustrative ranges, not official statistics",2026
Telangana,Hyderabad,1,delivery,11,51,39,owned_bike_on_emi,80,5350,15.0,5250,4100,1650,4200,600,15800,4450,true,"Synthetic - illustrative ranges, not official statistics",2026
Telangana,Hyderabad,1,delivery,11,32,30,owned_bike_paid,80,3830,18.0,3350,3400,1150,0,1300,9200,5050,true,"Synthetic - illustrative ranges, not official statistics",2026
Telangana,Hyderabad,1,delivery,11,47,18,owned_bike_paid,80,4160,18.6,4700,4050,2400,0,550,11700,3300,true,"Synthetic - illustrative ranges, not official statistics",2026
Telangana,Hyderabad,1,delivery,11,45,42,owned_bike_paid,80,4700,18.3,4300,3900,1500,0,1600,11300,3700,true,"Synthetic - illustrative ranges, not official statistics",2026
Telangana,Hyderabad,1,delivery,12,52,12,rented_vehicle,80,4220,17.0,4600,4300,1450,2000,1600,13950,1750,true,"Synthetic - illustrative ranges, not official statistics",2026
Telangana,Hyderabad,1,delivery,12,51,12,owned_bike_paid,80,4030,17.8,5450,4450,1550,0,1500,12950,2850,true,"Synthetic - illustrative ranges, not official statistics",2026
Telangana,Hyderabad,1,delivery,12,53,15,no_vehicle,80,4550,17.2,3900,4900,1250,0,1350,11400,5650,true,"Synthetic - illustrative ranges, not official statistics",2026
Telangana,Hyderabad,1,delivery,12,35,14,owned_bike_on_emi,80,3270,18.9,5400,3800,1500,4200,1650,16550,0,true,"Synthetic - illustrative ranges, not official statistics",2026
Telangana,Hyderabad,1,delivery,12,60,14,owned_bike_paid,80,6140,15.2,3450,5700,1200,0,1150,11500,7000,true,"Synthetic - illustrative ranges, not official statistics",2026
Telangana,Hyderabad,1,delivery,12,44,12,owned_bike_on_emi,80,4410,18.5,2750,4250,1400,2400,2850,13650,2850,true,"Synthetic - illustrative ranges, not official statistics",2026
Telangana,Hyderabad,1,delivery,12,54,39,owned_bike_paid,80,5500,17.0,5500,4450,1450,0,1550,12950,4350,true,"Synthetic - illustrative ranges, not official statistics",2026
Telangana,Hyderabad,1,delivery,12,54,19,owned_bike_on_emi,80,4790,14.7,2600,4250,1500,2800,300,11450,3950,true,"Synthetic - illustrative ranges, not official statistics",2026
Telangana,Hyderabad,1,delivery,12,46,47,owned_bike_paid,80,3800,15.0,3550,5500,1350,0,400,10800,3800,true,"Synthetic - illustrative ranges, not official statistics",2026
Telangana,Hyderabad,1,ride_hailing,1,60,21,rented_vehicle,80,5630,17.1,3050,4750,1750,1500,300,11350,6200,true,"Synthetic - illustrative ranges, not official statistics",2026
Telangana,Hyderabad,1,ride_hailing,1,46,22,rented_vehicle,80,5310,21.2,4600,4600,1700,2000,1800,14700,4850,true,"Synthetic - illustrative ranges, not official statistics",2026
Telangana,Hyderabad,1,ride_hailing,1,55,3,owned_bike_on_emi,80,5370,18.1,4200,4150,1800,3600,1300,15050,5250,true,"Synthetic - illustrative ranges, not official statistics",2026
Telangana,Hyderabad,1,ride_hailing,1,40,18,owned_bike_on_emi,80,5430,21.7,4200,4500,1700,2800,1100,14300,6200,true,"Synthetic - illustrative ranges, not official statistics",2026
Telangana,Hyderabad,1,ride_hailing,1,46,26,rented_vehicle,80,4600,18.8,5200,4100,1400,2000,900,13600,2750,true,"Synthetic - illustrative ranges, not official statistics",2026
Telangana,Hyderabad,1,ride_hailing,1,56,29,rented_vehicle,80,7060,19.8,2400,3600,1350,2500,700,10550,12200,true,"Synthetic - illustrative ranges, not official statistics",2026
Telangana,Hyderabad,1,ride_hailing,1,56,87,no_vehicle,80,7590,18.8,4000,4350,900,0,1100,10350,8850,true,"Synthetic - illustrative ranges, not official statistics",2026
Telangana,Hyderabad,1,ride_hailing,1,52,11,owned_bike_on_emi,80,5890,20.0,3400,3150,1600,3200,1700,13050,7000,true,"Synthetic - illustrative ranges, not official statistics",2026
Telangana,Hyderabad,1,ride_hailing,1,70,39,owned_bike_on_emi,80,6560,19.5,2250,5050,1900,3600,1500,14300,9750,true,"Synthetic - illustrative ranges, not official statistics",2026
Telangana,Hyderabad,1,ride_hailing,2,66,25,owned_bike_paid,80,8250,20.3,5350,3650,1250,0,1150,11400,15700,true,"Synthetic - illustrative ranges, not official statistics",2026
Telangana,Hyderabad,1,ride_hailing,2,52,48,owned_bike_paid,80,5840,22.0,2800,4000,1150,0,1400,9350,7750,true,"Synthetic - illustrative ranges, not official statistics",2026
Telangana,Hyderabad,1,ride_hailing,2,48,36,rented_vehicle,80,4850,21.3,2900,3750,1700,2000,3250,13600,4350,true,"Synthetic - illustrative ranges, not official statistics",2026
Telangana,Hyderabad,1,ride_hailing,2,60,17,rented_vehicle,80,4680,17.7,2200,4450,1800,2500,2300,13250,2500,true,"Synthetic - illustrative ranges, not official statistics",2026
Telangana,Hyderabad,1,ride_hailing,2,42,3,owned_bike_paid,80,4450,18.8,5500,4600,1700,0,1350,13150,3800,true,"Synthetic - illustrative ranges, not official statistics",2026
Telangana,Hyderabad,1,ride_hailing,2,50,96,owned_bike_on_emi,80,5560,21.8,3800,4500,1550,3200,2200,15250,5850,true,"Synthetic - illustrative ranges, not official statistics",2026
Telangana,Hyderabad,1,ride_hailing,2,44,12,owned_bike_paid,80,5270,18.9,2800,4000,1500,0,1000,9300,7200,true,"Synthetic - illustrative ranges, not official statistics",2026
Telangana,Hyderabad,1,ride_hailing,2,45,48,owned_bike_on_emi,80,5220,21.7,5750,3850,1500,3200,2000,16300,2450,true,"Synthetic - illustrative ranges, not official statistics",2026
Telangana,Hyderabad,1,ride_hailing,2,59,7,owned_bike_paid,80,5820,19.3,8300,4350,1350,0,1600,15600,4400,true,"Synthetic - illustrative ranges, not official statistics",2026
Telangana,Hyderabad,1,ride_hailing,3,44,8,owned_bike_on_emi,80,3720,21.7,7150,4000,1900,3600,1100,17750,0,true,"Synthetic - illustrative ranges, not official statistics",2026
Telangana,Hyderabad,1,ride_hailing,3,54,29,owned_bike_paid,80,5050,19.8,5800,5200,1500,0,700,13200,3650,true,"Synthetic - illustrative ranges, not official statistics",2026
Telangana,Hyderabad,1,ride_hailing,3,52,7,rented_vehicle,80,5700,17.3,5450,4650,1550,2500,750,14900,6750,true,"Synthetic - illustrative ranges, not official statistics",2026
Telangana,Hyderabad,1,ride_hailing,3,57,15,owned_bike_paid,80,6150,22.4,3250,4100,1500,0,550,9400,8700,true,"Synthetic - illustrative ranges, not official statistics",2026
Telangana,Hyderabad,1,ride_hailing,3,66,46,rented_vehicle,80,6670,17.1,7450,3750,1200,2500,1200,16100,4850,true,"Synthetic - illustrative ranges, not official statistics",2026
Telangana,Hyderabad,1,ride_hailing,3,56,32,owned_bike_on_emi,80,6090,21.5,5050,4700,1450,3600,2300,17100,6200,true,"Synthetic - illustrative ranges, not official statistics",2026
Telangana,Hyderabad,1,ride_hailing,3,50,47,owned_bike_paid,80,5730,17.9,5050,4200,1800,0,1550,12600,7350,true,"Synthetic - illustrative ranges, not official statistics",2026
Telangana,Hyderabad,1,ride_hailing,3,58,46,owned_bike_paid,80,7380,19.4,3050,3700,1450,0,1700,9900,12250,true,"Synthetic - illustrative ranges, not official statistics",2026
Telangana,Hyderabad,1,ride_hailing,3,49,40,owned_bike_on_emi,80,5040,20.1,2900,3800,1450,3200,700,12050,4550,true,"Synthetic - illustrative ranges, not official statistics",2026
Telangana,Hyderabad,1,ride_hailing,4,57,31,owned_bike_paid,80,6920,21.9,6500,3550,1800,0,1000,12850,8400,true,"Synthetic - illustrative ranges, not official statistics",2026
Telangana,Hyderabad,1,ride_hailing,4,56,19,owned_bike_on_emi,80,5620,22.8,4800,4050,1200,2400,1850,14300,5650,true,"Synthetic - illustrative ranges, not official statistics",2026
Telangana,Hyderabad,1,ride_hailing,4,50,12,rented_vehicle,80,5680,21.6,2750,3300,1150,1500,850,9550,9100,true,"Synthetic - illustrative ranges, not official statistics",2026
Telangana,Hyderabad,1,ride_hailing,4,60,66,no_vehicle,80,6330,18.8,5550,5000,900,0,1150,12600,7150,true,"Synthetic - illustrative ranges, not official statistics",2026
Telangana,Hyderabad,1,ride_hailing,4,45,6,owned_bike_paid,80,5100,20.6,3400,4550,1200,0,450,9600,8100,true,"Synthetic - illustrative ranges, not official statistics",2026
Telangana,Hyderabad,1,ride_hailing,4,48,13,owned_bike_paid,80,5240,21.7,3050,4000,1650,0,800,9500,8450,true,"Synthetic - illustrative ranges, not official statistics",2026
Telangana,Hyderabad,1,ride_hailing,4,55,24,owned_bike_paid,80,5330,18.6,5150,3900,1400,0,2250,12700,4850,true,"Synthetic - illustrative ranges, not official statistics",2026
Telangana,Hyderabad,1,ride_hailing,4,47,25,owned_bike_paid,80,5180,18.1,2050,3950,1050,0,2750,9800,4550,true,"Synthetic - illustrative ranges, not official statistics",2026
Telangana,Hyderabad,1,ride_hailing,4,60,8,owned_bike_on_emi,80,6190,22.0,3600,4650,1500,3200,2000,14950,6200,true,"Synthetic - illustrative ranges, not official statistics",2026
Telangana,Hyderabad,1,ride_hailing,5,45,13,owned_bike_paid,80,5000,19.8,4250,3500,1350,0,1750,10850,4200,true,"Synthetic - illustrative ranges, not official statistics",2026
Telangana,Hyderabad,1,ride_hailing,5,59,22,rented_vehicle,80,5200,22.0,3100,4600,1550,2000,2250,13500,5300,true,"Synthetic - illustrative ranges, not official statistics",2026
Telangana,Hyderabad,1,ride_hailing,5,55,96,owned_bike_paid,80,6390,18.0,2650,4250,1600,0,2100,10600,6200,true,"Synthetic - illustrative ranges, not official statistics",2026
Telangana,Hyderabad,1,ride_hailing,5,41,68,owned_bike_paid,80,4970,19.2,3400,3750,1300,0,2650,11100,5350,true,"Synthetic - illustrative ranges, not official statistics",2026
Telangana,Hyderabad,1,ride_hailing,5,48,31,no_vehicle,80,5130,18.0,2950,3950,900,0,3100,10900,5650,true,"Synthetic - illustrative ranges, not official statistics",2026
Telangana,Hyderabad,1,ride_hailing,5,46,18,owned_bike_on_emi,80,4940,18.3,3200,4500,1400,4200,1550,14850,3850,true,"Synthetic - illustrative ranges, not official statistics",2026
Telangana,Hyderabad,1,ride_hailing,5,35,24,owned_bike_on_emi,80,4390,22.3,2750,4300,1300,2400,1700,12450,3050,true,"Synthetic - illustrative ranges, not official statistics",2026
Telangana,Hyderabad,1,ride_hailing,5,43,50,owned_bike_paid,80,3970,18.1,5500,4700,1850,0,750,12800,1600,true,"Synthetic - illustrative ranges, not official statistics",2026
Telangana,Hyderabad,1,ride_hailing,5,53,6,no_vehicle,80,5120,20.6,4600,4500,750,0,550,10400,5150,true,"Synthetic - illustrative ranges, not official statistics",2026
Telangana,Hyderabad,1,ride_hailing,6,56,28,owned_bike_on_emi,80,5510,17.4,3150,4200,1200,3200,900,12650,4300,true,"Synthetic - illustrative ranges, not official statistics",2026
Telangana,Hyderabad,1,ride_hailing,6,33,14,owned_bike_paid,80,3270,20.7,6000,3750,1400,0,1300,12450,900,true,"Synthetic - illustrative ranges, not official statistics",2026
Telangana,Hyderabad,1,ride_hailing,6,56,20,owned_bike_on_emi,80,6470,18.5,4950,4800,1650,4200,650,16250,6750,true,"Synthetic - illustrative ranges, not official statistics",2026
Telangana,Hyderabad,1,ride_hailing,6,55,55,rented_vehicle,80,5150,18.6,3400,4300,1650,1500,2050,12900,6250,true,"Synthetic - illustrative ranges, not official statistics",2026
Telangana,Hyderabad,1,ride_hailing,6,51,42,owned_bike_paid,80,6170,21.2,5300,3350,1850,0,1000,11500,5600,true,"Synthetic - illustrative ranges, not official statistics",2026
Telangana,Hyderabad,1,ride_hailing,6,44,63,rented_vehicle,80,4590,21.6,3850,3450,1900,1500,1100,11800,5250,true,"Synthetic - illustrative ranges, not official statistics",2026
Telangana,Hyderabad,1,ride_hailing,6,60,33,owned_bike_paid,80,9270,22.8,5400,3650,1950,0,1850,12850,16100,true,"Synthetic - illustrative ranges, not official statistics",2026
Telangana,Hyderabad,1,ride_hailing,6,45,26,owned_bike_on_emi,80,5210,21.9,4900,3350,1050,2800,1800,13900,3100,true,"Synthetic - illustrative ranges, not official statistics",2026
Telangana,Hyderabad,1,ride_hailing,6,63,34,rented_vehicle,80,6250,21.3,2800,4600,1050,2500,1200,12150,8650,true,"Synthetic - illustrative ranges, not official statistics",2026
Telangana,Hyderabad,1,ride_hailing,7,60,13,owned_bike_paid,80,7070,17.7,5200,4150,1600,0,1950,12900,8600,true,"Synthetic - illustrative ranges, not official statistics",2026
Telangana,Hyderabad,1,ride_hailing,7,48,80,no_vehicle,80,5700,19.8,3600,3900,750,0,850,9100,9900,true,"Synthetic - illustrative ranges, not official statistics",2026
Telangana,Hyderabad,1,ride_hailing,7,64,22,owned_bike_paid,80,7210,18.1,3050,3800,1300,0,650,8800,9550,true,"Synthetic - illustrative ranges, not official statistics",2026
Telangana,Hyderabad,1,ride_hailing,7,34,13,owned_bike_on_emi,80,4120,20.6,3000,4250,1650,4200,1300,14400,1700,true,"Synthetic - illustrative ranges, not official statistics",2026
Telangana,Hyderabad,1,ride_hailing,7,54,40,owned_bike_paid,80,5870,23.0,4750,4200,1450,0,650,11050,5600,true,"Synthetic - illustrative ranges, not official statistics",2026
Telangana,Hyderabad,1,ride_hailing,7,50,21,rented_vehicle,80,4550,17.2,2750,3500,1250,1500,1100,10100,6050,true,"Synthetic - illustrative ranges, not official statistics",2026
Telangana,Hyderabad,1,ride_hailing,7,52,8,owned_bike_on_emi,80,6120,22.9,5100,4050,1250,3600,2600,16600,4450,true,"Synthetic - illustrative ranges, not official statistics",2026
Telangana,Hyderabad,1,ride_hailing,7,44,24,owned_bike_on_emi,80,5420,20.0,2200,3850,1600,3200,1700,12550,7000,true,"Synthetic - illustrative ranges, not official statistics",2026
Telangana,Hyderabad,1,ride_hailing,7,63,22,no_vehicle,80,6660,19.0,2200,4000,750,0,1550,8500,14000,true,"Synthetic - illustrative ranges, not official statistics",2026
Telangana,Hyderabad,1,ride_hailing,8,31,16,rented_vehicle,80,3380,18.9,6100,4150,1500,1500,2800,16050,0,true,"Synthetic - illustrative ranges, not official statistics",2026
Telangana,Hyderabad,1,ride_hailing,8,43,50,no_vehicle,80,5250,19.6,2950,3500,850,0,1000,8300,9600,true,"Synthetic - illustrative ranges, not official statistics",2026
Telangana,Hyderabad,1,ride_hailing,8,47,20,owned_bike_on_emi,80,4890,21.1,2350,4650,1400,4200,2950,15550,3250,true,"Synthetic - illustrative ranges, not official statistics",2026
Telangana,Hyderabad,1,ride_hailing,8,47,48,no_vehicle,80,5620,17.3,2500,3650,850,0,250,7250,8200,true,"Synthetic - illustrative ranges, not official statistics",2026
Telangana,Hyderabad,1,ride_hailing,8,58,31,owned_bike_on_emi,80,6630,19.7,6850,3750,1250,3200,500,15550,8300,true,"Synthetic - illustrative ranges, not official statistics",2026
Telangana,Hyderabad,1,ride_hailing,8,60,96,owned_bike_paid,80,6400,20.3,3600,4450,1250,0,1450,10750,11300,true,"Synthetic - illustrative ranges, not official statistics",2026
Telangana,Hyderabad,1,ride_hailing,8,61,38,owned_bike_on_emi,80,5910,22.4,4950,4000,1700,2800,1000,14450,7250,true,"Synthetic - illustrative ranges, not official statistics",2026
Telangana,Hyderabad,1,ride_hailing,8,42,15,owned_bike_on_emi,80,4440,17.8,5150,3850,1150,4200,850,15200,2400,true,"Synthetic - illustrative ranges, not official statistics",2026
Telangana,Hyderabad,1,ride_hailing,8,53,90,owned_bike_on_emi,80,6220,22.0,2600,3750,1450,3600,750,12150,10000,true,"Synthetic - illustrative ranges, not official statistics",2026
Telangana,Hyderabad,1,ride_hailing,9,60,24,rented_vehicle,80,5670,21.2,3450,4400,1800,1500,600,11750,6400,true,"Synthetic - illustrative ranges, not official statistics",2026
Telangana,Hyderabad,1,ride_hailing,9,59,39,owned_bike_on_emi,80,6230,21.0,7150,4250,1400,2800,1300,16900,3950,true,"Synthetic - illustrative ranges, not official statistics",2026
Telangana,Hyderabad,1,ride_hailing,9,40,24,owned_bike_on_emi,80,4500,18.0,5850,3250,2100,3200,1050,15450,1600,true,"Synthetic - illustrative ranges, not official statistics",2026
Telangana,Hyderabad,1,ride_hailing,9,52,22,owned_bike_on_emi,80,6480,21.6,5200,4700,1350,4200,1250,16700,6050,true,"Synthetic - illustrative ranges, not official statistics",2026
Telangana,Hyderabad,1,ride_hailing,9,30,20,owned_bike_paid,80,4380,17.3,6200,3650,1350,0,2900,14100,3400,true,"Synthetic - illustrative ranges, not official statistics",2026
Telangana,Hyderabad,1,ride_hailing,9,64,68,owned_bike_paid,80,7690,18.4,3850,4400,1450,0,1100,10800,11500,true,"Synthetic - illustrative ranges, not official statistics",2026
Telangana,Hyderabad,1,ride_hailing,9,66,23,owned_bike_paid,80,7790,18.6,7150,4350,1650,0,1550,14700,9900,true,"Synthetic - illustrative ranges, not official statistics",2026
Telangana,Hyderabad,1,ride_hailing,9,57,24,owned_bike_on_emi,80,6920,22.8,3350,3900,1400,2400,750,11800,8400,true,"Synthetic - illustrative ranges, not official statistics",2026
Telangana,Hyderabad,1,ride_hailing,9,45,14,owned_bike_on_emi,80,5110,22.8,5250,4700,1750,3200,750,15650,2900,true,"Synthetic - illustrative ranges, not official statistics",2026
Telangana,Hyderabad,1,ride_hailing,10,63,14,rented_vehicle,80,5870,20.9,3550,5600,1350,2000,2350,14850,6400,true,"Synthetic - illustrative ranges, not official statistics",2026
Telangana,Hyderabad,1,ride_hailing,10,52,8,no_vehicle,80,6310,20.4,4950,4100,950,0,2050,12050,8500,true,"Synthetic - illustrative ranges, not official statistics",2026
Telangana,Hyderabad,1,ride_hailing,10,53,50,owned_bike_paid,80,7200,19.0,6100,4300,1300,0,1150,12850,7350,true,"Synthetic - illustrative ranges, not official statistics",2026
Telangana,Hyderabad,1,ride_hailing,10,55,15,no_vehicle,80,7420,20.0,5700,3950,1150,0,1400,12200,10300,true,"Synthetic - illustrative ranges, not official statistics",2026
Telangana,Hyderabad,1,ride_hailing,10,54,49,owned_bike_on_emi,80,6880,17.2,2650,4850,1350,3200,2150,14200,7750,true,"Synthetic - illustrative ranges, not official statistics",2026
Telangana,Hyderabad,1,ride_hailing,10,51,4,owned_bike_paid,80,6110,22.5,6500,4900,1700,0,1100,14200,7000,true,"Synthetic - illustrative ranges, not official statistics",2026
Telangana,Hyderabad,1,ride_hailing,10,58,36,rented_vehicle,80,7460,20.6,6200,3700,1300,2000,850,14050,8300,true,"Synthetic - illustrative ranges, not official statistics",2026
Telangana,Hyderabad,1,ride_hailing,10,47,28,owned_bike_paid,80,5820,19.7,4800,4300,1300,0,1050,11450,6450,true,"Synthetic - illustrative ranges, not official statistics",2026
Telangana,Hyderabad,1,ride_hailing,10,39,16,rented_vehicle,80,5220,19.5,4350,5300,1600,2500,1100,14850,4400,true,"Synthetic - illustrative ranges, not official statistics",2026
Telangana,Hyderabad,1,ride_hailing,11,45,6,owned_bike_on_emi,80,5030,22.7,2350,3850,1600,3200,450,11450,6550,true,"Synthetic - illustrative ranges, not official statistics",2026
Telangana,Hyderabad,1,ride_hailing,11,69,44,owned_bike_on_emi,80,7790,22.1,3250,4000,1250,3600,1250,13350,12300,true,"Synthetic - illustrative ranges, not official statistics",2026
Telangana,Hyderabad,1,ride_hailing,11,54,41,owned_bike_on_emi,80,6970,21.7,5950,4000,1450,4200,750,16350,4950,true,"Synthetic - illustrative ranges, not official statistics",2026
Telangana,Hyderabad,1,ride_hailing,11,51,34,rented_vehicle,80,5960,19.5,3350,3550,1800,2000,900,11600,7400,true,"Synthetic - illustrative ranges, not official statistics",2026
Telangana,Hyderabad,1,ride_hailing,11,52,16,rented_vehicle,80,5200,17.3,2300,4150,1550,1500,500,10000,4750,true,"Synthetic - illustrative ranges, not official statistics",2026
Telangana,Hyderabad,1,ride_hailing,11,54,36,rented_vehicle,80,5350,18.4,2550,5050,1300,2500,1000,12400,7050,true,"Synthetic - illustrative ranges, not official statistics",2026
Telangana,Hyderabad,1,ride_hailing,11,69,29,owned_bike_on_emi,80,8650,20.1,4250,4150,1050,2800,1050,13300,12850,true,"Synthetic - illustrative ranges, not official statistics",2026
Telangana,Hyderabad,1,ride_hailing,11,44,3,owned_bike_on_emi,80,4420,19.1,2750,4350,1400,2800,1700,13000,2700,true,"Synthetic - illustrative ranges, not official statistics",2026
Telangana,Hyderabad,1,ride_hailing,11,48,50,owned_bike_paid,80,6640,21.6,2900,3950,1450,0,2150,10450,11050,true,"Synthetic - illustrative ranges, not official statistics",2026
Telangana,Hyderabad,1,ride_hailing,12,61,20,rented_vehicle,80,5150,19.6,2250,3900,1650,2500,1850,12150,3750,true,"Synthetic - illustrative ranges, not official statistics",2026
Telangana,Hyderabad,1,ride_hailing,12,63,69,owned_bike_paid,80,9080,19.6,3100,4050,1300,0,1100,9550,17750,true,"Synthetic - illustrative ranges, not official statistics",2026
Telangana,Hyderabad,1,ride_hailing,12,63,4,owned_bike_paid,80,5970,19.7,4900,4200,1450,0,800,11350,8800,true,"Synthetic - illustrative ranges, not official statistics",2026
Telangana,Hyderabad,1,ride_hailing,12,62,31,owned_bike_on_emi,80,7730,19.0,5100,3600,1750,2400,1550,14400,11750,true,"Synthetic - illustrative ranges, not official statistics",2026
Telangana,Hyderabad,1,ride_hailing,12,50,17,owned_bike_on_emi,80,5100,19.9,5600,4200,1650,3600,1000,16050,2900,true,"Synthetic - illustrative ranges, not official statistics",2026
Telangana,Hyderabad,1,ride_hailing,12,57,4,owned_bike_on_emi,80,6110,20.1,4150,4750,1450,2400,750,13500,4900,true,"Synthetic - illustrative ranges, not official statistics",2026
Telangana,Hyderabad,1,ride_hailing,12,54,29,owned_bike_on_emi,80,6880,21.9,5200,5150,1300,2800,2050,16500,7800,true,"Synthetic - illustrative ranges, not official statistics",2026
Telangana,Hyderabad,1,ride_hailing,12,47,7,owned_bike_on_emi,80,5680,22.5,2750,3450,1450,2400,1150,11200,8000,true,"Synthetic - illustrative ranges, not official statistics",2026
Telangana,Hyderabad,1,ride_hailing,12,44,6,owned_bike_paid,80,3970,20.2,4900,3750,1900,0,750,11300,2950,true,"Synthetic - illustrative ranges, not official statistics",2026
Telangana,Hyderabad,1,freelance,1,25,10,owned_bike_paid,80,3370,32.0,5050,3450,1350,0,750,10600,1950,true,"Synthetic - illustrative ranges, not official statistics",2026
Telangana,Hyderabad,1,freelance,1,32,10,owned_bike_paid,80,4230,30.1,3200,4350,1500,0,450,9500,6000,true,"Synthetic - illustrative ranges, not official statistics",2026
Telangana,Hyderabad,1,freelance,1,22,30,no_vehicle,80,2280,32.2,3150,3700,900,0,2500,10250,0,true,"Synthetic - illustrative ranges, not official statistics",2026
Telangana,Hyderabad,1,freelance,1,25,28,no_vehicle,80,3420,26.6,2500,3300,950,0,950,7700,3750,true,"Synthetic - illustrative ranges, not official statistics",2026
Telangana,Hyderabad,1,freelance,1,40,21,owned_bike_paid,80,4800,32.0,3750,4850,1250,0,1850,11700,4150,true,"Synthetic - illustrative ranges, not official statistics",2026
Telangana,Hyderabad,1,freelance,1,31,84,owned_bike_paid,80,3300,33.2,6550,3800,1850,0,1600,13800,200,true,"Synthetic - illustrative ranges, not official statistics",2026
Telangana,Hyderabad,1,freelance,1,36,5,rented_vehicle,80,3570,28.1,2250,3200,1250,2000,700,9400,4250,true,"Synthetic - illustrative ranges, not official statistics",2026
Telangana,Hyderabad,1,freelance,1,34,33,owned_bike_on_emi,80,4210,28.6,2750,4550,1300,4200,800,13600,3150,true,"Synthetic - illustrative ranges, not official statistics",2026
Telangana,Hyderabad,1,freelance,1,38,46,owned_bike_paid,80,4890,28.9,2800,4500,1750,0,1150,10200,4700,true,"Synthetic - illustrative ranges, not official statistics",2026
Telangana,Hyderabad,1,freelance,2,36,33,owned_bike_on_emi,80,4400,31.8,5350,4500,1350,3200,1750,16150,1600,true,"Synthetic - illustrative ranges, not official statistics",2026
Telangana,Hyderabad,1,freelance,2,37,21,owned_bike_on_emi,80,4480,28.6,3450,4100,1400,4200,750,13900,2850,true,"Synthetic - illustrative ranges, not official statistics",2026
Telangana,Hyderabad,1,freelance,2,39,15,owned_bike_paid,80,3810,34.2,4000,3700,2000,0,1250,10950,3600,true,"Synthetic - illustrative ranges, not official statistics",2026
Telangana,Hyderabad,1,freelance,2,50,52,rented_vehicle,80,5510,28.1,3650,4500,1850,1500,1100,12600,6700,true,"Synthetic - illustrative ranges, not official statistics",2026
Telangana,Hyderabad,1,freelance,2,25,50,owned_bike_on_emi,80,3190,25.6,2950,4550,1450,3600,1000,13550,150,true,"Synthetic - illustrative ranges, not official statistics",2026
Telangana,Hyderabad,1,freelance,2,37,39,owned_bike_paid,80,3660,28.8,4050,4200,1650,0,950,10850,2200,true,"Synthetic - illustrative ranges, not official statistics",2026
Telangana,Hyderabad,1,freelance,2,39,4,owned_bike_on_emi,80,4470,32.6,2450,4850,2800,4200,2150,16450,1350,true,"Synthetic - illustrative ranges, not official statistics",2026
Telangana,Hyderabad,1,freelance,2,43,8,owned_bike_paid,80,5210,30.8,3200,4100,1250,0,850,9400,7450,true,"Synthetic - illustrative ranges, not official statistics",2026
Telangana,Hyderabad,1,freelance,2,27,35,owned_bike_on_emi,80,3100,25.8,7250,4300,1500,2800,1400,17250,0,true,"Synthetic - illustrative ranges, not official statistics",2026
Telangana,Hyderabad,1,freelance,3,36,24,no_vehicle,80,5030,29.1,3850,3950,850,0,600,9250,7950,true,"Synthetic - illustrative ranges, not official statistics",2026
Telangana,Hyderabad,1,freelance,3,24,26,no_vehicle,80,2860,31.8,2000,4150,950,0,2900,10000,1450,true,"Synthetic - illustrative ranges, not official statistics",2026
Telangana,Hyderabad,1,freelance,3,39,23,owned_bike_paid,80,4130,33.5,2650,3900,1350,0,800,8700,5250,true,"Synthetic - illustrative ranges, not official statistics",2026
Telangana,Hyderabad,1,freelance,3,37,22,owned_bike_paid,80,3520,29.4,2900,5250,1250,0,950,10350,1950,true,"Synthetic - illustrative ranges, not official statistics",2026
Telangana,Hyderabad,1,freelance,3,33,19,owned_bike_paid,80,4730,32.3,2650,4100,1550,0,750,9050,4700,true,"Synthetic - illustrative ranges, not official statistics",2026
Telangana,Hyderabad,1,freelance,3,25,24,rented_vehicle,80,2410,27.7,5650,4400,1850,2000,1650,15550,0,true,"Synthetic - illustrative ranges, not official statistics",2026
Telangana,Hyderabad,1,freelance,3,29,37,no_vehicle,80,3410,33.9,2950,3600,1000,0,1550,9100,2350,true,"Synthetic - illustrative ranges, not official statistics",2026
Telangana,Hyderabad,1,freelance,3,40,17,no_vehicle,80,6430,28.7,2750,3850,800,0,2850,10250,9350,true,"Synthetic - illustrative ranges, not official statistics",2026
Telangana,Hyderabad,1,freelance,3,32,13,owned_bike_on_emi,80,2340,26.0,2550,3500,1900,2800,1050,11800,0,true,"Synthetic - illustrative ranges, not official statistics",2026
Telangana,Hyderabad,1,freelance,4,55,39,owned_bike_on_emi,80,6230,28.6,6950,4150,1600,2400,400,15500,5950,true,"Synthetic - illustrative ranges, not official statistics",2026
Telangana,Hyderabad,1,freelance,4,37,8,rented_vehicle,80,3500,33.8,2350,4050,1600,2500,1100,11600,2250,true,"Synthetic - illustrative ranges, not official statistics",2026
Telangana,Hyderabad,1,freelance,4,31,9,owned_bike_paid,80,3260,30.5,3600,4050,1450,0,2000,11100,2050,true,"Synthetic - illustrative ranges, not official statistics",2026
Telangana,Hyderabad,1,freelance,4,26,34,owned_bike_paid,80,3840,26.3,4000,4450,1550,0,950,10950,3900,true,"Synthetic - illustrative ranges, not official statistics",2026
Telangana,Hyderabad,1,freelance,4,40,10,owned_bike_paid,80,3940,33.4,2500,4500,1800,0,1200,10000,4700,true,"Synthetic - illustrative ranges, not official statistics",2026
Telangana,Hyderabad,1,freelance,4,27,13,rented_vehicle,80,2650,30.0,5600,4450,1500,2500,3650,17700,0,true,"Synthetic - illustrative ranges, not official statistics",2026
Telangana,Hyderabad,1,freelance,4,37,22,no_vehicle,80,3340,26.4,5800,4000,750,0,2250,12800,1000,true,"Synthetic - illustrative ranges, not official statistics",2026
Telangana,Hyderabad,1,freelance,4,31,29,owned_bike_paid,80,2480,29.0,3600,3950,1500,0,450,9500,600,true,"Synthetic - illustrative ranges, not official statistics",2026
Telangana,Hyderabad,1,freelance,4,37,60,rented_vehicle,80,3220,32.3,2550,3750,1800,1500,750,10350,1850,true,"Synthetic - illustrative ranges, not official statistics",2026
Telangana,Hyderabad,1,freelance,5,43,25,rented_vehicle,80,2960,25.8,5750,4550,1650,2500,1100,15550,0,true,"Synthetic - illustrative ranges, not official statistics",2026
Telangana,Hyderabad,1,freelance,5,33,32,rented_vehicle,80,4460,26.1,3750,3400,1200,1500,1250,11100,4950,true,"Synthetic - illustrative ranges, not official statistics",2026
Telangana,Hyderabad,1,freelance,5,53,27,owned_bike_paid,80,7570,28.9,3050,4700,1800,0,750,10300,10500,true,"Synthetic - illustrative ranges, not official statistics",2026
Telangana,Hyderabad,1,freelance,5,44,11,owned_bike_paid,80,6360,26.3,5700,4400,1450,0,400,11950,6200,true,"Synthetic - illustrative ranges, not official statistics",2026
Telangana,Hyderabad,1,freelance,5,35,2,owned_bike_on_emi,80,3510,31.2,2550,3750,1500,2400,1250,11450,2000,true,"Synthetic - illustrative ranges, not official statistics",2026
Telangana,Hyderabad,1,freelance,5,34,96,owned_bike_on_emi,80,3740,31.7,3050,4450,1350,2400,900,12150,2800,true,"Synthetic - illustrative ranges, not official statistics",2026
Telangana,Hyderabad,1,freelance,5,42,27,rented_vehicle,80,4210,27.0,7300,4150,1500,1500,2450,16900,900,true,"Synthetic - illustrative ranges, not official statistics",2026
Telangana,Hyderabad,1,freelance,5,29,34,rented_vehicle,80,3160,30.2,2150,3900,2300,1500,850,10700,1650,true,"Synthetic - illustrative ranges, not official statistics",2026
Telangana,Hyderabad,1,freelance,5,29,29,owned_bike_on_emi,80,3240,32.4,5550,4250,1600,3200,2050,16650,0,true,"Synthetic - illustrative ranges, not official statistics",2026
Telangana,Hyderabad,1,freelance,6,42,3,owned_bike_on_emi,80,5380,26.7,2650,3900,1450,2400,550,10950,5500,true,"Synthetic - illustrative ranges, not official statistics",2026
Telangana,Hyderabad,1,freelance,6,26,40,rented_vehicle,80,2890,30.4,5300,3650,1200,1500,1000,12650,0,true,"Synthetic - illustrative ranges, not official statistics",2026
Telangana,Hyderabad,1,freelance,6,37,12,rented_vehicle,80,3070,26.9,3900,4250,1450,2000,1450,13050,100,true,"Synthetic - illustrative ranges, not official statistics",2026
Telangana,Hyderabad,1,freelance,6,21,22,rented_vehicle,80,2170,29.8,3050,4350,1700,2500,1000,12600,0,true,"Synthetic - illustrative ranges, not official statistics",2026
Telangana,Hyderabad,1,freelance,6,31,43,owned_bike_paid,80,4110,30.8,2300,4000,1800,0,350,8450,3850,true,"Synthetic - illustrative ranges, not official statistics",2026
Telangana,Hyderabad,1,freelance,6,38,30,owned_bike_on_emi,80,4080,34.0,5850,4150,1250,4200,3700,19150,0,true,"Synthetic - illustrative ranges, not official statistics",2026
Telangana,Hyderabad,1,freelance,6,14,24,owned_bike_paid,80,1640,27.4,2600,3550,1800,0,1150,9100,0,true,"Synthetic - illustrative ranges, not official statistics",2026
Telangana,Hyderabad,1,freelance,6,31,14,no_vehicle,80,2350,27.4,2950,4500,1250,0,2350,11050,0,true,"Synthetic - illustrative ranges, not official statistics",2026
Telangana,Hyderabad,1,freelance,6,33,13,owned_bike_on_emi,80,3270,32.5,5200,3900,1250,3200,450,14000,50,true,"Synthetic - illustrative ranges, not official statistics",2026
Telangana,Hyderabad,1,freelance,7,32,31,owned_bike_paid,80,3930,26.0,3800,4100,1500,0,550,9950,4350,true,"Synthetic - illustrative ranges, not official statistics",2026
Telangana,Hyderabad,1,freelance,7,26,23,owned_bike_paid,80,3360,30.2,4000,4350,1400,0,1400,11150,2050,true,"Synthetic - illustrative ranges, not official statistics",2026
Telangana,Hyderabad,1,freelance,7,41,28,rented_vehicle,80,4450,28.2,2950,4150,1950,2000,1250,12300,2850,true,"Synthetic - illustrative ranges, not official statistics",2026
Telangana,Hyderabad,1,freelance,7,37,15,owned_bike_on_emi,80,4230,34.3,2950,3200,1650,4200,1300,13300,1950,true,"Synthetic - illustrative ranges, not official statistics",2026
Telangana,Hyderabad,1,freelance,7,44,22,owned_bike_on_emi,80,4610,31.0,2450,4050,1400,3600,2200,13700,3650,true,"Synthetic - illustrative ranges, not official statistics",2026
Telangana,Hyderabad,1,freelance,7,42,6,rented_vehicle,80,3620,28.7,2700,4100,1550,1500,800,10650,3200,true,"Synthetic - illustrative ranges, not official statistics",2026
Telangana,Hyderabad,1,freelance,7,35,10,rented_vehicle,80,3140,31.7,4450,4600,1100,2000,1650,13800,0,true,"Synthetic - illustrative ranges, not official statistics",2026
Telangana,Hyderabad,1,freelance,7,38,9,owned_bike_paid,80,5170,33.4,5800,4500,2100,0,1100,13500,4450,true,"Synthetic - illustrative ranges, not official statistics",2026
Telangana,Hyderabad,1,freelance,7,23,23,owned_bike_paid,80,2120,26.2,2600,4000,1450,0,750,8800,250,true,"Synthetic - illustrative ranges, not official statistics",2026
Telangana,Hyderabad,1,freelance,8,28,25,owned_bike_on_emi,80,3180,30.1,2700,3600,1500,2800,2000,12600,700,true,"Synthetic - illustrative ranges, not official statistics",2026
Telangana,Hyderabad,1,freelance,8,19,20,owned_bike_on_emi,80,2140,31.4,3050,4650,1300,2800,900,12700,0,true,"Synthetic - illustrative ranges, not official statistics",2026
Telangana,Hyderabad,1,freelance,8,40,14,owned_bike_paid,80,3880,30.5,2600,3900,1750,0,850,9100,3550,true,"Synthetic - illustrative ranges, not official statistics",2026
Telangana,Hyderabad,1,freelance,8,42,30,rented_vehicle,80,3950,33.9,5700,3900,1650,2000,1250,14500,1350,true,"Synthetic - illustrative ranges, not official statistics",2026
Telangana,Hyderabad,1,freelance,8,38,18,owned_bike_paid,80,4410,28.7,5200,3300,1800,0,750,11050,4000,true,"Synthetic - illustrative ranges, not official statistics",2026
Telangana,Hyderabad,1,freelance,8,46,75,no_vehicle,80,5660,26.9,4250,4300,800,0,250,9600,7650,true,"Synthetic - illustrative ranges, not official statistics",2026
Telangana,Hyderabad,1,freelance,8,42,52,owned_bike_paid,80,3910,28.8,2900,4150,1600,0,1300,9950,4350,true,"Synthetic - illustrative ranges, not official statistics",2026
Telangana,Hyderabad,1,freelance,8,37,69,owned_bike_paid,80,4370,31.2,3300,4300,1800,0,850,10250,5350,true,"Synthetic - illustrative ranges, not official statistics",2026
Telangana,Hyderabad,1,freelance,8,34,9,rented_vehicle,80,4260,32.0,3250,4400,1350,1500,2900,13400,3500,true,"Synthetic - illustrative ranges, not official statistics",2026
Telangana,Hyderabad,1,freelance,9,38,26,no_vehicle,80,3490,29.5,5600,3900,1100,0,800,11400,2550,true,"Synthetic - illustrative ranges, not official statistics",2026
Telangana,Hyderabad,1,freelance,9,20,43,rented_vehicle,80,2180,26.7,2600,3950,1250,2000,1400,11200,0,true,"Synthetic - illustrative ranges, not official statistics",2026
Telangana,Hyderabad,1,freelance,9,39,33,owned_bike_on_emi,80,4740,34.1,2200,4150,1650,2400,1000,11400,3900,true,"Synthetic - illustrative ranges, not official statistics",2026
Telangana,Hyderabad,1,freelance,9,28,34,owned_bike_on_emi,80,4010,31.0,3750,4550,1450,2400,1100,13250,1650,true,"Synthetic - illustrative ranges, not official statistics",2026
Telangana,Hyderabad,1,freelance,9,32,35,rented_vehicle,80,4590,28.2,2400,4450,1350,2500,400,11100,5350,true,"Synthetic - illustrative ranges, not official statistics",2026
Telangana,Hyderabad,1,freelance,9,32,24,owned_bike_paid,80,2870,32.0,3550,4050,1500,0,1350,10450,1050,true,"Synthetic - illustrative ranges, not official statistics",2026
Telangana,Hyderabad,1,freelance,9,30,9,rented_vehicle,80,2240,26.9,5100,4100,1550,1500,300,12550,0,true,"Synthetic - illustrative ranges, not official statistics",2026
Telangana,Hyderabad,1,freelance,9,37,26,owned_bike_paid,80,5200,31.5,5200,4000,1700,0,600,11500,7200,true,"Synthetic - illustrative ranges, not official statistics",2026
Telangana,Hyderabad,1,freelance,9,30,27,owned_bike_on_emi,80,4600,27.0,2150,5050,1650,2400,550,11800,5350,true,"Synthetic - illustrative ranges, not official statistics",2026
Telangana,Hyderabad,1,freelance,10,25,10,owned_bike_on_emi,80,4380,33.9,4650,3600,1650,4200,1200,15300,1450,true,"Synthetic - illustrative ranges, not official statistics",2026
Telangana,Hyderabad,1,freelance,10,38,96,owned_bike_paid,80,4560,28.4,2600,4450,1400,0,2150,10600,3550,true,"Synthetic - illustrative ranges, not official statistics",2026
Telangana,Hyderabad,1,freelance,10,34,9,rented_vehicle,80,3310,30.8,5800,4500,1550,1500,1050,14400,0,true,"Synthetic - illustrative ranges, not official statistics",2026
Telangana,Hyderabad,1,freelance,10,35,87,rented_vehicle,80,4360,31.2,4900,3900,1400,2000,450,12650,2600,true,"Synthetic - illustrative ranges, not official statistics",2026
Telangana,Hyderabad,1,freelance,10,44,35,no_vehicle,80,5110,28.1,4250,4150,1150,0,1600,11150,7500,true,"Synthetic - illustrative ranges, not official statistics",2026
Telangana,Hyderabad,1,freelance,10,42,19,owned_bike_on_emi,80,5690,31.4,2100,3600,1700,4200,1150,12750,6850,true,"Synthetic - illustrative ranges, not official statistics",2026
Telangana,Hyderabad,1,freelance,10,44,59,rented_vehicle,80,5150,28.1,3850,3850,1550,2000,1550,12800,6450,true,"Synthetic - illustrative ranges, not official statistics",2026
Telangana,Hyderabad,1,freelance,10,35,18,owned_bike_on_emi,80,4090,27.7,4950,3800,1600,3600,1800,15750,800,true,"Synthetic - illustrative ranges, not official statistics",2026
Telangana,Hyderabad,1,freelance,10,34,25,owned_bike_on_emi,80,4020,27.9,3700,4150,1250,3600,1050,13750,2400,true,"Synthetic - illustrative ranges, not official statistics",2026
Telangana,Hyderabad,1,freelance,11,33,27,no_vehicle,80,3410,28.3,2600,4950,850,0,1600,10000,2750,true,"Synthetic - illustrative ranges, not official statistics",2026
Telangana,Hyderabad,1,freelance,11,45,58,no_vehicle,80,5210,28.0,7600,4800,850,0,1850,15100,4750,true,"Synthetic - illustrative ranges, not official statistics",2026
Telangana,Hyderabad,1,freelance,11,18,20,rented_vehicle,80,3460,28.3,4250,4400,1700,2500,1350,14200,450,true,"Synthetic - illustrative ranges, not official statistics",2026
Telangana,Hyderabad,1,freelance,11,37,25,owned_bike_on_emi,80,4480,27.1,3750,5000,1350,2400,1350,13850,3750,true,"Synthetic - illustrative ranges, not official statistics",2026
Telangana,Hyderabad,1,freelance,11,51,4,owned_bike_paid,80,6100,28.0,4000,3750,1650,0,2800,12200,9900,true,"Synthetic - illustrative ranges, not official statistics",2026
Telangana,Hyderabad,1,freelance,11,32,10,owned_bike_paid,80,3570,27.9,3100,4500,1450,0,850,9900,2950,true,"Synthetic - illustrative ranges, not official statistics",2026
Telangana,Hyderabad,1,freelance,11,30,25,owned_bike_on_emi,80,3630,32.6,5900,4000,1650,4200,700,16450,0,true,"Synthetic - illustrative ranges, not official statistics",2026
Telangana,Hyderabad,1,freelance,11,33,63,owned_bike_paid,80,6410,26.1,5000,4000,1450,0,750,11200,6000,true,"Synthetic - illustrative ranges, not official statistics",2026
Telangana,Hyderabad,1,freelance,11,32,14,owned_bike_on_emi,80,3210,29.3,3100,3900,1600,4200,1250,14050,0,true,"Synthetic - illustrative ranges, not official statistics",2026
Telangana,Hyderabad,1,freelance,12,34,44,owned_bike_paid,80,4290,29.3,2300,3800,1550,0,800,8450,5250,true,"Synthetic - illustrative ranges, not official statistics",2026
Telangana,Hyderabad,1,freelance,12,44,38,rented_vehicle,80,4890,29.0,2850,5250,1550,2500,850,13000,4150,true,"Synthetic - illustrative ranges, not official statistics",2026
Telangana,Hyderabad,1,freelance,12,54,18,owned_bike_paid,80,7190,28.7,6350,3250,1250,0,2650,13500,6200,true,"Synthetic - illustrative ranges, not official statistics",2026
Telangana,Hyderabad,1,freelance,12,51,22,rented_vehicle,80,4830,34.2,4250,3350,1750,1500,450,11300,5800,true,"Synthetic - illustrative ranges, not official statistics",2026
Telangana,Hyderabad,1,freelance,12,33,4,no_vehicle,80,3220,30.6,2550,4050,900,0,1000,8500,1950,true,"Synthetic - illustrative ranges, not official statistics",2026
Telangana,Hyderabad,1,freelance,12,34,17,no_vehicle,80,5060,31.4,4500,4100,950,0,800,10350,6600,true,"Synthetic - illustrative ranges, not official statistics",2026
Telangana,Hyderabad,1,freelance,12,38,32,owned_bike_on_emi,80,3370,29.9,3250,5200,1850,4200,1750,16250,0,true,"Synthetic - illustrative ranges, not official statistics",2026
Telangana,Hyderabad,1,freelance,12,44,43,no_vehicle,80,5100,27.1,2500,4900,900,0,1300,9600,4600,true,"Synthetic - illustrative ranges, not official statistics",2026
Telangana,Hyderabad,1,freelance,12,39,21,owned_bike_on_emi,80,4250,29.2,4300,5900,1850,3200,2250,17500,350,true,"Synthetic - illustrative ranges, not official statistics",2026
Maharashtra,Mumbai,1,delivery,1,37,14,owned_bike_on_emi,100,3700,19.2,5000,5150,1900,3600,1450,17100,0,true,"Synthetic - illustrative ranges, not official statistics",2026
Maharashtra,Mumbai,1,delivery,1,38,4,owned_bike_paid,100,3520,15.5,5500,4400,1800,0,2600,14300,350,true,"Synthetic - illustrative ranges, not official statistics",2026
Maharashtra,Mumbai,1,delivery,1,42,38,owned_bike_on_emi,100,4630,18.2,10500,5350,1600,2400,1550,21400,0,true,"Synthetic - illustrative ranges, not official statistics",2026
Maharashtra,Mumbai,1,delivery,1,46,26,no_vehicle,100,5650,15.2,10000,5600,1250,0,1500,18350,3900,true,"Synthetic - illustrative ranges, not official statistics",2026
Maharashtra,Mumbai,1,delivery,1,42,22,owned_bike_on_emi,100,3790,16.3,4100,5100,2550,2400,1200,15350,550,true,"Synthetic - illustrative ranges, not official statistics",2026
Maharashtra,Mumbai,1,delivery,1,60,28,no_vehicle,100,5900,15.9,7750,5650,1100,0,2500,17000,5250,true,"Synthetic - illustrative ranges, not official statistics",2026
Maharashtra,Mumbai,1,delivery,1,41,13,owned_bike_paid,100,4400,15.8,6600,5600,1850,0,850,14900,2250,true,"Synthetic - illustrative ranges, not official statistics",2026
Maharashtra,Mumbai,1,delivery,1,51,16,no_vehicle,100,5200,19.2,5850,4450,1450,0,1300,13050,3950,true,"Synthetic - illustrative ranges, not official statistics",2026
Maharashtra,Mumbai,1,delivery,1,40,9,owned_bike_paid,100,4030,18.2,11550,5250,2250,0,1100,20150,0,true,"Synthetic - illustrative ranges, not official statistics",2026
Maharashtra,Mumbai,1,delivery,2,39,48,rented_vehicle,100,3270,19.5,8100,5900,1550,2000,850,18400,0,true,"Synthetic - illustrative ranges, not official statistics",2026
Maharashtra,Mumbai,1,delivery,2,46,35,no_vehicle,100,4420,14.5,10600,5450,1100,0,850,18000,700,true,"Synthetic - illustrative ranges, not official statistics",2026
Maharashtra,Mumbai,1,delivery,2,36,32,no_vehicle,100,3820,16.6,11450,4800,1350,0,1100,18700,0,true,"Synthetic - illustrative ranges, not official statistics",2026
Maharashtra,Mumbai,1,delivery,2,44,29,no_vehicle,100,4500,19.5,6000,5800,900,0,1150,13850,2000,true,"Synthetic - illustrative ranges, not official statistics",2026
Maharashtra,Mumbai,1,delivery,2,35,52,no_vehicle,100,3870,15.8,4400,5400,1150,0,1000,11950,1700,true,"Synthetic - illustrative ranges, not official statistics",2026
Maharashtra,Mumbai,1,delivery,2,36,17,rented_vehicle,100,3290,16.1,5550,5600,2250,2000,2050,17450,0,true,"Synthetic - illustrative ranges, not official statistics",2026
Maharashtra,Mumbai,1,delivery,2,52,40,rented_vehicle,100,4810,18.4,12100,5950,1950,1500,1700,23200,0,true,"Synthetic - illustrative ranges, not official statistics",2026
Maharashtra,Mumbai,1,delivery,2,37,33,no_vehicle,100,4240,16.4,5600,5550,1000,0,1600,13750,2400,true,"Synthetic - illustrative ranges, not official statistics",2026
Maharashtra,Mumbai,1,delivery,2,38,9,owned_bike_on_emi,100,3510,19.0,12050,5950,2200,2800,3450,26450,0,true,"Synthetic - illustrative ranges, not official statistics",2026
Maharashtra,Mumbai,1,delivery,3,66,73,owned_bike_paid,100,6920,16.4,9200,6600,1850,0,1150,18800,7700,true,"Synthetic - illustrative ranges, not official statistics",2026
Maharashtra,Mumbai,1,delivery,3,39,18,rented_vehicle,100,3860,18.2,6550,5750,1650,2500,1700,18150,0,true,"Synthetic - illustrative ranges, not official statistics",2026
Maharashtra,Mumbai,1,delivery,3,46,76,owned_bike_paid,100,5910,18.5,5850,5100,2300,0,850,14100,8000,true,"Synthetic - illustrative ranges, not official statistics",2026
Maharashtra,Mumbai,1,delivery,3,59,26,owned_bike_on_emi,100,6470,14.8,10050,6900,1500,2400,2300,23150,2850,true,"Synthetic - illustrative ranges, not official statistics",2026
Maharashtra,Mumbai,1,delivery,3,35,35,owned_bike_on_emi,100,4560,16.5,11150,5850,1750,2800,600,22150,0,true,"Synthetic - illustrative ranges, not official statistics",2026
Maharashtra,Mumbai,1,delivery,3,30,19,rented_vehicle,100,3530,16.7,6500,4400,2100,1500,1850,16350,0,true,"Synthetic - illustrative ranges, not official statistics",2026
Maharashtra,Mumbai,1,delivery,3,58,47,owned_bike_paid,100,5840,16.5,11400,4000,1800,0,1800,19000,4050,true,"Synthetic - illustrative ranges, not official statistics",2026
Maharashtra,Mumbai,1,delivery,3,45,8,no_vehicle,100,4960,18.5,7050,6250,1100,0,500,14900,2600,true,"Synthetic - illustrative ranges, not official statistics",2026
Maharashtra,Mumbai,1,delivery,3,37,72,owned_bike_paid,100,4940,17.8,6000,6250,1600,0,3300,17150,1850,true,"Synthetic - illustrative ranges, not official statistics",2026
Maharashtra,Mumbai,1,delivery,4,60,12,owned_bike_paid,100,6260,15.2,7500,5550,2300,0,800,16150,4850,true,"Synthetic - illustrative ranges, not official statistics",2026
Maharashtra,Mumbai,1,delivery,4,48,11,owned_bike_on_emi,100,4810,15.8,13500,5700,1700,3200,750,24850,0,true,"Synthetic - illustrative ranges, not official statistics",2026
Maharashtra,Mumbai,1,delivery,4,50,18,rented_vehicle,100,4300,16.3,9350,5500,1750,1500,1700,19800,0,true,"Synthetic - illustrative ranges, not official statistics",2026
Maharashtra,Mumbai,1,delivery,4,57,23,owned_bike_on_emi,100,5210,15.6,8050,5900,1650,2400,450,18450,2200,true,"Synthetic - illustrative ranges, not official statistics",2026
Maharashtra,Mumbai,1,delivery,4,46,47,owned_bike_on_emi,100,4510,19.1,4600,5200,2150,4200,2500,18650,550,true,"Synthetic - illustrative ranges, not official statistics",2026
Maharashtra,Mumbai,1,delivery,4,47,18,no_vehicle,100,5230,15.2,9950,5100,850,0,1950,17850,2150,true,"Synthetic - illustrative ranges, not official statistics",2026
Maharashtra,Mumbai,1,delivery,4,51,42,no_vehicle,100,5240,16.4,5500,6650,900,0,1000,14050,5400,true,"Synthetic - illustrative ranges, not official statistics",2026
Maharashtra,Mumbai,1,delivery,4,43,50,owned_bike_on_emi,100,4910,16.5,12750,4800,1700,4200,1550,25000,0,true,"Synthetic - illustrative ranges, not official statistics",2026
Maharashtra,Mumbai,1,delivery,4,40,55,owned_bike_paid,100,4450,17.1,5750,5350,1600,0,550,13250,3500,true,"Synthetic - illustrative ranges, not official statistics",2026
Maharashtra,Mumbai,1,delivery,5,50,13,owned_bike_on_emi,100,4730,15.6,15750,5300,1750,3200,2000,28000,0,true,"Synthetic - illustrative ranges, not official statistics",2026
Maharashtra,Mumbai,1,delivery,5,38,32,no_vehicle,100,4120,14.9,6150,6100,850,0,600,13700,1650,true,"Synthetic - illustrative ranges, not official statistics",2026
Maharashtra,Mumbai,1,delivery,5,63,20,owned_bike_paid,100,6550,16.8,4800,5050,2600,0,1750,14200,9400,true,"Synthetic - illustrative ranges, not official statistics",2026
Maharashtra,Mumbai,1,delivery,5,46,41,owned_bike_on_emi,100,4930,16.5,8700,5600,1450,3600,1300,20650,400,true,"Synthetic - illustrative ranges, not official statistics",2026
Maharashtra,Mumbai,1,delivery,5,45,78,owned_bike_paid,100,4900,15.4,4650,5100,1800,0,650,12200,4200,true,"Synthetic - illustrative ranges, not official statistics",2026
Maharashtra,Mumbai,1,delivery,5,60,70,owned_bike_on_emi,100,5340,18.1,5800,5200,1850,3200,500,16550,3750,true,"Synthetic - illustrative ranges, not official statistics",2026
Maharashtra,Mumbai,1,delivery,5,47,11,owned_bike_on_emi,100,4270,14.6,5250,4650,1650,2800,1050,15400,1250,true,"Synthetic - illustrative ranges, not official statistics",2026
Maharashtra,Mumbai,1,delivery,5,65,4,owned_bike_paid,100,5340,16.1,10650,5550,2350,0,300,18850,1800,true,"Synthetic - illustrative ranges, not official statistics",2026
Maharashtra,Mumbai,1,delivery,5,52,53,owned_bike_on_emi,100,6190,15.3,9450,5650,1350,2400,800,19650,4850,true,"Synthetic - illustrative ranges, not official statistics",2026
Maharashtra,Mumbai,1,delivery,6,60,44,owned_bike_paid,100,6770,17.9,5950,5500,1600,0,300,13350,6900,true,"Synthetic - illustrative ranges, not official statistics",2026
Maharashtra,Mumbai,1,delivery,6,33,4,owned_bike_on_emi,100,3330,16.3,8500,5750,1900,3600,1800,21550,0,true,"Synthetic - illustrative ranges, not official statistics",2026
Maharashtra,Mumbai,1,delivery,6,41,21,owned_bike_paid,100,4370,17.6,9300,5500,1550,0,2200,18550,200,true,"Synthetic - illustrative ranges, not official statistics",2026
Maharashtra,Mumbai,1,delivery,6,44,18,owned_bike_on_emi,100,3710,17.8,11300,6150,2000,3600,1400,24450,0,true,"Synthetic - illustrative ranges, not official statistics",2026
Maharashtra,Mumbai,1,delivery,6,59,31,owned_bike_on_emi,100,7530,18.7,12150,5800,1950,3200,1200,24300,4150,true,"Synthetic - illustrative ranges, not official statistics",2026
Maharashtra,Mumbai,1,delivery,6,46,5,no_vehicle,100,4790,16.7,5350,6550,1350,0,2500,15750,2850,true,"Synthetic - illustrative ranges, not official statistics",2026
Maharashtra,Mumbai,1,delivery,6,43,25,owned_bike_on_emi,100,4630,17.5,9800,5750,2300,2400,1000,21250,0,true,"Synthetic - illustrative ranges, not official statistics",2026
Maharashtra,Mumbai,1,delivery,6,46,35,owned_bike_paid,100,5650,18.7,7350,6350,2000,0,1100,16800,4050,true,"Synthetic - illustrative ranges, not official statistics",2026
Maharashtra,Mumbai,1,delivery,6,49,17,no_vehicle,100,4810,15.6,11900,5300,1350,0,1350,19900,350,true,"Synthetic - illustrative ranges, not official statistics",2026
Maharashtra,Mumbai,1,delivery,7,42,17,rented_vehicle,100,3870,17.6,9750,5550,1900,1500,600,19300,0,true,"Synthetic - illustrative ranges, not official statistics",2026
Maharashtra,Mumbai,1,delivery,7,54,64,owned_bike_on_emi,100,6330,16.1,8150,4150,1900,3600,1600,19400,5350,true,"Synthetic - illustrative ranges, not official statistics",2026
Maharashtra,Mumbai,1,delivery,7,47,96,rented_vehicle,100,5330,19.0,9400,6200,1950,2000,1450,21000,1050,true,"Synthetic - illustrative ranges, not official statistics",2026
Maharashtra,Mumbai,1,delivery,7,47,30,owned_bike_on_emi,100,5210,19.5,9750,6150,1650,3200,950,21700,450,true,"Synthetic - illustrative ranges, not official statistics",2026
Maharashtra,Mumbai,1,delivery,7,46,14,no_vehicle,100,4930,17.3,6200,5700,1150,0,1300,14350,3400,true,"Synthetic - illustrative ranges, not official statistics",2026
Maharashtra,Mumbai,1,delivery,7,32,5,owned_bike_paid,100,3360,18.9,11100,4950,2100,0,2300,20450,0,true,"Synthetic - illustrative ranges, not official statistics",2026
Maharashtra,Mumbai,1,delivery,7,36,14,owned_bike_on_emi,100,3740,16.1,6350,5000,2550,3200,1050,18150,0,true,"Synthetic - illustrative ranges, not official statistics",2026
Maharashtra,Mumbai,1,delivery,7,57,68,owned_bike_paid,100,6990,18.4,6150,5400,2200,0,1900,15650,9700,true,"Synthetic - illustrative ranges, not official statistics",2026
Maharashtra,Mumbai,1,delivery,7,28,4,owned_bike_on_emi,100,3400,19.4,8500,5200,2300,2800,1500,20300,0,true,"Synthetic - illustrative ranges, not official statistics",2026
Maharashtra,Mumbai,1,delivery,8,47,4,rented_vehicle,100,4470,18.0,9350,5500,1650,2500,950,19950,0,true,"Synthetic - illustrative ranges, not official statistics",2026
Maharashtra,Mumbai,1,delivery,8,39,12,owned_bike_on_emi,100,4260,15.8,9700,5000,1850,3200,500,20250,0,true,"Synthetic - illustrative ranges, not official statistics",2026
Maharashtra,Mumbai,1,delivery,8,43,44,owned_bike_paid,100,4730,16.4,3900,5250,1550,0,1200,11900,4100,true,"Synthetic - illustrative ranges, not official statistics",2026
Maharashtra,Mumbai,1,delivery,8,56,31,owned_bike_on_emi,100,7300,19.4,5350,5850,1650,4200,1400,18450,8600,true,"Synthetic - illustrative ranges, not official statistics",2026
Maharashtra,Mumbai,1,delivery,8,42,25,owned_bike_paid,100,5160,18.0,4000,5400,1900,0,1350,12650,6200,true,"Synthetic - illustrative ranges, not official statistics",2026
Maharashtra,Mumbai,1,delivery,8,47,16,owned_bike_paid,100,6110,18.0,4000,5450,2000,0,700,12150,7950,true,"Synthetic - illustrative ranges, not official statistics",2026
Maharashtra,Mumbai,1,delivery,8,40,15,owned_bike_on_emi,100,4620,14.7,7450,4700,1700,2800,2900,19550,250,true,"Synthetic - illustrative ranges, not official statistics",2026
Maharashtra,Mumbai,1,delivery,8,52,37,rented_vehicle,100,5390,18.3,7700,5500,1650,1500,2800,19150,1750,true,"Synthetic - illustrative ranges, not official statistics",2026
Maharashtra,Mumbai,1,delivery,8,48,5,no_vehicle,100,5080,16.5,6500,4950,1350,0,2700,15500,3300,true,"Synthetic - illustrative ranges, not official statistics",2026
Maharashtra,Mumbai,1,delivery,9,47,75,owned_bike_paid,100,5780,17.0,6300,5700,1850,0,2300,16150,3700,true,"Synthetic - illustrative ranges, not official statistics",2026
Maharashtra,Mumbai,1,delivery,9,52,16,owned_bike_on_emi,100,5480,18.9,11600,5950,1850,4200,1750,25350,0,true,"Synthetic - illustrative ranges, not official statistics",2026
Maharashtra,Mumbai,1,delivery,9,56,21,owned_bike_paid,100,7120,14.6,12500,7250,1400,0,1650,22800,5200,true,"Synthetic - illustrative ranges, not official statistics",2026
Maharashtra,Mumbai,1,delivery,9,41,18,owned_bike_on_emi,100,4390,18.9,5600,5750,1650,2400,450,15850,1450,true,"Synthetic - illustrative ranges, not official statistics",2026
Maharashtra,Mumbai,1,delivery,9,52,64,rented_vehicle,100,7150,17.4,3950,5500,2050,2000,1700,15200,9900,true,"Synthetic - illustrative ranges, not official statistics",2026
Maharashtra,Mumbai,1,delivery,9,46,42,rented_vehicle,100,4990,18.8,10150,4950,1600,2000,1400,20100,900,true,"Synthetic - illustrative ranges, not official statistics",2026
Maharashtra,Mumbai,1,delivery,9,63,13,owned_bike_paid,100,7780,18.7,12450,6200,1650,0,1150,21450,7600,true,"Synthetic - illustrative ranges, not official statistics",2026
Maharashtra,Mumbai,1,delivery,9,47,86,owned_bike_on_emi,100,4790,19.1,5000,6600,1950,2400,550,16500,1950,true,"Synthetic - illustrative ranges, not official statistics",2026
Maharashtra,Mumbai,1,delivery,9,45,14,rented_vehicle,100,3950,16.1,4400,5750,1800,2000,1500,15450,700,true,"Synthetic - illustrative ranges, not official statistics",2026
Maharashtra,Mumbai,1,delivery,10,52,47,no_vehicle,100,6540,14.9,6050,4800,1300,0,450,12600,8350,true,"Synthetic - illustrative ranges, not official statistics",2026
Maharashtra,Mumbai,1,delivery,10,49,12,no_vehicle,100,5300,19.4,13000,5950,1400,0,2350,22700,100,true,"Synthetic - illustrative ranges, not official statistics",2026
Maharashtra,Mumbai,1,delivery,10,49,49,owned_bike_paid,100,6830,17.7,6100,6200,2100,0,850,15250,7950,true,"Synthetic - illustrative ranges, not official statistics",2026
Maharashtra,Mumbai,1,delivery,10,46,11,rented_vehicle,100,5250,18.1,7050,4700,1950,1500,900,16100,2850,true,"Synthetic - illustrative ranges, not official statistics",2026
Maharashtra,Mumbai,1,delivery,10,48,34,owned_bike_on_emi,100,7550,17.6,4500,4900,2400,2400,1800,16000,9900,true,"Synthetic - illustrative ranges, not official statistics",2026
Maharashtra,Mumbai,1,delivery,10,50,59,owned_bike_paid,100,6590,17.7,4750,4750,2050,0,1750,13300,6250,true,"Synthetic - illustrative ranges, not official statistics",2026
Maharashtra,Mumbai,1,delivery,10,60,43,rented_vehicle,100,6410,18.9,6700,4800,1600,1500,1150,15750,6700,true,"Synthetic - illustrative ranges, not official statistics",2026
Maharashtra,Mumbai,1,delivery,10,44,26,owned_bike_paid,100,6480,15.8,5650,5950,1900,0,1050,14550,6950,true,"Synthetic - illustrative ranges, not official statistics",2026
Maharashtra,Mumbai,1,delivery,10,54,33,owned_bike_on_emi,100,6800,17.2,6000,5150,1700,2800,200,15850,7700,true,"Synthetic - illustrative ranges, not official statistics",2026
Maharashtra,Mumbai,1,delivery,11,44,31,owned_bike_on_emi,100,6030,14.6,10300,5250,2300,4200,500,22550,1350,true,"Synthetic - illustrative ranges, not official statistics",2026
Maharashtra,Mumbai,1,delivery,11,39,9,rented_vehicle,100,4460,14.5,5900,5850,2050,1500,1350,16650,1300,true,"Synthetic - illustrative ranges, not official statistics",2026
Maharashtra,Mumbai,1,delivery,11,46,48,owned_bike_on_emi,100,5860,15.3,10950,6050,2050,3200,1850,24100,650,true,"Synthetic - illustrative ranges, not official statistics",2026
Maharashtra,Mumbai,1,delivery,11,49,45,owned_bike_on_emi,100,5860,15.1,5250,5850,2000,2400,1150,16650,5900,true,"Synthetic - illustrative ranges, not official statistics",2026
Maharashtra,Mumbai,1,delivery,11,54,8,owned_bike_paid,100,5720,17.2,4950,5850,1450,0,500,12750,6900,true,"Synthetic - illustrative ranges, not official statistics",2026
Maharashtra,Mumbai,1,delivery,11,44,5,rented_vehicle,100,4110,15.1,5550,5050,1400,2000,1250,15250,1550,true,"Synthetic - illustrative ranges, not official statistics",2026
Maharashtra,Mumbai,1,delivery,11,51,25,no_vehicle,100,5900,18.4,7100,5550,1400,0,750,14800,4100,true,"Synthetic - illustrative ranges, not official statistics",2026
Maharashtra,Mumbai,1,delivery,11,45,4,rented_vehicle,100,4520,15.0,4800,4900,1800,2000,700,14200,2700,true,"Synthetic - illustrative ranges, not official statistics",2026
Maharashtra,Mumbai,1,delivery,11,56,9,rented_vehicle,100,5390,15.1,5000,5250,2300,2500,2400,17450,3400,true,"Synthetic - illustrative ranges, not official statistics",2026
Maharashtra,Mumbai,1,delivery,12,51,3,rented_vehicle,100,4490,15.6,4950,5750,1700,2000,1350,15750,2250,true,"Synthetic - illustrative ranges, not official statistics",2026
Maharashtra,Mumbai,1,delivery,12,51,17,owned_bike_paid,100,5960,16.0,7550,5550,2000,0,900,16000,4100,true,"Synthetic - illustrative ranges, not official statistics",2026
Maharashtra,Mumbai,1,delivery,12,37,35,owned_bike_on_emi,100,4740,18.8,4950,5850,2050,4200,850,17900,1550,true,"Synthetic - illustrative ranges, not official statistics",2026
Maharashtra,Mumbai,1,delivery,12,50,23,owned_bike_on_emi,100,5340,17.7,9450,5750,1300,2400,1100,20000,1400,true,"Synthetic - illustrative ranges, not official statistics",2026
Maharashtra,Mumbai,1,delivery,12,33,28,no_vehicle,100,3370,19.3,6050,5350,1100,0,1800,14300,200,true,"Synthetic - illustrative ranges, not official statistics",2026
Maharashtra,Mumbai,1,delivery,12,51,28,owned_bike_paid,100,6370,19.4,9950,4850,2350,0,1550,18700,5600,true,"Synthetic - illustrative ranges, not official statistics",2026
Maharashtra,Mumbai,1,delivery,12,48,15,owned_bike_on_emi,100,5590,19.3,8750,5700,2000,4200,2500,23150,750,true,"Synthetic - illustrative ranges, not official statistics",2026
Maharashtra,Mumbai,1,delivery,12,46,17,owned_bike_paid,100,5180,14.7,7000,5550,2000,0,1650,16200,2800,true,"Synthetic - illustrative ranges, not official statistics",2026
Maharashtra,Mumbai,1,delivery,12,45,12,rented_vehicle,100,4530,17.8,8450,5400,1950,2500,1550,19850,0,true,"Synthetic - illustrative ranges, not official statistics",2026
Maharashtra,Mumbai,1,ride_hailing,1,51,28,no_vehicle,100,7460,18.7,7000,4300,1650,0,1000,13950,7100,true,"Synthetic - illustrative ranges, not official statistics",2026
Maharashtra,Mumbai,1,ride_hailing,1,49,11,rented_vehicle,100,4980,22.5,6850,5300,1950,1500,950,16550,3100,true,"Synthetic - illustrative ranges, not official statistics",2026
Maharashtra,Mumbai,1,ride_hailing,1,50,32,owned_bike_on_emi,100,6940,18.4,4750,6550,1700,3200,650,16850,8550,true,"Synthetic - illustrative ranges, not official statistics",2026
Maharashtra,Mumbai,1,ride_hailing,1,48,21,owned_bike_paid,100,6480,20.1,12500,4750,1550,0,1600,20400,4300,true,"Synthetic - illustrative ranges, not official statistics",2026
Maharashtra,Mumbai,1,ride_hailing,1,40,34,owned_bike_paid,100,4800,21.4,9250,5950,1700,0,600,17500,1900,true,"Synthetic - illustrative ranges, not official statistics",2026
Maharashtra,Mumbai,1,ride_hailing,1,50,7,rented_vehicle,100,4750,20.6,6700,5600,1700,1500,450,15950,2650,true,"Synthetic - illustrative ranges, not official statistics",2026
Maharashtra,Mumbai,1,ride_hailing,1,67,40,owned_bike_on_emi,100,7960,20.1,13500,6700,1900,2800,1100,26000,5300,true,"Synthetic - illustrative ranges, not official statistics",2026
Maharashtra,Mumbai,1,ride_hailing,1,50,66,rented_vehicle,100,5240,21.3,9700,6000,2150,1500,1800,21150,850,true,"Synthetic - illustrative ranges, not official statistics",2026
Maharashtra,Mumbai,1,ride_hailing,1,52,21,rented_vehicle,100,6910,22.5,11750,5900,1400,2000,850,21900,5250,true,"Synthetic - illustrative ranges, not official statistics",2026
Maharashtra,Mumbai,1,ride_hailing,2,63,42,rented_vehicle,100,7640,18.2,4900,4800,2000,2500,1000,15200,6350,true,"Synthetic - illustrative ranges, not official statistics",2026
Maharashtra,Mumbai,1,ride_hailing,2,48,8,owned_bike_paid,100,6600,21.4,7100,6300,1700,0,1550,16650,6400,true,"Synthetic - illustrative ranges, not official statistics",2026
Maharashtra,Mumbai,1,ride_hailing,2,49,34,owned_bike_on_emi,100,5530,21.5,14700,5000,2050,4200,3200,29150,0,true,"Synthetic - illustrative ranges, not official statistics",2026
Maharashtra,Mumbai,1,ride_hailing,2,37,19,rented_vehicle,100,4460,22.6,4500,6300,1650,2000,1100,15550,2050,true,"Synthetic - illustrative ranges, not official statistics",2026
Maharashtra,Mumbai,1,ride_hailing,2,56,35,no_vehicle,100,7460,22.3,9000,6550,1150,0,600,17300,6700,true,"Synthetic - illustrative ranges, not official statistics",2026
Maharashtra,Mumbai,1,ride_hailing,2,55,38,owned_bike_paid,100,7570,21.3,14600,6100,1950,0,700,23350,4200,true,"Synthetic - illustrative ranges, not official statistics",2026
Maharashtra,Mumbai,1,ride_hailing,2,50,9,owned_bike_on_emi,100,6260,22.2,6250,4250,1550,3600,800,16450,5300,true,"Synthetic - illustrative ranges, not official statistics",2026
Maharashtra,Mumbai,1,ride_hailing,2,50,59,rented_vehicle,100,6080,21.1,12500,5600,1500,2000,2050,23650,1000,true,"Synthetic - illustrative ranges, not official statistics",2026
Maharashtra,Mumbai,1,ride_hailing,2,46,11,rented_vehicle,100,5000,17.6,6450,5600,1700,1500,1150,16400,1850,true,"Synthetic - illustrative ranges, not official statistics",2026
Maharashtra,Mumbai,1,ride_hailing,3,41,25,owned_bike_paid,100,4660,17.6,7050,5550,1800,0,2650,17050,2000,true,"Synthetic - illustrative ranges, not official statistics",2026
Maharashtra,Mumbai,1,ride_hailing,3,63,19,owned_bike_paid,100,8700,17.4,5700,5400,2250,0,2300,15650,8100,true,"Synthetic - illustrative ranges, not official statistics",2026
Maharashtra,Mumbai,1,ride_hailing,3,58,10,owned_bike_on_emi,100,6710,22.1,13500,6700,2000,4200,2500,28900,50,true,"Synthetic - illustrative ranges, not official statistics",2026
Maharashtra,Mumbai,1,ride_hailing,3,39,96,owned_bike_on_emi,100,5910,17.0,4850,6200,2050,3200,1000,17300,4200,true,"Synthetic - illustrative ranges, not official statistics",2026
Maharashtra,Mumbai,1,ride_hailing,3,45,14,no_vehicle,100,6530,17.1,11900,4750,1100,0,3150,20900,4550,true,"Synthetic - illustrative ranges, not official statistics",2026
Maharashtra,Mumbai,1,ride_hailing,3,51,15,rented_vehicle,100,6270,19.5,5750,6650,2300,2500,2150,19350,5050,true,"Synthetic - illustrative ranges, not official statistics",2026
Maharashtra,Mumbai,1,ride_hailing,3,67,9,owned_bike_paid,100,8490,19.5,10150,4650,2150,0,1350,18300,7150,true,"Synthetic - illustrative ranges, not official statistics",2026
Maharashtra,Mumbai,1,ride_hailing,3,54,25,owned_bike_paid,100,7090,21.6,9600,5300,1500,0,800,17200,6950,true,"Synthetic - illustrative ranges, not official statistics",2026
Maharashtra,Mumbai,1,ride_hailing,3,51,51,rented_vehicle,100,5750,22.4,7250,5750,2000,2500,550,18050,2600,true,"Synthetic - illustrative ranges, not official statistics",2026
Maharashtra,Mumbai,1,ride_hailing,4,47,20,rented_vehicle,100,5650,21.9,5500,5750,1650,1500,900,15300,4750,true,"Synthetic - illustrative ranges, not official statistics",2026
Maharashtra,Mumbai,1,ride_hailing,4,58,25,owned_bike_paid,100,6660,17.8,13650,5750,1650,0,1200,22250,2850,true,"Synthetic - illustrative ranges, not official statistics",2026
Maharashtra,Mumbai,1,ride_hailing,4,58,13,rented_vehicle,100,6370,17.5,4800,6200,1600,2500,700,15800,7600,true,"Synthetic - illustrative ranges, not official statistics",2026
Maharashtra,Mumbai,1,ride_hailing,4,62,8,owned_bike_paid,100,7030,19.8,4550,5550,2200,0,850,13150,8150,true,"Synthetic - illustrative ranges, not official statistics",2026
Maharashtra,Mumbai,1,ride_hailing,4,66,32,owned_bike_on_emi,100,8820,18.8,5500,5900,1650,4200,1700,18950,7450,true,"Synthetic - illustrative ranges, not official statistics",2026
Maharashtra,Mumbai,1,ride_hailing,4,42,72,owned_bike_on_emi,100,5760,22.4,9800,5650,2050,2800,750,21050,1950,true,"Synthetic - illustrative ranges, not official statistics",2026
Maharashtra,Mumbai,1,ride_hailing,4,51,75,owned_bike_paid,100,8150,21.0,5650,5200,1650,0,2900,15400,10200,true,"Synthetic - illustrative ranges, not official statistics",2026
Maharashtra,Mumbai,1,ride_hailing,4,61,26,owned_bike_on_emi,100,6870,17.6,13400,4500,2000,3600,950,24450,3400,true,"Synthetic - illustrative ranges, not official statistics",2026
Maharashtra,Mumbai,1,ride_hailing,4,53,33,owned_bike_on_emi,100,6550,22.2,5100,6500,1600,2800,1100,17100,7350,true,"Synthetic - illustrative ranges, not official statistics",2026
Maharashtra,Mumbai,1,ride_hailing,5,45,54,owned_bike_on_emi,100,6570,19.7,5150,6200,1900,2800,450,16500,4400,true,"Synthetic - illustrative ranges, not official statistics",2026
Maharashtra,Mumbai,1,ride_hailing,5,49,26,owned_bike_paid,100,6640,19.0,6300,6450,1900,0,650,15300,7300,true,"Synthetic - illustrative ranges, not official statistics",2026
Maharashtra,Mumbai,1,ride_hailing,5,53,42,owned_bike_on_emi,100,6610,22.7,5900,6500,1850,3600,2400,20250,4600,true,"Synthetic - illustrative ranges, not official statistics",2026
Maharashtra,Mumbai,1,ride_hailing,5,65,68,owned_bike_on_emi,100,8160,22.1,6050,5700,1600,2400,600,16350,9750,true,"Synthetic - illustrative ranges, not official statistics",2026
Maharashtra,Mumbai,1,ride_hailing,5,43,27,owned_bike_paid,100,5130,19.9,9050,5200,1950,0,2100,18300,2450,true,"Synthetic - illustrative ranges, not official statistics",2026
Maharashtra,Mumbai,1,ride_hailing,5,48,38,owned_bike_on_emi,100,6840,18.5,9650,5850,1900,3600,900,21900,2850,true,"Synthetic - illustrative ranges, not official statistics",2026
Maharashtra,Mumbai,1,ride_hailing,5,52,16,no_vehicle,100,6840,17.2,11400,4500,1000,0,850,17750,8100,true,"Synthetic - illustrative ranges, not official statistics",2026
Maharashtra,Mumbai,1,ride_hailing,5,69,12,owned_bike_paid,100,7530,18.2,11350,5450,1850,0,850,19500,6900,true,"Synthetic - illustrative ranges, not official statistics",2026
Maharashtra,Mumbai,1,ride_hailing,5,43,31,rented_vehicle,100,5110,18.3,9850,4750,2150,2500,1400,20650,800,true,"Synthetic - illustrative ranges, not official statistics",2026
Maharashtra,Mumbai,1,ride_hailing,6,59,38,owned_bike_paid,100,8720,19.0,12600,4600,1550,0,1000,19750,8350,true,"Synthetic - illustrative ranges, not official statistics",2026
Maharashtra,Mumbai,1,ride_hailing,6,47,14,no_vehicle,100,6530,22.2,6150,4800,1450,0,2300,14700,7800,true,"Synthetic - illustrative ranges, not official statistics",2026
Maharashtra,Mumbai,1,ride_hailing,6,44,23,owned_bike_on_emi,100,7260,18.1,10050,5100,1850,4200,1000,22200,4850,true,"Synthetic - illustrative ranges, not official statistics",2026
Maharashtra,Mumbai,1,ride_hailing,6,53,38,owned_bike_paid,100,6750,20.0,7400,5550,1850,0,1100,15900,5900,true,"Synthetic - illustrative ranges, not official statistics",2026
Maharashtra,Mumbai,1,ride_hailing,6,47,40,owned_bike_paid,100,5890,21.9,7000,6100,1550,0,700,15350,7000,true,"Synthetic - illustrative ranges, not official statistics",2026
Maharashtra,Mumbai,1,ride_hailing,6,48,39,rented_vehicle,100,5400,19.9,11950,4400,2200,1500,1350,21400,1350,true,"Synthetic - illustrative ranges, not official statistics",2026
Maharashtra,Mumbai,1,ride_hailing,6,53,15,owned_bike_paid,100,7550,22.3,11050,4850,1900,0,1900,19700,7350,true,"Synthetic - illustrative ranges, not official statistics",2026
Maharashtra,Mumbai,1,ride_hailing,6,44,15,no_vehicle,100,5070,21.7,6100,5000,1300,0,1950,14350,3100,true,"Synthetic - illustrative ranges, not official statistics",2026
Maharashtra,Mumbai,1,ride_hailing,6,54,6,rented_vehicle,100,5440,18.3,11100,6950,2400,1500,1550,23500,0,true,"Synthetic - illustrative ranges, not official statistics",2026
Maharashtra,Mumbai,1,ride_hailing,7,45,20,owned_bike_paid,100,5910,17.4,6100,4000,1500,0,650,12250,8100,true,"Synthetic - illustrative ranges, not official statistics",2026
Maharashtra,Mumbai,1,ride_hailing,7,43,7,owned_bike_paid,100,5250,22.1,4750,4900,1800,0,900,12350,4600,true,"Synthetic - illustrative ranges, not official statistics",2026
Maharashtra,Mumbai,1,ride_hailing,7,42,22,owned_bike_on_emi,100,5700,20.1,13850,5400,1550,2400,800,24000,300,true,"Synthetic - illustrative ranges, not official statistics",2026
Maharashtra,Mumbai,1,ride_hailing,7,38,13,owned_bike_paid,100,4930,18.8,6600,5750,1500,0,1850,15700,2000,true,"Synthetic - illustrative ranges, not official statistics",2026
Maharashtra,Mumbai,1,ride_hailing,7,49,13,owned_bike_paid,100,5890,22.3,6200,5450,2100,0,1750,15500,4550,true,"Synthetic - illustrative ranges, not official statistics",2026
Maharashtra,Mumbai,1,ride_hailing,7,42,9,rented_vehicle,100,5380,20.5,11850,5800,2000,1500,1500,22650,250,true,"Synthetic - illustrative ranges, not official statistics",2026
Maharashtra,Mumbai,1,ride_hailing,7,43,49,owned_bike_on_emi,100,7550,18.6,5300,5850,2350,2800,550,16850,10850,true,"Synthetic - illustrative ranges, not official statistics",2026
Maharashtra,Mumbai,1,ride_hailing,7,57,22,rented_vehicle,100,6280,21.8,10850,5000,1400,2500,850,20600,3950,true,"Synthetic - illustrative ranges, not official statistics",2026
Maharashtra,Mumbai,1,ride_hailing,7,70,60,owned_bike_paid,100,8270,19.4,8150,5750,2250,0,900,17050,9900,true,"Synthetic - illustrative ranges, not official statistics",2026
Maharashtra,Mumbai,1,ride_hailing,8,51,11,rented_vehicle,100,5530,20.7,5850,5950,1600,1500,700,15600,5700,true,"Synthetic - illustrative ranges, not official statistics",2026
Maharashtra,Mumbai,1,ride_hailing,8,58,50,owned_bike_on_emi,100,7900,22.3,8300,4650,2200,2800,1300,19250,8700,true,"Synthetic - illustrative ranges, not official statistics",2026
Maharashtra,Mumbai,1,ride_hailing,8,44,63,rented_vehicle,100,5230,22.3,4450,5150,2200,2500,1650,15950,2500,true,"Synthetic - illustrative ranges, not official statistics",2026
Maharashtra,Mumbai,1,ride_hailing,8,59,22,owned_bike_on_emi,100,7920,18.8,4800,5350,1800,3600,1400,16950,6750,true,"Synthetic - illustrative ranges, not official statistics",2026
Maharashtra,Mumbai,1,ride_hailing,8,64,11,owned_bike_on_emi,100,8800,19.5,11750,4050,2300,2800,450,21350,11100,true,"Synthetic - illustrative ranges, not official statistics",2026
Maharashtra,Mumbai,1,ride_hailing,8,59,32,owned_bike_on_emi,100,6690,22.6,7000,4750,1700,4200,750,18400,6650,true,"Synthetic - illustrative ranges, not official statistics",2026
Maharashtra,Mumbai,1,ride_hailing,8,57,48,owned_bike_on_emi,100,9500,17.5,13300,5100,1850,2800,700,23750,10650,true,"Synthetic - illustrative ranges, not official statistics",2026
Maharashtra,Mumbai,1,ride_hailing,8,62,15,owned_bike_paid,100,7360,22.7,5900,5600,2000,0,1650,15150,6400,true,"Synthetic - illustrative ranges, not official statistics",2026
Maharashtra,Mumbai,1,ride_hailing,8,54,16,owned_bike_on_emi,100,7930,20.3,8900,5500,1750,3200,900,20250,6000,true,"Synthetic - illustrative ranges, not official statistics",2026
Maharashtra,Mumbai,1,ride_hailing,9,67,4,rented_vehicle,100,6980,17.4,7200,5150,1850,2000,600,16800,9200,true,"Synthetic - illustrative ranges, not official statistics",2026
Maharashtra,Mumbai,1,ride_hailing,9,55,56,rented_vehicle,100,6650,18.9,8500,5500,2400,2500,1350,20250,4500,true,"Synthetic - illustrative ranges, not official statistics",2026
Maharashtra,Mumbai,1,ride_hailing,9,57,12,owned_bike_paid,100,5960,17.8,8200,5150,2200,0,1200,16750,4100,true,"Synthetic - illustrative ranges, not official statistics",2026
Maharashtra,Mumbai,1,ride_hailing,9,50,13,owned_bike_paid,100,8370,18.3,10100,5150,2500,0,450,18200,8050,true,"Synthetic - illustrative ranges, not official statistics",2026
Maharashtra,Mumbai,1,ride_hailing,9,45,29,owned_bike_paid,100,7460,20.7,10800,4950,1800,0,1000,18550,4950,true,"Synthetic - illustrative ranges, not official statistics",2026
Maharashtra,Mumbai,1,ride_hailing,9,51,8,owned_bike_on_emi,100,6570,21.4,10100,5350,1400,2800,1850,21500,3950,true,"Synthetic - illustrative ranges, not official statistics",2026
Maharashtra,Mumbai,1,ride_hailing,9,46,27,owned_bike_on_emi,100,6330,19.5,5300,6000,2300,2400,800,16800,3850,true,"Synthetic - illustrative ranges, not official statistics",2026
Maharashtra,Mumbai,1,ride_hailing,9,39,23,owned_bike_on_emi,100,5350,20.6,6750,5250,1600,2800,2850,19250,1400,true,"Synthetic - illustrative ranges, not official statistics",2026
Maharashtra,Mumbai,1,ride_hailing,9,33,31,rented_vehicle,100,3910,18.5,4800,5300,1750,2500,1000,15350,1100,true,"Synthetic - illustrative ranges, not official statistics",2026
Maharashtra,Mumbai,1,ride_hailing,10,61,20,owned_bike_paid,100,8650,19.5,9650,4900,1800,0,300,16650,12000,true,"Synthetic - illustrative ranges, not official statistics",2026
Maharashtra,Mumbai,1,ride_hailing,10,55,34,owned_bike_on_emi,100,7280,21.5,8700,5050,2350,4200,800,21100,6850,true,"Synthetic - illustrative ranges, not official statistics",2026
Maharashtra,Mumbai,1,ride_hailing,10,54,24,owned_bike_on_emi,100,7410,18.8,11500,6400,1900,2400,2300,24500,5250,true,"Synthetic - illustrative ranges, not official statistics",2026
Maharashtra,Mumbai,1,ride_hailing,10,52,53,owned_bike_paid,100,6920,17.1,14250,4350,1800,0,250,20650,6050,true,"Synthetic - illustrative ranges, not official statistics",2026
Maharashtra,Mumbai,1,ride_hailing,10,40,23,owned_bike_on_emi,100,5410,21.8,5500,7500,2050,2800,1050,18900,2900,true,"Synthetic - illustrative ranges, not official statistics",2026
Maharashtra,Mumbai,1,ride_hailing,10,65,14,owned_bike_paid,100,9690,20.1,5050,6350,1700,0,1650,14750,16150,true,"Synthetic - illustrative ranges, not official statistics",2026
Maharashtra,Mumbai,1,ride_hailing,10,50,41,owned_bike_paid,100,8280,19.3,10250,6650,2100,0,1000,20000,11050,true,"Synthetic - illustrative ranges, not official statistics",2026
Maharashtra,Mumbai,1,ride_hailing,10,50,25,owned_bike_on_emi,100,8280,22.1,7700,6500,1900,3200,1700,21000,7600,true,"Synthetic - illustrative ranges, not official statistics",2026
Maharashtra,Mumbai,1,ride_hailing,10,57,79,owned_bike_paid,100,8510,19.9,5950,6500,1650,0,1300,15400,10000,true,"Synthetic - illustrative ranges, not official statistics",2026
Maharashtra,Mumbai,1,ride_hailing,11,45,8,no_vehicle,100,5780,20.4,6500,5000,1000,0,1200,13700,6800,true,"Synthetic - illustrative ranges, not official statistics",2026
Maharashtra,Mumbai,1,ride_hailing,11,49,51,rented_vehicle,100,6100,21.7,11150,5000,1950,1500,550,20150,2400,true,"Synthetic - illustrative ranges, not official statistics",2026
Maharashtra,Mumbai,1,ride_hailing,11,64,29,rented_vehicle,100,7690,21.3,6850,6100,1550,2000,700,17200,10600,true,"Synthetic - illustrative ranges, not official statistics",2026
Maharashtra,Mumbai,1,ride_hailing,11,46,8,no_vehicle,100,5450,20.6,6550,5400,1150,0,2200,15300,4450,true,"Synthetic - illustrative ranges, not official statistics",2026
Maharashtra,Mumbai,1,ride_hailing,11,55,6,owned_bike_on_emi,100,8370,22.4,5650,4750,1700,4200,600,16900,13300,true,"Synthetic - illustrative ranges, not official statistics",2026
Maharashtra,Mumbai,1,ride_hailing,11,53,9,no_vehicle,100,5900,19.4,10650,4900,1150,0,2400,19100,2350,true,"Synthetic - illustrative ranges, not official statistics",2026
Maharashtra,Mumbai,1,ride_hailing,11,57,57,owned_bike_on_emi,100,8060,19.6,5800,5700,1600,2800,1050,16950,6500,true,"Synthetic - illustrative ranges, not official statistics",2026
Maharashtra,Mumbai,1,ride_hailing,11,49,38,owned_bike_paid,100,7650,21.7,6100,7600,2300,0,1150,17150,9400,true,"Synthetic - illustrative ranges, not official statistics",2026
Maharashtra,Mumbai,1,ride_hailing,11,56,12,owned_bike_on_emi,100,6280,19.3,10300,4750,1750,3600,1200,21600,2300,true,"Synthetic - illustrative ranges, not official statistics",2026
Maharashtra,Mumbai,1,ride_hailing,12,60,61,owned_bike_on_emi,100,8510,21.4,11350,6450,1450,4200,1050,24500,4350,true,"Synthetic - illustrative ranges, not official statistics",2026
Maharashtra,Mumbai,1,ride_hailing,12,41,41,no_vehicle,100,6760,18.9,11300,4950,1100,0,2150,19500,6700,true,"Synthetic - illustrative ranges, not official statistics",2026
Maharashtra,Mumbai,1,ride_hailing,12,51,15,rented_vehicle,100,6190,18.5,6900,5500,1550,2500,550,17000,4400,true,"Synthetic - illustrative ranges, not official statistics",2026
Maharashtra,Mumbai,1,ride_hailing,12,52,10,owned_bike_paid,100,6030,20.4,5800,6050,1800,0,950,14600,7050,true,"Synthetic - illustrative ranges, not official statistics",2026
Maharashtra,Mumbai,1,ride_hailing,12,39,55,rented_vehicle,100,5110,20.2,13200,5050,1800,1500,900,22450,0,true,"Synthetic - illustrative ranges, not official statistics",2026
Maharashtra,Mumbai,1,ride_hailing,12,51,5,owned_bike_on_emi,100,5790,17.4,10300,5800,2050,3600,1000,22750,1300,true,"Synthetic - illustrative ranges, not official statistics",2026
Maharashtra,Mumbai,1,ride_hailing,12,61,11,owned_bike_on_emi,100,6670,17.5,5850,4850,2300,2800,950,16750,5200,true,"Synthetic - illustrative ranges, not official statistics",2026
Maharashtra,Mumbai,1,ride_hailing,12,68,10,owned_bike_on_emi,100,9020,21.1,12400,5950,1650,2400,1350,23750,5350,true,"Synthetic - illustrative ranges, not official statistics",2026
Maharashtra,Mumbai,1,ride_hailing,12,58,61,rented_vehicle,100,9140,22.5,4950,4650,1750,1500,3000,15850,12450,true,"Synthetic - illustrative ranges, not official statistics",2026
Maharashtra,Mumbai,1,freelance,1,30,6,owned_bike_on_emi,100,5400,32.7,11600,5350,1600,2400,550,21500,850,true,"Synthetic - illustrative ranges, not official statistics",2026
Maharashtra,Mumbai,1,freelance,1,37,18,no_vehicle,100,4580,32.2,12150,5900,1450,0,1400,20900,0,true,"Synthetic - illustrative ranges, not official statistics",2026
Maharashtra,Mumbai,1,freelance,1,38,38,owned_bike_on_emi,100,4250,25.9,12850,6000,2000,4200,1900,26950,0,true,"Synthetic - illustrative ranges, not official statistics",2026
Maharashtra,Mumbai,1,freelance,1,33,7,rented_vehicle,100,3100,32.3,10100,4250,2250,2500,1400,20500,0,true,"Synthetic - illustrative ranges, not official statistics",2026
Maharashtra,Mumbai,1,freelance,1,30,18,rented_vehicle,100,3760,26.2,5250,5300,2100,1500,850,15000,600,true,"Synthetic - illustrative ranges, not official statistics",2026
Maharashtra,Mumbai,1,freelance,1,34,52,owned_bike_paid,100,5960,33.1,8450,5550,2050,0,1800,17850,5300,true,"Synthetic - illustrative ranges, not official statistics",2026
Maharashtra,Mumbai,1,freelance,1,39,34,owned_bike_on_emi,100,4800,31.1,4350,5250,1850,3200,1600,16250,1900,true,"Synthetic - illustrative ranges, not official statistics",2026
Maharashtra,Mumbai,1,freelance,1,43,21,owned_bike_paid,100,4830,27.4,4800,5300,2100,0,1500,13700,4700,true,"Synthetic - illustrative ranges, not official statistics",2026
Maharashtra,Mumbai,1,freelance,1,40,34,owned_bike_paid,100,4800,27.6,5000,4750,2050,0,750,12550,3200,true,"Synthetic - illustrative ranges, not official statistics",2026
Maharashtra,Mumbai,1,freelance,2,45,23,owned_bike_paid,100,4820,26.8,5300,5350,1500,0,1450,13600,4150,true,"Synthetic - illustrative ranges, not official statistics",2026
Maharashtra,Mumbai,1,freelance,2,29,10,rented_vehicle,100,3150,31.7,4750,6500,2050,1500,2000,16800,0,true,"Synthetic - illustrative ranges, not official statistics",2026
Maharashtra,Mumbai,1,freelance,2,43,16,no_vehicle,100,4120,27.1,8800,5800,1200,0,2000,17800,50,true,"Synthetic - illustrative ranges, not official statistics",2026
Maharashtra,Mumbai,1,freelance,2,29,14,rented_vehicle,100,4240,32.1,5350,5450,1450,2000,700,14950,1550,true,"Synthetic - illustrative ranges, not official statistics",2026
Maharashtra,Mumbai,1,freelance,2,24,15,owned_bike_on_emi,100,3240,31.5,6300,5500,1600,2800,1200,17400,0,true,"Synthetic - illustrative ranges, not official statistics",2026
Maharashtra,Mumbai,1,freelance,2,31,24,owned_bike_on_emi,100,4020,26.7,5450,5050,2100,2400,1250,16250,750,true,"Synthetic - illustrative ranges, not official statistics",2026
Maharashtra,Mumbai,1,freelance,2,26,60,no_vehicle,100,5420,25.6,5150,3900,1300,0,1650,12000,7500,true,"Synthetic - illustrative ranges, not official statistics",2026
Maharashtra,Mumbai,1,freelance,2,37,40,owned_bike_on_emi,100,4890,31.1,12700,4750,2350,4200,2150,26150,0,true,"Synthetic - illustrative ranges, not official statistics",2026
Maharashtra,Mumbai,1,freelance,2,22,53,owned_bike_on_emi,100,3360,34.3,8600,6200,1850,2800,850,20300,0,true,"Synthetic - illustrative ranges, not official statistics",2026
Maharashtra,Mumbai,1,freelance,3,58,27,owned_bike_on_emi,100,7170,29.7,5400,5000,2250,3600,450,16700,6550,true,"Synthetic - illustrative ranges, not official statistics",2026
Maharashtra,Mumbai,1,freelance,3,51,9,owned_bike_paid,100,5340,26.9,10500,5900,1950,0,1150,19500,1800,true,"Synthetic - illustrative ranges, not official statistics",2026
Maharashtra,Mumbai,1,freelance,3,32,61,owned_bike_on_emi,100,5650,33.6,12900,5500,1900,2400,1350,24050,250,true,"Synthetic - illustrative ranges, not official statistics",2026
Maharashtra,Mumbai,1,freelance,3,24,20,owned_bike_on_emi,100,3500,26.8,9800,7450,1900,3200,650,23000,0,true,"Synthetic - illustrative ranges, not official statistics",2026
Maharashtra,Mumbai,1,freelance,3,46,21,no_vehicle,100,6200,31.6,12350,6450,1100,0,1200,21100,3100,true,"Synthetic - illustrative ranges, not official statistics",2026
Maharashtra,Mumbai,1,freelance,3,43,21,owned_bike_on_emi,100,4850,29.1,4850,5950,2000,4200,950,17950,1850,true,"Synthetic - illustrative ranges, not official statistics",2026
Maharashtra,Mumbai,1,freelance,3,36,8,no_vehicle,100,6010,29.2,4450,4850,1050,0,1400,11750,7500,true,"Synthetic - illustrative ranges, not official statistics",2026
Maharashtra,Mumbai,1,freelance,3,32,43,no_vehicle,100,4830,28.5,5450,5700,1200,0,1000,13350,5300,true,"Synthetic - illustrative ranges, not official statistics",2026
Maharashtra,Mumbai,1,freelance,3,50,1,owned_bike_paid,100,7050,26.1,4450,6550,2100,0,1000,14100,11400,true,"Synthetic - illustrative ranges, not official statistics",2026
Maharashtra,Mumbai,1,freelance,4,33,22,owned_bike_paid,100,4530,32.4,4900,5150,1500,0,950,12500,3450,true,"Synthetic - illustrative ranges, not official statistics",2026
Maharashtra,Mumbai,1,freelance,4,43,19,rented_vehicle,100,5420,32.0,6600,4600,2250,2000,800,16250,5000,true,"Synthetic - illustrative ranges, not official statistics",2026
Maharashtra,Mumbai,1,freelance,4,48,14,owned_bike_on_emi,100,6030,29.6,14500,5500,1650,3200,900,25750,200,true,"Synthetic - illustrative ranges, not official statistics",2026
Maharashtra,Mumbai,1,freelance,4,30,39,owned_bike_on_emi,100,3870,28.0,4600,4850,1850,4200,1450,16950,0,true,"Synthetic - illustrative ranges, not official statistics",2026
Maharashtra,Mumbai,1,freelance,4,38,2,owned_bike_paid,100,3970,26.8,4050,5650,1950,0,800,12450,3150,true,"Synthetic - illustrative ranges, not official statistics",2026
Maharashtra,Mumbai,1,freelance,4,39,11,rented_vehicle,100,5080,32.9,13000,5500,1800,2000,550,22850,0,true,"Synthetic - illustrative ranges, not official statistics",2026
Maharashtra,Mumbai,1,freelance,4,46,12,rented_vehicle,100,5360,25.9,11950,5200,2200,1500,1200,22050,600,true,"Synthetic - illustrative ranges, not official statistics",2026
Maharashtra,Mumbai,1,freelance,4,46,16,owned_bike_on_emi,100,6570,32.6,5400,5550,2400,3600,1150,18100,5250,true,"Synthetic - illustrative ranges, not official statistics",2026
Maharashtra,Mumbai,1,freelance,4,38,39,owned_bike_on_emi,100,5380,29.9,10250,5350,1500,2400,400,19900,1850,true,"Synthetic - illustrative ranges, not official statistics",2026
Maharashtra,Mumbai,1,freelance,5,31,43,rented_vehicle,100,4310,32.8,5050,5200,1550,2500,750,15050,1450,true,"Synthetic - illustrative ranges, not official statistics",2026
Maharashtra,Mumbai,1,freelance,5,40,39,owned_bike_paid,100,4930,28.3,9800,4150,1450,0,1450,16850,2350,true,"Synthetic - illustrative ranges, not official statistics",2026
Maharashtra,Mumbai,1,freelance,5,28,43,owned_bike_on_emi,100,2900,28.7,8450,6400,2000,2400,1250,20500,0,true,"Synthetic - illustrative ranges, not official statistics",2026
Maharashtra,Mumbai,1,freelance,5,40,20,rented_vehicle,100,3900,28.4,5450,6100,1950,2000,1450,16950,0,true,"Synthetic - illustrative ranges, not official statistics",2026
Maharashtra,Mumbai,1,freelance,5,31,37,owned_bike_on_emi,100,3860,32.7,13250,5900,1450,3600,1000,25200,0,true,"Synthetic - illustrative ranges, not official statistics",2026
Maharashtra,Mumbai,1,freelance,5,36,25,owned_bike_on_emi,100,4720,26.7,10650,5150,2200,2800,2150,22950,0,true,"Synthetic - illustrative ranges, not official statistics",2026
Maharashtra,Mumbai,1,freelance,5,48,23,no_vehicle,100,5210,32.9,4950,6700,1050,0,2500,15200,3500,true,"Synthetic - illustrative ranges, not official statistics",2026
Maharashtra,Mumbai,1,freelance,5,35,22,rented_vehicle,100,4030,26.5,5100,5250,1900,2500,2400,17150,150,true,"Synthetic - illustrative ranges, not official statistics",2026
Maharashtra,Mumbai,1,freelance,5,32,20,owned_bike_on_emi,100,3980,30.0,12150,6250,2200,2800,1450,24850,0,true,"Synthetic - illustrative ranges, not official statistics",2026
Maharashtra,Mumbai,1,freelance,6,31,17,rented_vehicle,100,4040,32.6,7550,5750,1950,1500,1950,18700,0,true,"Synthetic - illustrative ranges, not official statistics",2026
Maharashtra,Mumbai,1,freelance,6,40,36,owned_bike_paid,100,4530,29.9,12600,5350,2000,0,2150,22100,0,true,"Synthetic - illustrative ranges, not official statistics",2026
Maharashtra,Mumbai,1,freelance,6,38,8,owned_bike_on_emi,100,2970,28.7,5400,4500,1900,2400,1200,15400,0,true,"Synthetic - illustrative ranges, not official statistics",2026
Maharashtra,Mumbai,1,freelance,6,30,42,owned_bike_paid,100,3470,27.3,4950,5850,1750,0,200,12750,950,true,"Synthetic - illustrative ranges, not official statistics",2026
Maharashtra,Mumbai,1,freelance,6,32,41,owned_bike_on_emi,100,3380,27.0,10000,5250,1600,4200,2200,23250,0,true,"Synthetic - illustrative ranges, not official statistics",2026
Maharashtra,Mumbai,1,freelance,6,27,9,owned_bike_on_emi,100,3630,32.8,9900,5500,2600,2800,1400,22200,0,true,"Synthetic - illustrative ranges, not official statistics",2026
Maharashtra,Mumbai,1,freelance,6,32,11,no_vehicle,100,4610,34.2,8200,5750,1850,0,1350,17150,1650,true,"Synthetic - illustrative ranges, not official statistics",2026
Maharashtra,Mumbai,1,freelance,6,25,12,rented_vehicle,100,2770,27.3,12450,4600,1550,1500,1600,21700,0,true,"Synthetic - illustrative ranges, not official statistics",2026
Maharashtra,Mumbai,1,freelance,6,33,49,owned_bike_paid,100,3740,33.8,5950,7100,1950,0,1200,16200,0,true,"Synthetic - illustrative ranges, not official statistics",2026
Maharashtra,Mumbai,1,freelance,7,54,22,owned_bike_paid,100,7170,29.4,6700,6050,1950,0,1950,16650,8450,true,"Synthetic - illustrative ranges, not official statistics",2026
Maharashtra,Mumbai,1,freelance,7,38,11,no_vehicle,100,4790,31.3,5850,5950,900,0,1450,14150,2850,true,"Synthetic - illustrative ranges, not official statistics",2026
Maharashtra,Mumbai,1,freelance,7,41,35,rented_vehicle,100,4140,26.7,7850,6000,2250,2500,1800,20400,0,true,"Synthetic - illustrative ranges, not official statistics",2026
Maharashtra,Mumbai,1,freelance,7,41,68,owned_bike_paid,100,5000,33.6,4700,6000,2250,0,1050,14000,3100,true,"Synthetic - illustrative ranges, not official statistics",2026
Maharashtra,Mumbai,1,freelance,7,33,13,rented_vehicle,100,3540,31.7,6350,5700,2000,2000,1100,17150,0,true,"Synthetic - illustrative ranges, not official statistics",2026
Maharashtra,Mumbai,1,freelance,7,36,49,owned_bike_paid,100,5140,32.8,11200,6300,1850,0,1000,20350,1100,true,"Synthetic - illustrative ranges, not official statistics",2026
Maharashtra,Mumbai,1,freelance,7,37,22,owned_bike_on_emi,100,4550,25.7,6800,6050,1900,3600,1100,19450,150,true,"Synthetic - illustrative ranges, not official statistics",2026
Maharashtra,Mumbai,1,freelance,7,27,14,owned_bike_on_emi,100,3250,31.6,8050,5400,1600,3600,800,19450,0,true,"Synthetic - illustrative ranges, not official statistics",2026
Maharashtra,Mumbai,1,freelance,7,46,42,owned_bike_on_emi,100,6050,27.9,11300,6800,2250,4200,3750,28300,0,true,"Synthetic - illustrative ranges, not official statistics",2026
Maharashtra,Mumbai,1,freelance,8,28,24,rented_vehicle,100,3400,33.9,12200,4900,2600,1500,1300,22500,0,true,"Synthetic - illustrative ranges, not official statistics",2026
Maharashtra,Mumbai,1,freelance,8,44,26,owned_bike_paid,100,4590,28.9,10350,6250,1850,0,2500,20950,0,true,"Synthetic - illustrative ranges, not official statistics",2026
Maharashtra,Mumbai,1,freelance,8,40,18,owned_bike_paid,100,5470,32.0,10850,4800,2000,0,900,18550,3100,true,"Synthetic - illustrative ranges, not official statistics",2026
Maharashtra,Mumbai,1,freelance,8,51,37,owned_bike_on_emi,100,7310,33.2,9800,4300,1800,2400,750,19050,6950,true,"Synthetic - illustrative ranges, not official statistics",2026
Maharashtra,Mumbai,1,freelance,8,25,6,owned_bike_on_emi,100,2650,32.9,4500,5300,1900,3600,700,16000,0,true,"Synthetic - illustrative ranges, not official statistics",2026
Maharashtra,Mumbai,1,freelance,8,49,30,owned_bike_on_emi,100,6890,32.1,7050,5850,1800,3600,700,19000,6050,true,"Synthetic - illustrative ranges, not official statistics",2026
Maharashtra,Mumbai,1,freelance,8,37,28,owned_bike_paid,100,5130,33.7,5050,5200,2550,0,1050,13850,5100,true,"Synthetic - illustrative ranges, not official statistics",2026
Maharashtra,Mumbai,1,freelance,8,30,44,owned_bike_on_emi,100,3750,28.4,5600,5000,2100,3600,700,17000,0,true,"Synthetic - illustrative ranges, not official statistics",2026
Maharashtra,Mumbai,1,freelance,8,30,14,owned_bike_on_emi,100,3370,27.2,10450,5950,2150,2400,1400,22350,0,true,"Synthetic - illustrative ranges, not official statistics",2026
Maharashtra,Mumbai,1,freelance,9,40,8,owned_bike_on_emi,100,4420,31.5,5050,6300,2200,2400,1450,17400,900,true,"Synthetic - illustrative ranges, not official statistics",2026
Maharashtra,Mumbai,1,freelance,9,17,2,owned_bike_on_emi,100,2180,28.7,6700,5350,2350,3200,1550,19150,0,true,"Synthetic - illustrative ranges, not official statistics",2026
Maharashtra,Mumbai,1,freelance,9,35,9,owned_bike_on_emi,100,3200,33.3,4300,5450,1750,4200,1050,16750,0,true,"Synthetic - illustrative ranges, not official statistics",2026
Maharashtra,Mumbai,1,freelance,9,34,18,owned_bike_on_emi,100,5000,26.8,5700,6400,2000,3200,1400,18700,2050,true,"Synthetic - illustrative ranges, not official statistics",2026
Maharashtra,Mumbai,1,freelance,9,44,7,owned_bike_on_emi,100,5670,29.2,13600,4900,1550,4200,2600,26850,0,true,"Synthetic - illustrative ranges, not official statistics",2026
Maharashtra,Mumbai,1,freelance,9,38,9,rented_vehicle,100,3950,30.1,9450,5300,1650,1500,1200,19100,0,true,"Synthetic - illustrative ranges, not official statistics",2026
Maharashtra,Mumbai,1,freelance,9,39,42,rented_vehicle,100,5360,31.4,4250,6650,1950,2500,500,15850,3300,true,"Synthetic - illustrative ranges, not official statistics",2026
Maharashtra,Mumbai,1,freelance,9,25,91,owned_bike_paid,100,2660,28.0,10450,6300,1800,0,2100,20650,0,true,"Synthetic - illustrative ranges, not official statistics",2026
Maharashtra,Mumbai,1,freelance,9,39,30,no_vehicle,100,5820,31.8,9100,6650,900,0,1550,18200,3250,true,"Synthetic - illustrative ranges, not official statistics",2026
Maharashtra,Mumbai,1,freelance,10,36,32,owned_bike_on_emi,100,4290,25.9,13300,4950,2000,2400,1950,24600,0,true,"Synthetic - illustrative ranges, not official statistics",2026
Maharashtra,Mumbai,1,freelance,10,39,10,no_vehicle,100,6400,34.5,13900,6800,1400,0,2400,24500,1550,true,"Synthetic - illustrative ranges, not official statistics",2026
Maharashtra,Mumbai,1,freelance,10,36,53,no_vehicle,100,3750,27.6,5900,5800,1350,0,650,13700,1000,true,"Synthetic - illustrative ranges, not official statistics",2026
Maharashtra,Mumbai,1,freelance,10,41,15,rented_vehicle,100,5610,33.0,10450,4900,2100,1500,1450,20400,1800,true,"Synthetic - illustrative ranges, not official statistics",2026
Maharashtra,Mumbai,1,freelance,10,46,27,owned_bike_on_emi,100,6870,30.6,13000,5600,1800,4200,2650,27250,1650,true,"Synthetic - illustrative ranges, not official statistics",2026
Maharashtra,Mumbai,1,freelance,10,19,27,no_vehicle,100,2390,32.1,11000,4950,950,0,1050,17950,0,true,"Synthetic - illustrative ranges, not official statistics",2026
Maharashtra,Mumbai,1,freelance,10,39,10,no_vehicle,100,4390,27.7,10600,4700,1350,0,2550,19200,0,true,"Synthetic - illustrative ranges, not official statistics",2026
Maharashtra,Mumbai,1,freelance,10,34,1,owned_bike_paid,100,5190,26.1,4550,6200,1900,0,500,13150,4950,true,"Synthetic - illustrative ranges, not official statistics",2026
Maharashtra,Mumbai,1,freelance,10,24,21,owned_bike_on_emi,100,3010,28.7,7150,5650,2250,2800,1900,19750,0,true,"Synthetic - illustrative ranges, not official statistics",2026
Maharashtra,Mumbai,1,freelance,11,47,24,no_vehicle,100,4920,28.4,7400,7050,1400,0,2500,18350,1700,true,"Synthetic - illustrative ranges, not official statistics",2026
Maharashtra,Mumbai,1,freelance,11,47,5,owned_bike_paid,100,5950,31.1,5650,5350,2350,0,2300,15650,4000,true,"Synthetic - illustrative ranges, not official statistics",2026
Maharashtra,Mumbai,1,freelance,11,31,55,owned_bike_on_emi,100,5480,30.3,4600,5500,1750,3200,650,15700,3800,true,"Synthetic - illustrative ranges, not official statistics",2026
Maharashtra,Mumbai,1,freelance,11,36,14,owned_bike_on_emi,100,4880,30.2,12450,5800,2000,2400,950,23600,0,true,"Synthetic - illustrative ranges, not official statistics",2026
Maharashtra,Mumbai,1,freelance,11,44,25,owned_bike_on_emi,100,7110,32.0,4800,6700,2100,3600,1500,18700,8000,true,"Synthetic - illustrative ranges, not official statistics",2026
Maharashtra,Mumbai,1,freelance,11,45,22,owned_bike_on_emi,100,4880,26.6,7950,5250,1850,2400,1700,19150,750,true,"Synthetic - illustrative ranges, not official statistics",2026
Maharashtra,Mumbai,1,freelance,11,36,14,no_vehicle,100,5200,27.6,5100,5500,1150,0,1050,12800,4700,true,"Synthetic - illustrative ranges, not official statistics",2026
Maharashtra,Mumbai,1,freelance,11,38,23,rented_vehicle,100,4260,30.8,10750,5700,2000,2000,1250,21700,0,true,"Synthetic - illustrative ranges, not official statistics",2026
Maharashtra,Mumbai,1,freelance,11,39,45,owned_bike_on_emi,100,5200,29.5,11300,5800,1850,3200,800,22950,0,true,"Synthetic - illustrative ranges, not official statistics",2026
Maharashtra,Mumbai,1,freelance,12,25,49,rented_vehicle,100,3790,25.9,6950,5000,2100,1500,850,16400,0,true,"Synthetic - illustrative ranges, not official statistics",2026
Maharashtra,Mumbai,1,freelance,12,24,34,no_vehicle,100,3960,32.7,8550,5300,1000,0,1350,16200,600,true,"Synthetic - illustrative ranges, not official statistics",2026
Maharashtra,Mumbai,1,freelance,12,52,54,owned_bike_paid,100,6430,34.1,6500,6850,1500,0,500,15350,7600,true,"Synthetic - illustrative ranges, not official statistics",2026
Maharashtra,Mumbai,1,freelance,12,36,47,owned_bike_paid,100,7010,33.5,10100,5800,2100,0,1300,19300,3950,true,"Synthetic - illustrative ranges, not official statistics",2026
Maharashtra,Mumbai,1,freelance,12,38,28,owned_bike_on_emi,100,5010,26.8,11450,6050,2100,3200,500,23300,0,true,"Synthetic - illustrative ranges, not official statistics",2026
Maharashtra,Mumbai,1,freelance,12,35,38,owned_bike_paid,100,5950,25.7,9100,4150,2100,0,2050,17400,3900,true,"Synthetic - illustrative ranges, not official statistics",2026
Maharashtra,Mumbai,1,freelance,12,31,11,no_vehicle,100,5600,31.1,5100,4350,1200,0,1200,11850,5350,true,"Synthetic - illustrative ranges, not official statistics",2026
Maharashtra,Mumbai,1,freelance,12,31,20,rented_vehicle,100,4150,30.5,9750,5500,2750,2500,1450,21950,0,true,"Synthetic - illustrative ranges, not official statistics",2026
Maharashtra,Mumbai,1,freelance,12,55,35,owned_bike_on_emi,100,5000,32.0,8800,5650,1900,3200,900,20450,750,true,"Synthetic - illustrative ranges, not official statistics",2026
