state,city,city_tier,avg_gig_weekly_income,income_std,avg_monthly_rent,avg_monthly_food_utilities,avg_transport_fuel,avg_emi_burden,cost_of_living_index,platform_type,month_season_factor,typical_weekly_hours,safe_savings_capacity,source,year,synthetic
Tamil Nadu,Chennai,Tier 1,3906.53,396.52,8308.77,5639.46,3025.69,3267.85,122.0,delivery,0.92,25,1000.0,FINNA Illustrative Benchmark Survey 2026 (Synthetic),2026,True
Tamil Nadu,Chennai,Tier 1,4331.14,455.71,8433.63,5527.28,2902.67,3202.06,122.0,delivery,1.0,25,1000.0,FINNA Illustrative Benchmark Survey 2026 (Synthetic),2026,True
Tamil Nadu,Chennai,Tier 1,4646.37,520.07,8627.4,5826.07,2903.1,3234.28,122.0,delivery,1.15,25,1000.0,FINNA Illustrative Benchmark Survey 2026 (Synthetic),2026,True
Tamil Nadu,Chennai,Tier 1,5216.97,523.73,8759.95,5914.92,3968.39,3067.7,122.0,delivery,0.92,35,1000.0,FINNA Illustrative Benchmark Survey 2026 (Synthetic),2026,True
Tamil Nadu,Chennai,Tier 1,5736.04,689.45,8153.83,5566.1,4131.51,3239.83,122.0,delivery,1.0,35,2434.76,FINNA Illustrative Benchmark Survey 2026 (Synthetic),2026,True
Tamil Nadu,Chennai,Tier 1,6520.04,937.48,8530.79,6074.41,3980.7,3219.98,122.0,delivery,1.15,35,4176.83,FINNA Illustrative Benchmark Survey 2026 (Synthetic),2026,True
Tamil Nadu,Chennai,Tier 1,6420.86,880.37,8807.45,5844.86,5122.48,3025.6,122.0,delivery,0.92,45,3251.26,FINNA Illustrative Benchmark Survey 2026 (Synthetic),2026,True
Tamil Nadu,Chennai,Tier 1,6651.98,780.7,8142.82,5645.02,4879.12,3114.74,122.0,delivery,1.0,45,4563.89,FINNA Illustrative Benchmark Survey 2026 (Synthetic),2026,True
Tamil Nadu,Chennai,Tier 1,7904.88,963.53,8389.65,5631.51,4946.05,3367.68,122.0,delivery,1.15,45,7730.61,FINNA Illustrative Benchmark Survey 2026 (Synthetic),2026,True
Tamil Nadu,Chennai,Tier 1,7462.3,1018.96,8220.47,5932.89,5875.04,3153.71,122.0,delivery,0.92,55,5934.27,FINNA Illustrative Benchmark Survey 2026 (Synthetic),2026,True
Tamil Nadu,Chennai,Tier 1,8330.2,1152.9,8548.41,5907.08,6203.22,3305.98,122.0,delivery,1.0,55,7868.3,FINNA Illustrative Benchmark Survey 2026 (Synthetic),2026,True
Tamil Nadu,Chennai,Tier 1,9018.88,919.26,8343.14,5665.29,5898.02,3370.08,122.0,delivery,1.15,55,10253.89,FINNA Illustrative Benchmark Survey 2026 (Synthetic),2026,True
Tamil Nadu,Chennai,Tier 1,8712.34,1035.73,8632.12,5739.47,7249.87,3184.2,122.0,delivery,0.92,65,8397.2,FINNA Illustrative Benchmark Survey 2026 (Synthetic),2026,True
Tamil Nadu,Chennai,Tier 1,9020.22,1035.5,8552.16,5662.39,7064.64,3352.76,122.0,delivery,1.0,65,9376.64,FINNA Illustrative Benchmark Survey 2026 (Synthetic),2026,True
Tamil Nadu,Chennai,Tier 1,10487.02,1186.7,8922.91,5805.53,6787.51,3026.09,122.0,delivery,1.15,65,13563.39,FINNA Illustrative Benchmark Survey 2026 (Synthetic),2026,True
Tamil Nadu,Chennai,Tier 1,4191.92,577.0,8748.27,5754.85,3411.7,3154.54,122.0,ride_hailing,0.92,25,1000.0,FINNA Illustrative Benchmark Survey 2026 (Synthetic),2026,True
Tamil Nadu,Chennai,Tier 1,4889.98,644.24,8900.42,6009.25,3396.98,3284.76,122.0,ride_hailing,1.0,25,1000.0,FINNA Illustrative Benchmark Survey 2026 (Synthetic),2026,True
Tamil Nadu,Chennai,Tier 1,5487.43,725.54,8301.8,5881.76,3425.28,3174.95,122.0,ride_hailing,1.15,25,1934.91,FINNA Illustrative Benchmark Survey 2026 (Synthetic),2026,True
Tamil Nadu,Chennai,Tier 1,5680.75,893.18,8819.47,5662.77,4785.66,3076.6,122.0,ride_hailing,0.92,35,1464.55,FINNA Illustrative Benchmark Survey 2026 (Synthetic),2026,True
Tamil Nadu,Chennai,Tier 1,6402.26,974.62,8328.68,5880.59,4827.15,3066.69,122.0,ride_hailing,1.0,35,3652.14,FINNA Illustrative Benchmark Survey 2026 (Synthetic),2026,True
Tamil Nadu,Chennai,Tier 1,7277.0,963.2,8736.83,5817.61,4594.23,3132.48,122.0,ride_hailing,1.15,35,5998.37,FINNA Illustrative Benchmark Survey 2026 (Synthetic),2026,True
Tamil Nadu,Chennai,Tier 1,6737.37,1049.32,8821.91,5992.37,5907.61,3030.24,122.0,ride_hailing,0.92,45,3523.44,FINNA Illustrative Benchmark Survey 2026 (Synthetic),2026,True
Tamil Nadu,Chennai,Tier 1,7846.31,1230.43,8147.81,5791.87,5793.22,3300.07,122.0,ride_hailing,1.0,45,7112.01,FINNA Illustrative Benchmark Survey 2026 (Synthetic),2026,True
Tamil Nadu,Chennai,Tier 1,8944.66,963.37,8478.99,5828.89,5887.23,3343.01,122.0,ride_hailing,1.15,45,9874.97,FINNA Illustrative Benchmark Survey 2026 (Synthetic),2026,True
Tamil Nadu,Chennai,Tier 1,8209.17,925.24,8533.4,5933.36,7015.8,3127.7,122.0,ride_hailing,0.92,55,7108.04,FINNA Illustrative Benchmark Survey 2026 (Synthetic),2026,True
Tamil Nadu,Chennai,Tier 1,9333.86,1297.34,8447.39,5810.19,6969.71,3094.28,122.0,ride_hailing,1.0,55,10461.13,FINNA Illustrative Benchmark Survey 2026 (Synthetic),2026,True
Tamil Nadu,Chennai,Tier 1,10191.21,1378.86,8270.6,5637.73,6940.96,3250.34,122.0,ride_hailing,1.15,55,13018.4,FINNA Illustrative Benchmark Survey 2026 (Synthetic),2026,True
Tamil Nadu,Chennai,Tier 1,9267.2,1430.16,8805.69,5551.1,8178.67,3264.89,122.0,ride_hailing,0.92,65,9312.31,FINNA Illustrative Benchmark Survey 2026 (Synthetic),2026,True
Tamil Nadu,Chennai,Tier 1,10060.93,1085.96,8870.19,5841.2,8335.5,3309.29,122.0,ride_hailing,1.0,65,11184.97,FINNA Illustrative Benchmark Survey 2026 (Synthetic),2026,True
Tamil Nadu,Chennai,Tier 1,12132.04,1351.81,8157.39,5760.01,8302.69,3187.34,122.0,ride_hailing,1.15,65,17630.8,FINNA Illustrative Benchmark Survey 2026 (Synthetic),2026,True
Tamil Nadu,Chennai,Tier 1,4248.97,596.56,8911.54,5567.08,2385.16,3138.29,122.0,freelance_other,0.92,25,1000.0,FINNA Illustrative Benchmark Survey 2026 (Synthetic),2026,True
Tamil Nadu,Chennai,Tier 1,4666.56,536.28,8236.68,5770.2,2388.87,3114.96,122.0,freelance_other,1.0,25,1000.0,FINNA Illustrative Benchmark Survey 2026 (Synthetic),2026,True
Tamil Nadu,Chennai,Tier 1,5111.24,794.27,8451.66,6009.58,2413.57,3027.43,122.0,freelance_other,1.15,25,1449.13,FINNA Illustrative Benchmark Survey 2026 (Synthetic),2026,True
Tamil Nadu,Chennai,Tier 1,5717.83,858.6,8898.65,6047.29,3344.87,3071.86,122.0,freelance_other,0.92,35,2207.1,FINNA Illustrative Benchmark Survey 2026 (Synthetic),2026,True
Tamil Nadu,Chennai,Tier 1,5969.46,673.5,8415.88,5544.01,3222.59,3386.36,122.0,freelance_other,1.0,35,3431.3,FINNA Illustrative Benchmark Survey 2026 (Synthetic),2026,True
Tamil Nadu,Chennai,Tier 1,6743.68,991.62,8461.76,5755.34,3373.15,3390.24,122.0,freelance_other,1.15,35,5342.77,FINNA Illustrative Benchmark Survey 2026 (Synthetic),2026,True
Tamil Nadu,Chennai,Tier 1,6786.62,971.2,8206.58,5682.09,4232.99,3230.41,122.0,freelance_other,0.92,45,5222.1,FINNA Illustrative Benchmark Survey 2026 (Synthetic),2026,True
Tamil Nadu,Chennai,Tier 1,7368.79,1067.58,8123.59,5848.82,4080.93,3335.44,122.0,freelance_other,1.0,45,6836.75,FINNA Illustrative Benchmark Survey 2026 (Synthetic),2026,True
Tamil Nadu,Chennai,Tier 1,8214.15,1294.93,8143.09,5617.78,4111.02,3267.28,122.0,freelance_other,1.15,45,9378.26,FINNA Illustrative Benchmark Survey 2026 (Synthetic),2026,True
Tamil Nadu,Chennai,Tier 1,7796.23,835.7,8831.74,5652.8,4924.55,3245.84,122.0,freelance_other,0.92,55,7216.78,FINNA Illustrative Benchmark Survey 2026 (Synthetic),2026,True
Tamil Nadu,Chennai,Tier 1,8601.62,1161.39,8519.37,6052.13,4771.96,3283.02,122.0,freelance_other,1.0,55,9502.05,FINNA Illustrative Benchmark Survey 2026 (Synthetic),2026,True
Tamil Nadu,Chennai,Tier 1,9748.07,1206.3,8645.94,5684.0,4815.72,3296.72,122.0,freelance_other,1.15,55,12848.4,FINNA Illustrative Benchmark Survey 2026 (Synthetic),2026,True
Tamil Nadu,Chennai,Tier 1,8821.94,1124.77,8923.69,6087.74,5486.63,3089.85,122.0,freelance_other,0.92,65,9497.21,FINNA Illustrative Benchmark Survey 2026 (Synthetic),2026,True
Tamil Nadu,Chennai,Tier 1,9742.09,1519.72,8823.73,6019.98,5621.26,3068.57,122.0,freelance_other,1.0,65,12122.31,FINNA Illustrative Benchmark Survey 2026 (Synthetic),2026,True
Tamil Nadu,Chennai,Tier 1,11722.73,1667.12,8594.93,6082.6,5750.53,3011.0,122.0,freelance_other,1.15,65,17758.23,FINNA Illustrative Benchmark Survey 2026 (Synthetic),2026,True
Tamil Nadu,Chennai,Tier 1,4199.13,495.34,8638.88,6054.58,3019.9,3052.32,122.0,mixed,0.92,25,1000.0,FINNA Illustrative Benchmark Survey 2026 (Synthetic),2026,True
Tamil Nadu,Chennai,Tier 1,4311.41,574.25,8306.5,5860.8,3165.08,3086.18,122.0,mixed,1.0,25,1000.0,FINNA Illustrative Benchmark Survey 2026 (Synthetic),2026,True
Tamil Nadu,Chennai,Tier 1,5174.02,599.35,8490.25,6035.1,3197.05,3043.44,122.0,mixed,1.15,25,1064.48,FINNA Illustrative Benchmark Survey 2026 (Synthetic),2026,True
Tamil Nadu,Chennai,Tier 1,5363.41,625.38,8078.01,5957.25,4257.37,3108.59,122.0,mixed,0.92,35,1184.52,FINNA Illustrative Benchmark Survey 2026 (Synthetic),2026,True
Tamil Nadu,Chennai,Tier 1,5978.85,795.79,8438.53,5515.61,4068.08,3347.11,122.0,mixed,1.0,35,2937.41,FINNA Illustrative Benchmark Survey 2026 (Synthetic),2026,True
Tamil Nadu,Chennai,Tier 1,6963.48,924.3,8784.41,5847.86,4092.63,3056.94,122.0,mixed,1.15,35,5440.52,FINNA Illustrative Benchmark Survey 2026 (Synthetic),2026,True
Tamil Nadu,Chennai,Tier 1,6529.64,1005.17,8751.7,6009.21,5448.51,3088.67,122.0,mixed,0.92,45,3233.91,FINNA Illustrative Benchmark Survey 2026 (Synthetic),2026,True
Tamil Nadu,Chennai,Tier 1,7063.57,749.92,8738.1,6022.8,5240.45,3246.33,122.0,mixed,1.0,45,4769.43,FINNA Illustrative Benchmark Survey 2026 (Synthetic),2026,True
Tamil Nadu,Chennai,Tier 1,8060.12,1255.71,8809.91,6076.2,5411.27,3346.46,122.0,mixed,1.15,45,7316.71,FINNA Illustrative Benchmark Survey 2026 (Synthetic),2026,True
Tamil Nadu,Chennai,Tier 1,7520.26,1084.38,8357.36,6049.87,6478.06,3339.8,122.0,mixed,0.92,55,5419.46,FINNA Illustrative Benchmark Survey 2026 (Synthetic),2026,True
Tamil Nadu,Chennai,Tier 1,8708.48,1010.26,8744.27,5572.7,6513.44,3337.7,122.0,mixed,1.0,55,8800.75,FINNA Illustrative Benchmark Survey 2026 (Synthetic),2026,True
Tamil Nadu,Chennai,Tier 1,9554.84,1423.63,8466.26,5687.01,6474.57,3095.4,122.0,mixed,1.15,55,11471.99,FINNA Illustrative Benchmark Survey 2026 (Synthetic),2026,True
Tamil Nadu,Chennai,Tier 1,8623.51,962.28,8354.02,6011.32,7625.89,3115.18,122.0,mixed,0.92,65,7951.7,FINNA Illustrative Benchmark Survey 2026 (Synthetic),2026,True
Tamil Nadu,Chennai,Tier 1,9855.02,1221.83,8908.98,5821.01,7609.63,3052.29,122.0,mixed,1.0,65,11232.21,FINNA Illustrative Benchmark Survey 2026 (Synthetic),2026,True
Tamil Nadu,Chennai,Tier 1,11628.15,1287.4,8893.15,5663.97,7121.01,3174.87,122.0,mixed,1.15,65,16572.98,FINNA Illustrative Benchmark Survey 2026 (Synthetic),2026,True
Karnataka,Bengaluru,Tier 1,4396.9,522.44,10611.52,6507.42,3187.43,3633.09,138.0,delivery,0.92,25,1000.0,FINNA Illustrative Benchmark Survey 2026 (Synthetic),2026,True
Karnataka,Bengaluru,Tier 1,4601.33,655.81,9976.78,6776.62,3226.87,3694.79,138.0,delivery,1.0,25,1000.0,FINNA Illustrative Benchmark Survey 2026 (Synthetic),2026,True
Karnataka,Bengaluru,Tier 1,5501.91,771.58,10357.43,6220.48,3259.24,3526.65,138.0,delivery,1.15,25,1000.0,FINNA Illustrative Benchmark Survey 2026 (Synthetic),2026,True
Karnataka,Bengaluru,Tier 1,5605.17,845.71,10730.74,6370.21,4288.3,3560.43,138.0,delivery,0.92,35,1000.0,FINNA Illustrative Benchmark Survey 2026 (Synthetic),2026,True
Karnataka,Bengaluru,Tier 1,6136.36,722.49,10108.65,6448.29,4508.16,3676.6,138.0,delivery,1.0,35,1188.68,FINNA Illustrative Benchmark Survey 2026 (Synthetic),2026,True
Karnataka,Bengaluru,Tier 1,7341.54,1005.28,10291.0,6531.16,4180.7,3507.95,138.0,delivery,1.15,35,4730.74,FINNA Illustrative Benchmark Survey 2026 (Synthetic),2026,True
Karnataka,Bengaluru,Tier 1,6952.78,937.23,10662.44,6477.24,5434.74,3476.32,138.0,delivery,0.92,45,2635.62,FINNA Illustrative Benchmark Survey 2026 (Synthetic),2026,True
Karnataka,Bengaluru,Tier 1,7583.7,1168.43,10810.83,6285.3,5278.64,3606.68,138.0,delivery,1.0,45,4456.38,FINNA Illustrative Benchmark Survey 2026 (Synthetic),2026,True
Karnataka,Bengaluru,Tier 1,8832.95,1060.94,10834.34,6663.24,5535.48,3481.04,138.0,delivery,1.15,45,7626.17,FINNA Illustrative Benchmark Survey 2026 (Synthetic),2026,True
Karnataka,Bengaluru,Tier 1,8044.21,816.21,10232.08,6483.84,6723.76,3415.46,138.0,delivery,0.92,55,5184.59,FINNA Illustrative Benchmark Survey 2026 (Synthetic),2026,True
Karnataka,Bengaluru,Tier 1,8898.03,1226.02,10179.16,6627.63,6537.81,3489.4,138.0,delivery,1.0,55,7601.41,FINNA Illustrative Benchmark Survey 2026 (Synthetic),2026,True
Karnataka,Bengaluru,Tier 1,10431.89,1046.66,10763.51,6675.53,6334.9,3567.66,138.0,delivery,1.15,55,11588.51,FINNA Illustrative Benchmark Survey 2026 (Synthetic),2026,True
Karnataka,Bengaluru,Tier 1,9207.61,1450.0,10518.86,6207.64,7449.4,3750.48,138.0,delivery,0.92,65,7762.67,FINNA Illustrative Benchmark Survey 2026 (Synthetic),2026,True
Karnataka,Bengaluru,Tier 1,10238.89,1516.23,10675.96,6817.13,7659.97,3794.42,138.0,delivery,1.0,65,10001.49,FINNA Illustrative Benchmark Survey 2026 (Synthetic),2026,True
Karnataka,Bengaluru,Tier 1,12185.88,1666.53,10730.24,6503.11,7802.96,3620.68,138.0,delivery,1.15,65,15670.12,FINNA Illustrative Benchmark Survey 2026 (Synthetic),2026,True
Karnataka,Bengaluru,Tier 1,4989.78,721.62,10473.41,6343.47,3752.29,3659.47,138.0,ride_hailing,0.92,25,1000.0,FINNA Illustrative Benchmark Survey 2026 (Synthetic),2026,True
Karnataka,Bengaluru,Tier 1,5368.42,704.76,10633.09,6353.49,3700.28,3507.43,138.0,ride_hailing,1.0,25,1000.0,FINNA Illustrative Benchmark Survey 2026 (Synthetic),2026,True
Karnataka,Bengaluru,Tier 1,5934.73,707.32,10542.16,6264.94,3747.39,3683.79,138.0,ride_hailing,1.15,25,1000.0,FINNA Illustrative Benchmark Survey 2026 (Synthetic),2026,True
Karnataka,Bengaluru,Tier 1,6477.9,672.75,10402.98,6527.7,5149.29,3473.35,138.0,ride_hailing,0.92,35,1622.39,FINNA Illustrative Benchmark Survey 2026 (Synthetic),2026,True
Karnataka,Bengaluru,Tier 1,6882.56,1061.91,10588.28,6627.09,5332.17,3714.74,138.0,ride_hailing,1.0,35,2300.48,FINNA Illustrative Benchmark Survey 2026 (Synthetic),2026,True
Karnataka,Bengaluru,Tier 1,7889.6,791.75,10344.35,6664.76,5330.81,3795.88,138.0,ride_hailing,1.15,35,5217.01,FINNA Illustrative Benchmark Survey 2026 (Synthetic),2026,True
Karnataka,Bengaluru,Tier 1,7780.31,1126.99,10548.44,6567.11,6354.68,3478.79,138.0,ride_hailing,0.92,45,4380.82,FINNA Illustrative Benchmark Survey 2026 (Synthetic),2026,True
Karnataka,Bengaluru,Tier 1,8468.31,861.58,10327.94,6616.44,6450.24,3455.3,138.0,ride_hailing,1.0,45,6381.61,FINNA Illustrative Benchmark Survey 2026 (Synthetic),2026,True
Karnataka,Bengaluru,Tier 1,9763.26,1051.09,10628.37,6192.53,6444.89,3627.82,138.0,ride_hailing,1.15,45,9997.85,FINNA Illustrative Benchmark Survey 2026 (Synthetic),2026,True
Karnataka,Bengaluru,Tier 1,8882.47,1230.8,10117.48,6475.1,7506.47,3547.77,138.0,ride_hailing,0.92,55,7029.28,FINNA Illustrative Benchmark Survey 2026 (Synthetic),2026,True
Karnataka,Bengaluru,Tier 1,9803.01,1172.55,10774.29,6421.43,7943.6,3743.39,138.0,ride_hailing,1.0,55,8816.81,FINNA Illustrative Benchmark Survey 2026 (Synthetic),2026,True
Karnataka,Bengaluru,Tier 1,11310.95,1186.68,9995.35,6525.62,8098.02,3535.18,138.0,ride_hailing,1.15,55,13534.46,FINNA Illustrative Benchmark Survey 2026 (Synthetic),2026,True
Karnataka,Bengaluru,Tier 1,10714.2,1573.64,10659.34,6665.25,9375.42,3470.12,138.0,ride_hailing,0.92,65,10544.53,FINNA Illustrative Benchmark Survey 2026 (Synthetic),2026,True
Karnataka,Bengaluru,Tier 1,11066.1,1207.79,10107.53,6610.15,9096.22,3478.16,138.0,ride_hailing,1.0,65,12105.7,FINNA Illustrative Benchmark Survey 2026 (Synthetic),2026,True
Karnataka,Bengaluru,Tier 1,13444.96,1963.15,10151.18,6569.71,9229.4,3433.48,138.0,ride_hailing,1.15,65,18741.39,FINNA Illustrative Benchmark Survey 2026 (Synthetic),2026,True
Karnataka,Bengaluru,Tier 1,4782.51,755.08,10088.5,6191.69,2565.04,3676.61,138.0,freelance_other,0.92,25,1000.0,FINNA Illustrative Benchmark Survey 2026 (Synthetic),2026,True
Karnataka,Bengaluru,Tier 1,5254.7,650.53,10725.77,6224.4,2643.93,3654.97,138.0,freelance_other,1.0,25,1000.0,FINNA Illustrative Benchmark Survey 2026 (Synthetic),2026,True
Karnataka,Bengaluru,Tier 1,5643.59,825.93,10867.81,6565.27,2525.27,3809.02,138.0,freelance_other,1.15,25,1000.0,FINNA Illustrative Benchmark Survey 2026 (Synthetic),2026,True
Karnataka,Bengaluru,Tier 1,6284.01,759.31,10424.8,6415.87,3526.95,3531.41,138.0,freelance_other,0.92,35,2151.98,FINNA Illustrative Benchmark Survey 2026 (Synthetic),2026,True
Karnataka,Bengaluru,Tier 1,6866.22,1025.4,10085.82,6799.51,3563.51,3742.0,138.0,freelance_other,1.0,35,3600.93,FINNA Illustrative Benchmark Survey 2026 (Synthetic),2026,True
Karnataka,Bengaluru,Tier 1,7808.73,984.91,10745.49,6802.56,3460.43,3733.14,138.0,freelance_other,1.15,35,5895.62,FINNA Illustrative Benchmark Survey 2026 (Synthetic),2026,True
Karnataka,Bengaluru,Tier 1,7574.42,977.17,10432.35,6650.17,4338.1,3751.94,138.0,freelance_other,0.92,45,4956.04,FINNA Illustrative Benchmark Survey 2026 (Synthetic),2026,True
Karnataka,Bengaluru,Tier 1,8425.17,886.33,10900.71,6333.51,4407.52,3647.66,138.0,freelance_other,1.0,45,7274.53,FINNA Illustrative Benchmark Survey 2026 (Synthetic),2026,True
Karnataka,Bengaluru,Tier 1,9347.82,950.88,10868.5,6293.2,4318.21,3728.66,138.0,freelance_other,1.15,45,9923.87,FINNA Illustrative Benchmark Survey 2026 (Synthetic),2026,True
Karnataka,Bengaluru,Tier 1,8788.31,1343.02,10711.24,6354.57,5087.4,3793.56,138.0,freelance_other,0.92,55,7869.3,FINNA Illustrative Benchmark Survey 2026 (Synthetic),2026,True
Karnataka,Bengaluru,Tier 1,9355.33,1339.73,10488.01,6667.81,5375.64,3663.03,138.0,freelance_other,1.0,55,9304.16,FINNA Illustrative Benchmark Survey 2026 (Synthetic),2026,True
Karnataka,Bengaluru,Tier 1,11119.35,1640.95,10072.71,6319.04,5376.14,3516.28,138.0,freelance_other,1.15,55,14860.7,FINNA Illustrative Benchmark Survey 2026 (Synthetic),2026,True
Karnataka,Bengaluru,Tier 1,10275.53,1319.33,10532.47,6451.58,6275.01,3526.9,138.0,freelance_other,0.92,65,11509.61,FINNA Illustrative Benchmark Survey 2026 (Synthetic),2026,True
Karnataka,Bengaluru,Tier 1,11276.73,1310.98,10238.97,6253.43,6002.59,3435.65,138.0,freelance_other,1.0,65,14883.44,FINNA Illustrative Benchmark Survey 2026 (Synthetic),2026,True
Karnataka,Bengaluru,Tier 1,12797.77,1865.04,10169.41,6315.65,6146.16,3697.02,138.0,freelance_other,1.15,65,18905.97,FINNA Illustrative Benchmark Survey 2026 (Synthetic),2026,True
Karnataka,Bengaluru,Tier 1,4751.55,624.73,10272.15,6240.34,3287.69,3482.27,138.0,mixed,0.92,25,1000.0,FINNA Illustrative Benchmark Survey 2026 (Synthetic),2026,True
Karnataka,Bengaluru,Tier 1,4847.45,488.86,10535.84,6353.3,3498.04,3623.05,138.0,mixed,1.0,25,1000.0,FINNA Illustrative Benchmark Survey 2026 (Synthetic),2026,True
Karnataka,Bengaluru,Tier 1,5811.65,625.2,10886.88,6494.07,3470.65,3632.0,138.0,mixed,1.15,25,1000.0,FINNA Illustrative Benchmark Survey 2026 (Synthetic),2026,True
Karnataka,Bengaluru,Tier 1,6016.5,760.65,10168.58,6208.39,4723.09,3590.38,138.0,mixed,0.92,35,1000.0,FINNA Illustrative Benchmark Survey 2026 (Synthetic),2026,True
Karnataka,Bengaluru,Tier 1,6724.67,834.14,10052.79,6584.14,4399.19,3448.45,138.0,mixed,1.0,35,3011.61,FINNA Illustrative Benchmark Survey 2026 (Synthetic),2026,True
Karnataka,Bengaluru,Tier 1,7576.99,895.83,11018.61,6251.99,4658.63,3645.93,138.0,mixed,1.15,35,4701.58,FINNA Illustrative Benchmark Survey 2026 (Synthetic),2026,True
Karnataka,Bengaluru,Tier 1,7583.91,861.09,10523.7,6467.83,5693.79,3755.59,138.0,mixed,0.92,45,4158.32,FINNA Illustrative Benchmark Survey 2026 (Synthetic),2026,True
Karnataka,Bengaluru,Tier 1,8371.82,990.58,10627.08,6571.26,5829.86,3793.36,138.0,mixed,1.0,45,6128.47,FINNA Illustrative Benchmark Survey 2026 (Synthetic),2026,True
Karnataka,Bengaluru,Tier 1,9047.83,1019.34,10668.45,6277.09,5570.74,3416.43,138.0,mixed,1.15,45,8608.86,FINNA Illustrative Benchmark Survey 2026 (Synthetic),2026,True
Karnataka,Bengaluru,Tier 1,8389.55,1065.73,10598.5,6364.32,6705.02,3689.4,138.0,mixed,0.92,55,5830.18,FINNA Illustrative Benchmark Survey 2026 (Synthetic),2026,True
Karnataka,Bengaluru,Tier 1,9651.14,1228.03,10696.75,6775.54,7010.0,3654.03,138.0,mixed,1.0,55,8874.53,FINNA Illustrative Benchmark Survey 2026 (Synthetic),2026,True
Karnataka,Bengaluru,Tier 1,11062.28,1725.94,10421.4,6528.97,6933.15,3776.43,138.0,mixed,1.15,55,13155.82,FINNA Illustrative Benchmark Survey 2026 (Synthetic),2026,True
Karnataka,Bengaluru,Tier 1,10281.69,1072.22,10149.22,6374.95,8122.53,3629.9,138.0,mixed,0.92,65,10558.03,FINNA Illustrative Benchmark Survey 2026 (Synthetic),2026,True
Karnataka,Bengaluru,Tier 1,10706.98,1150.59,10698.11,6629.83,8245.95,3600.2,138.0,mixed,1.0,65,11171.64,FINNA Illustrative Benchmark Survey 2026 (Synthetic),2026,True
Karnataka,Bengaluru,Tier 1,12518.62,1312.28,10016.85,6455.82,7850.72,3492.16,138.0,mixed,1.15,65,17153.55,FINNA Illustrative Benchmark Survey 2026 (Synthetic),2026,True
Maharashtra,Mumbai,Tier 1,4506.53,710.75,13953.54,7254.14,3525.27,4027.81,155.0,delivery,0.92,25,1000.0,FINNA Illustrative Benchmark Survey 2026 (Synthetic),2026,True
Maharashtra,Mumbai,Tier 1,5133.76,596.39,12879.31,7384.51,3394.54,3869.09,155.0,delivery,1.0,25,1000.0,FINNA Illustrative Benchmark Survey 2026 (Synthetic),2026,True
Maharashtra,Mumbai,Tier 1,6017.4,667.27,13615.19,7297.04,3400.32,3613.61,155.0,delivery,1.15,25,1000.0,FINNA Illustrative Benchmark Survey 2026 (Synthetic),2026,True
Maharashtra,Mumbai,Tier 1,6064.41,727.72,13729.68,7457.57,4543.27,3888.32,155.0,delivery,0.92,35,1000.0,FINNA Illustrative Benchmark Survey 2026 (Synthetic),2026,True
Maharashtra,Mumbai,Tier 1,6559.86,1028.01,13923.31,7236.07,4589.33,3715.42,155.0,delivery,1.0,35,1000.0,FINNA Illustrative Benchmark Survey 2026 (Synthetic),2026,True
Maharashtra,Mumbai,Tier 1,7565.36,1196.92,13370.64,7210.51,4785.84,3871.89,155.0,delivery,1.15,35,2287.43,FINNA Illustrative Benchmark Survey 2026 (Synthetic),2026,True
Maharashtra,Mumbai,Tier 1,7569.71,944.66,13078.24,7100.48,5893.48,3857.19,155.0,delivery,0.92,45,1850.85,FINNA Illustrative Benchmark Survey 2026 (Synthetic),2026,True
Maharashtra,Mumbai,Tier 1,8370.55,939.29,13566.45,7507.92,5746.41,3890.4,155.0,delivery,1.0,45,3596.65,FINNA Illustrative Benchmark Survey 2026 (Synthetic),2026,True
Maharashtra,Mumbai,Tier 1,9144.4,1448.37,13646.98,7012.29,5617.17,3823.18,155.0,delivery,1.15,45,6172.16,FINNA Illustrative Benchmark Survey 2026 (Synthetic),2026,True
Maharashtra,Mumbai,Tier 1,8930.51,943.0,14164.55,7497.31,6896.77,3625.56,155.0,delivery,0.92,55,4215.2,FINNA Illustrative Benchmark Survey 2026 (Synthetic),2026,True
Maharashtra,Mumbai,Tier 1,9923.53,1289.09,13792.41,7206.39,6792.71,3952.63,155.0,delivery,1.0,55,7296.08,FINNA Illustrative Benchmark Survey 2026 (Synthetic),2026,True
Maharashtra,Mumbai,Tier 1,11543.77,1323.19,13569.21,7116.18,7151.59,3803.76,155.0,delivery,1.15,55,11923.46,FINNA Illustrative Benchmark Survey 2026 (Synthetic),2026,True
Maharashtra,Mumbai,Tier 1,10508.47,1595.62,13197.93,7408.8,7985.78,3998.02,155.0,delivery,0.92,65,8392.24,FINNA Illustrative Benchmark Survey 2026 (Synthetic),2026,True
Maharashtra,Mumbai,Tier 1,11092.7,1655.4,13206.83,7054.96,8096.42,4027.5,155.0,delivery,1.0,65,10169.69,FINNA Illustrative Benchmark Survey 2026 (Synthetic),2026,True
Maharashtra,Mumbai,Tier 1,12738.15,1387.38,13552.08,7088.49,8073.89,3819.8,155.0,delivery,1.15,65,14704.25,FINNA Illustrative Benchmark Survey 2026 (Synthetic),2026,True
Maharashtra,Mumbai,Tier 1,5199.27,620.31,13079.68,7342.2,4073.94,3678.5,155.0,ride_hailing,0.92,25,1000.0,FINNA Illustrative Benchmark Survey 2026 (Synthetic),2026,True
Maharashtra,Mumbai,Tier 1,5796.66,594.85,13830.35,7347.76,4151.59,3748.05,155.0,ride_hailing,1.0,25,1000.0,FINNA Illustrative Benchmark Survey 2026 (Synthetic),2026,True
Maharashtra,Mumbai,Tier 1,6607.79,986.18,14149.1,7196.64,3900.64,3801.04,155.0,ride_hailing,1.15,25,1000.0,FINNA Illustrative Benchmark Survey 2026 (Synthetic),2026,True
Maharashtra,Mumbai,Tier 1,6925.37,1053.92,14005.16,7157.02,5494.69,3780.36,155.0,ride_hailing,0.92,35,1000.0,FINNA Illustrative Benchmark Survey 2026 (Synthetic),2026,True
Maharashtra,Mumbai,Tier 1,7606.66,947.78,13708.95,6951.14,5469.93,4013.96,155.0,ride_hailing,1.0,35,1815.36,FINNA Illustrative Benchmark Survey 2026 (Synthetic),2026,True
Maharashtra,Mumbai,Tier 1,8483.71,1200.97,13702.28,7453.27,5637.87,3963.86,155.0,ride_hailing,1.15,35,3885.17,FINNA Illustrative Benchmark Survey 2026 (Synthetic),2026,True
Maharashtra,Mumbai,Tier 1,8368.17,995.81,13795.27,7386.77,7079.81,3588.37,155.0,ride_hailing,0.92,45,2849.57,FINNA Illustrative Benchmark Survey 2026 (Synthetic),2026,True
Maharashtra,Mumbai,Tier 1,8866.91,1222.48,14068.25,7558.15,7010.72,3769.89,155.0,ride_hailing,1.0,45,3891.36,FINNA Illustrative Benchmark Survey 2026 (Synthetic),2026,True
Maharashtra,Mumbai,Tier 1,10222.31,1410.93,14002.98,7159.45,6981.7,3983.96,155.0,ride_hailing,1.15,45,7887.43,FINNA Illustrative Benchmark Survey 2026 (Synthetic),2026,True
Maharashtra,Mumbai,Tier 1,9598.77,1418.4,13221.05,7109.89,8002.32,3814.21,155.0,ride_hailing,0.92,55,6119.88,FINNA Illustrative Benchmark Survey 2026 (Synthetic),2026,True
Maharashtra,Mumbai,Tier 1,10883.78,1605.91,13054.48,6896.86,8480.17,3854.59,155.0,ride_hailing,1.0,55,9646.43,FINNA Illustrative Benchmark Survey 2026 (Synthetic),2026,True
Maharashtra,Mumbai,Tier 1,12192.53,1887.03,13018.21,7172.03,8073.74,3688.43,155.0,ride_hailing,1.15,55,13546.81,FINNA Illustrative Benchmark Survey 2026 (Synthetic),2026,True
Maharashtra,Mumbai,Tier 1,10974.52,1627.28,14041.63,7327.88,9310.11,3773.43,155.0,ride_hailing,0.92,65,8493.3,FINNA Illustrative Benchmark Survey 2026 (Synthetic),2026,True
Maharashtra,Mumbai,Tier 1,12262.74,1658.59,13687.57,7145.5,9380.65,3957.46,155.0,ride_hailing,1.0,65,12302.21,FINNA Illustrative Benchmark Survey 2026 (Synthetic),2026,True
Maharashtra,Mumbai,Tier 1,13934.98,1715.14,13477.33,7010.79,9627.09,3834.11,155.0,ride_hailing,1.15,65,17152.94,FINNA Illustrative Benchmark Survey 2026 (Synthetic),2026,True
Maharashtra,Mumbai,Tier 1,5229.87,615.63,14145.23,7313.93,2704.76,3830.06,155.0,freelance_other,0.92,25,1000.0,FINNA Illustrative Benchmark Survey 2026 (Synthetic),2026,True
Maharashtra,Mumbai,Tier 1,5550.37,803.03,12891.21,7276.61,2753.74,3984.29,155.0,freelance_other,1.0,25,1000.0,FINNA Illustrative Benchmark Survey 2026 (Synthetic),2026,True
Maharashtra,Mumbai,Tier 1,6181.86,914.49,13644.54,7093.67,2784.56,3855.13,155.0,freelance_other,1.15,25,1000.0,FINNA Illustrative Benchmark Survey 2026 (Synthetic),2026,True
Maharashtra,Mumbai,Tier 1,6724.49,963.32,13714.9,7443.6,3766.91,3983.95,155.0,freelance_other,0.92,35,1000.0,FINNA Illustrative Benchmark Survey 2026 (Synthetic),2026,True
Maharashtra,Mumbai,Tier 1,7291.12,864.26,13420.11,7257.29,3797.96,3613.1,155.0,freelance_other,1.0,35,2263.36,FINNA Illustrative Benchmark Survey 2026 (Synthetic),2026,True
Maharashtra,Mumbai,Tier 1,8151.91,1180.79,13062.11,6935.16,3740.4,4015.0,155.0,freelance_other,1.15,35,4904.32,FINNA Illustrative Benchmark Survey 2026 (Synthetic),2026,True
Maharashtra,Mumbai,Tier 1,8167.63,1264.42,13946.14,7025.02,4796.43,3791.72,155.0,freelance_other,0.92,45,3774.24,FINNA Illustrative Benchmark Survey 2026 (Synthetic),2026,True
Maharashtra,Mumbai,Tier 1,9073.14,1313.73,13282.27,6922.92,4848.12,3636.19,155.0,freelance_other,1.0,45,6888.18,FINNA Illustrative Benchmark Survey 2026 (Synthetic),2026,True
Maharashtra,Mumbai,Tier 1,10564.48,1601.66,13802.69,7545.56,4849.76,3938.89,155.0,freelance_other,1.15,45,10144.74,FINNA Illustrative Benchmark Survey 2026 (Synthetic),2026,True
Maharashtra,Mumbai,Tier 1,9501.67,1400.93,12843.79,7226.33,5580.11,3878.81,155.0,freelance_other,0.92,55,7548.57,FINNA Illustrative Benchmark Survey 2026 (Synthetic),2026,True
Maharashtra,Mumbai,Tier 1,10583.95,1429.61,13935.26,7517.01,5424.9,3678.62,155.0,freelance_other,1.0,55,9927.26,FINNA Illustrative Benchmark Survey 2026 (Synthetic),2026,True
Maharashtra,Mumbai,Tier 1,11549.8,1767.74,13582.9,7498.98,5475.53,3600.83,155.0,freelance_other,1.15,55,12904.06,FINNA Illustrative Benchmark Survey 2026 (Synthetic),2026,True
Maharashtra,Mumbai,Tier 1,11300.27,1746.61,13232.96,7133.97,6321.4,4003.5,155.0,freelance_other,0.92,65,11854.92,FINNA Illustrative Benchmark Survey 2026 (Synthetic),2026,True
Maharashtra,Mumbai,Tier 1,11785.32,1526.88,12956.21,7478.83,6319.26,3778.86,155.0,freelance_other,1.0,65,13323.23,FINNA Illustrative Benchmark Survey 2026 (Synthetic),2026,True
Maharashtra,Mumbai,Tier 1,13956.4,2017.93,14102.07,7141.77,6635.13,3642.46,155.0,freelance_other,1.15,65,18791.36,FINNA Illustrative Benchmark Survey 2026 (Synthetic),2026,True
Maharashtra,Mumbai,Tier 1,4904.75,519.62,13485.62,7133.84,3693.35,3586.92,155.0,mixed,0.92,25,1000.0,FINNA Illustrative Benchmark Survey 2026 (Synthetic),2026,True
Maharashtra,Mumbai,Tier 1,5312.2,672.54,14108.25,7455.92,3450.34,3884.67,155.0,mixed,1.0,25,1000.0,FINNA Illustrative Benchmark Survey 2026 (Synthetic),2026,True
Maharashtra,Mumbai,Tier 1,6194.93,982.95,13309.21,7126.66,3476.14,3627.7,155.0,mixed,1.15,25,1000.0,FINNA Illustrative Benchmark Survey 2026 (Synthetic),2026,True
Maharashtra,Mumbai,Tier 1,6688.61,851.35,13719.74,7302.03,4862.81,3581.74,155.0,mixed,0.92,35,1000.0,FINNA Illustrative Benchmark Survey 2026 (Synthetic),2026,True
Maharashtra,Mumbai,Tier 1,7235.57,829.3,12995.0,7246.5,4658.78,3920.91,155.0,mixed,1.0,35,1630.74,FINNA Illustrative Benchmark Survey 2026 (Synthetic),2026,True
Maharashtra,Mumbai,Tier 1,7943.71,897.3,13999.09,7076.56,4689.26,3982.64,155.0,mixed,1.15,35,3021.66,FINNA Illustrative Benchmark Survey 2026 (Synthetic),2026,True
Maharashtra,Mumbai,Tier 1,7678.59,1163.34,13020.33,6933.59,5929.32,3651.57,155.0,mixed,0.92,45,2413.77,FINNA Illustrative Benchmark Survey 2026 (Synthetic),2026,True
Maharashtra,Mumbai,Tier 1,8803.99,894.02,12845.06,7408.79,5923.16,3719.64,155.0,mixed,1.0,45,5346.01,FINNA Illustrative Benchmark Survey 2026 (Synthetic),2026,True
Maharashtra,Mumbai,Tier 1,9735.31,1004.14,13826.32,7218.78,6168.9,3789.17,155.0,mixed,1.15,45,7247.97,FINNA Illustrative Benchmark Survey 2026 (Synthetic),2026,True
Maharashtra,Mumbai,Tier 1,9636.61,1260.41,12972.22,7202.76,7505.79,3591.77,155.0,mixed,0.92,55,6795.09,FINNA Illustrative Benchmark Survey 2026 (Synthetic),2026,True
Maharashtra,Mumbai,Tier 1,10478.84,1592.98,13528.96,7169.79,7516.58,3599.74,155.0,mixed,1.0,55,8812.9,FINNA Illustrative Benchmark Survey 2026 (Synthetic),2026,True
Maharashtra,Mumbai,Tier 1,11763.86,1459.86,13751.23,7192.99,7485.08,3605.51,155.0,mixed,1.15,55,12286.76,FINNA Illustrative Benchmark Survey 2026 (Synthetic),2026,True
Maharashtra,Mumbai,Tier 1,10448.35,1426.18,12913.67,7038.01,8513.05,3822.05,155.0,mixed,0.92,65,8420.47,FINNA Illustrative Benchmark Survey 2026 (Synthetic),2026,True
Maharashtra,Mumbai,Tier 1,11586.65,1850.13,13541.25,7166.68,8494.42,3617.23,155.0,mixed,1.0,65,11277.9,FINNA Illustrative Benchmark Survey 2026 (Synthetic),2026,True
Maharashtra,Mumbai,Tier 1,13731.78,2075.8,13703.74,7393.65,8572.19,3670.05,155.0,mixed,1.15,65,16977.34,FINNA Illustrative Benchmark Survey 2026 (Synthetic),2026,True
Maharashtra,Pune,Tier 1,4018.24,456.91,8855.04,5872.56,3011.0,3139.65,125.0,delivery,0.92,25,1000.0,FINNA Illustrative Benchmark Survey 2026 (Synthetic),2026,True
Maharashtra,Pune,Tier 1,4358.96,609.85,8886.87,5695.06,3133.96,3128.58,125.0,delivery,1.0,25,1000.0,FINNA Illustrative Benchmark Survey 2026 (Synthetic),2026,True
Maharashtra,Pune,Tier 1,5176.18,546.57,8636.91,6040.89,3106.99,3322.32,125.0,delivery,1.15,25,1000.0,FINNA Illustrative Benchmark Survey 2026 (Synthetic),2026,True
Maharashtra,Pune,Tier 1,5352.31,715.58,8846.68,5677.12,4055.45,3365.47,125.0,delivery,0.92,35,1000.0,FINNA Illustrative Benchmark Survey 2026 (Synthetic),2026,True
Maharashtra,Pune,Tier 1,5893.45,896.31,9198.95,6176.36,4136.47,3241.25,125.0,delivery,1.0,35,1797.65,FINNA Illustrative Benchmark Survey 2026 (Synthetic),2026,True
Maharashtra,Pune,Tier 1,6685.85,753.93,9141.06,5737.3,3974.89,3436.77,125.0,delivery,1.15,35,4328.81,FINNA Illustrative Benchmark Survey 2026 (Synthetic),2026,True
Maharashtra,Pune,Tier 1,6462.79,941.99,9066.69,6081.26,5287.07,3487.92,125.0,delivery,0.92,45,2639.61,FINNA Illustrative Benchmark Survey 2026 (Synthetic),2026,True
Maharashtra,Pune,Tier 1,7280.87,996.13,9128.43,5620.49,5321.61,3430.47,125.0,delivery,1.0,45,5216.36,FINNA Illustrative Benchmark Survey 2026 (Synthetic),2026,True
Maharashtra,Pune,Tier 1,8013.1,888.05,9182.43,5787.3,5079.07,3104.42,125.0,delivery,1.15,45,7503.28,FINNA Illustrative Benchmark Survey 2026 (Synthetic),2026,True
Maharashtra,Pune,Tier 1,7928.17,1062.21,8910.71,5688.71,6229.07,3114.14,125.0,delivery,0.92,55,6751.12,FINNA Illustrative Benchmark Survey 2026 (Synthetic),2026,True
Maharashtra,Pune,Tier 1,8534.72,963.64,8927.85,5806.13,6099.33,3387.75,125.0,delivery,1.0,55,8277.28,FINNA Illustrative Benchmark Survey 2026 (Synthetic),2026,True
Maharashtra,Pune,Tier 1,9838.58,1318.92,8626.46,5636.04,5994.48,3346.66,125.0,delivery,1.15,55,12348.32,FINNA Illustrative Benchmark Survey 2026 (Synthetic),2026,True
Maharashtra,Pune,Tier 1,8953.72,1041.55,9145.74,5891.54,7130.14,3210.17,125.0,delivery,0.92,65,8704.81,FINNA Illustrative Benchmark Survey 2026 (Synthetic),2026,True
Maharashtra,Pune,Tier 1,9794.48,1046.33,8936.92,5772.12,7265.63,3294.71,125.0,delivery,1.0,65,11141.47,FINNA Illustrative Benchmark Survey 2026 (Synthetic),2026,True
Maharashtra,Pune,Tier 1,11186.11,1149.09,8905.74,5958.6,6881.22,3221.36,125.0,delivery,1.15,65,15254.81,FINNA Illustrative Benchmark Survey 2026 (Synthetic),2026,True
Maharashtra,Pune,Tier 1,4413.57,477.7,8779.97,5798.59,3466.66,3397.82,125.0,ride_hailing,0.92,25,1000.0,FINNA Illustrative Benchmark Survey 2026 (Synthetic),2026,True
Maharashtra,Pune,Tier 1,4783.4,587.46,9183.3,5900.15,3705.02,3421.26,125.0,ride_hailing,1.0,25,1000.0,FINNA Illustrative Benchmark Survey 2026 (Synthetic),2026,True
Maharashtra,Pune,Tier 1,5454.09,827.42,8588.07,5616.06,3730.37,3443.4,125.0,ride_hailing,1.15,25,1454.9,FINNA Illustrative Benchmark Survey 2026 (Synthetic),2026,True
Maharashtra,Pune,Tier 1,5989.49,805.01,9188.55,5851.44,4734.74,3110.26,125.0,ride_hailing,0.92,35,1982.18,FINNA Illustrative Benchmark Survey 2026 (Synthetic),2026,True
Maharashtra,Pune,Tier 1,6380.38,944.8,9106.31,6095.9,5049.18,3136.9,125.0,ride_hailing,1.0,35,2755.19,FINNA Illustrative Benchmark Survey 2026 (Synthetic),2026,True
Maharashtra,Pune,Tier 1,7646.85,876.32,9079.98,5914.14,4844.39,3224.87,125.0,ride_hailing,1.15,35,6530.86,FINNA Illustrative Benchmark Survey 2026 (Synthetic),2026,True
Maharashtra,Pune,Tier 1,7221.91,866.51,8701.32,5906.19,5935.87,3303.94,125.0,ride_hailing,0.92,45,4825.31,FINNA Illustrative Benchmark Survey 2026 (Synthetic),2026,True
Maharashtra,Pune,Tier 1,8210.23,993.13,9204.64,6088.18,6279.37,3195.56,125.0,ride_hailing,1.0,45,7008.65,FINNA Illustrative Benchmark Survey 2026 (Synthetic),2026,True
Maharashtra,Pune,Tier 1,8886.14,993.79,9092.16,6053.53,6201.2,3172.15,125.0,ride_hailing,1.15,45,9072.67,FINNA Illustrative Benchmark Survey 2026 (Synthetic),2026,True
Maharashtra,Pune,Tier 1,8812.62,1142.53,9229.0,6053.33,7307.39,3467.97,125.0,ride_hailing,0.92,55,7865.62,FINNA Illustrative Benchmark Survey 2026 (Synthetic),2026,True
Maharashtra,Pune,Tier 1,9422.68,1301.44,9112.07,6114.91,7412.06,3161.78,125.0,ride_hailing,1.0,55,9749.6,FINNA Illustrative Benchmark Survey 2026 (Synthetic),2026,True
Maharashtra,Pune,Tier 1,10408.14,1316.97,8822.54,5767.06,7076.86,3302.91,125.0,ride_hailing,1.15,55,13063.62,FINNA Illustrative Benchmark Survey 2026 (Synthetic),2026,True
Maharashtra,Pune,Tier 1,9740.5,1238.16,8601.2,6095.7,8239.03,3444.24,125.0,ride_hailing,0.92,65,10267.53,FINNA Illustrative Benchmark Survey 2026 (Synthetic),2026,True
Maharashtra,Pune,Tier 1,11056.13,1513.59,9006.36,5878.0,8564.85,3415.56,125.0,ride_hailing,1.0,65,13655.38,FINNA Illustrative Benchmark Survey 2026 (Synthetic),2026,True
Maharashtra,Pune,Tier 1,12754.69,1619.64,9278.83,5989.58,8406.04,3290.35,125.0,ride_hailing,1.15,65,18370.96,FINNA Illustrative Benchmark Survey 2026 (Synthetic),2026,True
Maharashtra,Pune,Tier 1,4234.9,439.21,8643.15,6135.48,2423.24,3384.87,125.0,freelance_other,0.92,25,1000.0,FINNA Illustrative Benchmark Survey 2026 (Synthetic),2026,True
Maharashtra,Pune,Tier 1,4737.14,522.76,8772.97,5863.28,2442.08,3309.01,125.0,freelance_other,1.0,25,1000.0,FINNA Illustrative Benchmark Survey 2026 (Synthetic),2026,True
Maharashtra,Pune,Tier 1,5297.06,648.21,8804.6,5846.17,2422.24,3338.76,125.0,freelance_other,1.15,25,1640.92,FINNA Illustrative Benchmark Survey 2026 (Synthetic),2026,True
Maharashtra,Pune,Tier 1,5873.62,815.48,8609.32,5660.76,3369.29,3214.52,125.0,freelance_other,0.92,35,2976.27,FINNA Illustrative Benchmark Survey 2026 (Synthetic),2026,True
Maharashtra,Pune,Tier 1,6351.67,885.38,9365.71,6120.24,3277.6,3332.76,125.0,freelance_other,1.0,35,3514.17,FINNA Illustrative Benchmark Survey 2026 (Synthetic),2026,True
Maharashtra,Pune,Tier 1,6970.14,843.31,9420.93,6017.1,3293.18,3337.64,125.0,freelance_other,1.15,35,5272.71,FINNA Illustrative Benchmark Survey 2026 (Synthetic),2026,True
Maharashtra,Pune,Tier 1,7301.75,865.8,8889.01,6072.08,4269.35,3367.37,125.0,freelance_other,0.92,45,5862.2,FINNA Illustrative Benchmark Survey 2026 (Synthetic),2026,True
Maharashtra,Pune,Tier 1,7869.8,1135.82,9166.87,5915.57,4213.66,3269.67,125.0,freelance_other,1.0,45,7481.8,FINNA Illustrative Benchmark Survey 2026 (Synthetic),2026,True
Maharashtra,Pune,Tier 1,8720.73,1061.8,8712.24,5731.37,4314.16,3294.56,125.0,freelance_other,1.15,45,10210.48,FINNA Illustrative Benchmark Survey 2026 (Synthetic),2026,True
Maharashtra,Pune,Tier 1,8134.42,880.58,8619.45,6103.21,4830.22,3407.27,125.0,freelance_other,0.92,55,7970.23,FINNA Illustrative Benchmark Survey 2026 (Synthetic),2026,True
Maharashtra,Pune,Tier 1,9281.86,1420.32,8583.97,5803.69,5095.72,3153.9,125.0,freelance_other,1.0,55,11409.56,FINNA Illustrative Benchmark Survey 2026 (Synthetic),2026,True
Maharashtra,Pune,Tier 1,10292.92,1129.49,9298.21,6059.95,5112.78,3167.55,125.0,freelance_other,1.15,55,13604.4,FINNA Illustrative Benchmark Survey 2026 (Synthetic),2026,True
Maharashtra,Pune,Tier 1,9489.73,1182.91,9158.73,5745.14,5773.02,3214.83,125.0,freelance_other,0.92,65,11179.23,FINNA Illustrative Benchmark Survey 2026 (Synthetic),2026,True
Maharashtra,Pune,Tier 1,10572.73,1342.06,9030.61,5787.59,5942.08,3287.73,125.0,freelance_other,1.0,65,14125.74,FINNA Illustrative Benchmark Survey 2026 (Synthetic),2026,True
Maharashtra,Pune,Tier 1,12241.21,1494.29,9402.42,6185.82,5781.12,3213.58,125.0,freelance_other,1.15,65,18473.97,FINNA Illustrative Benchmark Survey 2026 (Synthetic),2026,True
Maharashtra,Pune,Tier 1,4235.5,557.59,9419.64,6086.97,3252.27,3156.81,125.0,mixed,0.92,25,1000.0,FINNA Illustrative Benchmark Survey 2026 (Synthetic),2026,True
Maharashtra,Pune,Tier 1,4554.78,630.7,9336.71,5932.18,3074.76,3436.97,125.0,mixed,1.0,25,1000.0,FINNA Illustrative Benchmark Survey 2026 (Synthetic),2026,True
Maharashtra,Pune,Tier 1,5495.04,643.49,9236.81,5765.95,3278.7,3160.35,125.0,mixed,1.15,25,1528.61,FINNA Illustrative Benchmark Survey 2026 (Synthetic),2026,True
Maharashtra,Pune,Tier 1,5606.29,878.98,8749.83,5871.17,4247.18,3112.56,125.0,mixed,0.92,35,1491.42,FINNA Illustrative Benchmark Survey 2026 (Synthetic),2026,True
Maharashtra,Pune,Tier 1,5905.55,768.43,8762.2,6191.77,4255.89,3113.16,125.0,mixed,1.0,35,2111.21,FINNA Illustrative Benchmark Survey 2026 (Synthetic),2026,True
Maharashtra,Pune,Tier 1,7285.84,1095.43,9134.96,6071.91,4174.28,3215.6,125.0,mixed,1.15,35,5818.11,FINNA Illustrative Benchmark Survey 2026 (Synthetic),2026,True
Maharashtra,Pune,Tier 1,7106.58,1007.46,8674.91,6021.27,5367.84,3104.08,125.0,mixed,0.92,45,4942.2,FINNA Illustrative Benchmark Survey 2026 (Synthetic),2026,True
Maharashtra,Pune,Tier 1,7272.66,838.94,9301.47,5928.79,5487.98,3311.0,125.0,mixed,1.0,45,4849.9,FINNA Illustrative Benchmark Survey 2026 (Synthetic),2026,True
Maharashtra,Pune,Tier 1,8385.69,983.52,8821.04,5633.17,5355.43,3416.38,125.0,mixed,1.15,45,8504.61,FINNA Illustrative Benchmark Survey 2026 (Synthetic),2026,True
Maharashtra,Pune,Tier 1,8134.35,867.54,9364.63,5957.08,6207.11,3306.09,125.0,mixed,0.92,55,6751.44,FINNA Illustrative Benchmark Survey 2026 (Synthetic),2026,True
Maharashtra,Pune,Tier 1,8688.95,943.75,8936.32,5967.74,6322.89,3266.96,125.0,mixed,1.0,55,8534.01,FINNA Illustrative Benchmark Survey 2026 (Synthetic),2026,True
Maharashtra,Pune,Tier 1,10337.1,1086.81,9427.19,5644.93,6470.36,3302.9,125.0,mixed,1.15,55,12944.27,FINNA Illustrative Benchmark Survey 2026 (Synthetic),2026,True
Maharashtra,Pune,Tier 1,9726.35,1296.03,8901.41,5882.38,7585.91,3490.49,125.0,mixed,0.92,65,10565.69,FINNA Illustrative Benchmark Survey 2026 (Synthetic),2026,True
Maharashtra,Pune,Tier 1,9974.12,1007.13,9259.67,5808.43,7644.31,3350.79,125.0,mixed,1.0,65,11131.08,FINNA Illustrative Benchmark Survey 2026 (Synthetic),2026,True
Maharashtra,Pune,Tier 1,11954.98,1722.85,8849.27,5631.16,7532.09,3424.15,125.0,mixed,1.15,65,17113.46,FINNA Illustrative Benchmark Survey 2026 (Synthetic),2026,True
Delhi,Delhi,Tier 1,4316.39,633.42,10163.92,6728.96,3375.91,3734.57,140.0,delivery,0.92,25,1000.0,FINNA Illustrative Benchmark Survey 2026 (Synthetic),2026,True
Delhi,Delhi,Tier 1,4648.58,681.35,10156.83,6463.67,3218.78,3470.17,140.0,delivery,1.0,25,1000.0,FINNA Illustrative Benchmark Survey 2026 (Synthetic),2026,True
Delhi,Delhi,Tier 1,5336.47,832.5,10215.69,6922.82,3352.2,3493.43,140.0,delivery,1.15,25,1000.0,FINNA Illustrative Benchmark Survey 2026 (Synthetic),2026,True
Delhi,Delhi,Tier 1,5957.94,664.11,10054.11,6785.36,4654.57,3527.39,140.0,delivery,0.92,35,1000.0,FINNA Illustrative Benchmark Survey 2026 (Synthetic),2026,True
Delhi,Delhi,Tier 1,6156.72,751.62,10597.28,6760.58,4665.01,3551.03,140.0,delivery,1.0,35,1000.0,FINNA Illustrative Benchmark Survey 2026 (Synthetic),2026,True
Delhi,Delhi,Tier 1,7576.15,983.17,10197.47,6880.04,4529.21,3730.1,140.0,delivery,1.15,35,4854.14,FINNA Illustrative Benchmark Survey 2026 (Synthetic),2026,True
Delhi,Delhi,Tier 1,7306.36,765.24,10304.5,6812.75,5690.63,3522.76,140.0,delivery,0.92,45,3448.83,FINNA Illustrative Benchmark Survey 2026 (Synthetic),2026,True
Delhi,Delhi,Tier 1,7537.96,1052.71,10002.63,6667.73,5636.49,3681.98,140.0,delivery,1.0,45,4322.85,FINNA Illustrative Benchmark Survey 2026 (Synthetic),2026,True
Delhi,Delhi,Tier 1,8863.47,908.87,10577.44,6502.69,5895.96,3502.61,140.0,delivery,1.15,45,7735.08,FINNA Illustrative Benchmark Survey 2026 (Synthetic),2026,True
Delhi,Delhi,Tier 1,8784.38,1378.04,9766.54,6690.76,6718.05,3730.07,140.0,delivery,0.92,55,7235.11,FINNA Illustrative Benchmark Survey 2026 (Synthetic),2026,True
Delhi,Delhi,Tier 1,9327.1,1465.92,9835.64,6671.0,6945.18,3399.03,140.0,delivery,1.0,55,8798.07,FINNA Illustrative Benchmark Survey 2026 (Synthetic),2026,True
Delhi,Delhi,Tier 1,10208.3,1497.67,10063.66,6522.68,6828.86,3645.4,140.0,delivery,1.15,55,11141.87,FINNA Illustrative Benchmark Survey 2026 (Synthetic),2026,True
Delhi,Delhi,Tier 1,9840.43,1544.25,10069.45,6773.64,7940.99,3612.73,140.0,delivery,0.92,65,9237.96,FINNA Illustrative Benchmark Survey 2026 (Synthetic),2026,True
Delhi,Delhi,Tier 1,10459.05,1453.53,9944.6,6344.88,8043.14,3599.59,140.0,delivery,1.0,65,11281.06,FINNA Illustrative Benchmark Survey 2026 (Synthetic),2026,True
Delhi,Delhi,Tier 1,12017.19,1606.7,9957.01,6441.79,7860.37,3814.43,140.0,delivery,1.15,65,15574.54,FINNA Illustrative Benchmark Survey 2026 (Synthetic),2026,True
Delhi,Delhi,Tier 1,4878.23,756.07,10191.02,6350.94,4089.28,3579.28,140.0,ride_hailing,0.92,25,1000.0,FINNA Illustrative Benchmark Survey 2026 (Synthetic),2026,True
Delhi,Delhi,Tier 1,5567.04,705.38,9779.55,6720.07,4086.96,3522.06,140.0,ride_hailing,1.0,25,1000.0,FINNA Illustrative Benchmark Survey 2026 (Synthetic),2026,True
Delhi,Delhi,Tier 1,6128.49,636.73,10243.01,6858.28,4088.82,3691.5,140.0,ride_hailing,1.15,25,1075.59,FINNA Illustrative Benchmark Survey 2026 (Synthetic),2026,True
Delhi,Delhi,Tier 1,6763.95,935.2,10499.57,6605.78,5220.54,3470.82,140.0,ride_hailing,0.92,35,2269.28,FINNA Illustrative Benchmark Survey 2026 (Synthetic),2026,True
Delhi,Delhi,Tier 1,6903.71,1017.76,9716.81,6635.65,5327.15,3731.18,140.0,ride_hailing,1.0,35,2913.48,FINNA Illustrative Benchmark Survey 2026 (Synthetic),2026,True
Delhi,Delhi,Tier 1,8209.24,1122.34,9777.94,6474.13,5598.78,3694.55,140.0,ride_hailing,1.15,35,6500.4,FINNA Illustrative Benchmark Survey 2026 (Synthetic),2026,True
Delhi,Delhi,Tier 1,8053.64,1177.04,10529.81,6318.68,7005.09,3661.49,140.0,ride_hailing,0.92,45,4782.17,FINNA Illustrative Benchmark Survey 2026 (Synthetic),2026,True
Delhi,Delhi,Tier 1,8701.04,1225.16,10041.41,6849.45,6901.34,3660.39,140.0,ride_hailing,1.0,45,6644.89,FINNA Illustrative Benchmark Survey 2026 (Synthetic),2026,True
Delhi,Delhi,Tier 1,9790.79,1546.71,10131.27,6871.07,6509.92,3437.64,140.0,ride_hailing,1.15,45,10038.74,FINNA Illustrative Benchmark Survey 2026 (Synthetic),2026,True
Delhi,Delhi,Tier 1,9211.65,1012.17,10019.11,6738.16,7986.49,3790.47,140.0,ride_hailing,0.92,55,7378.94,FINNA Illustrative Benchmark Survey 2026 (Synthetic),2026,True
Delhi,Delhi,Tier 1,10623.92,1601.62,9945.62,6689.14,8118.99,3438.07,140.0,ride_hailing,1.0,55,11576.34,FINNA Illustrative Benchmark Survey 2026 (Synthetic),2026,True
Delhi,Delhi,Tier 1,11656.51,1538.76,10202.62,6381.3,8371.77,3450.61,140.0,ride_hailing,1.15,55,14343.15,FINNA Illustrative Benchmark Survey 2026 (Synthetic),2026,True
Delhi,Delhi,Tier 1,11003.61,1576.13,10307.24,6826.07,9445.81,3740.5,140.0,ride_hailing,0.92,65,11261.91,FINNA Illustrative Benchmark Survey 2026 (Synthetic),2026,True
Delhi,Delhi,Tier 1,11364.86,1167.49,10344.28,6650.67,9511.61,3715.33,140.0,ride_hailing,1.0,65,12342.17,FINNA Illustrative Benchmark Survey 2026 (Synthetic),2026,True
Delhi,Delhi,Tier 1,13491.41,1866.39,10198.0,6683.93,9239.85,3797.27,140.0,ride_hailing,1.15,65,18524.19,FINNA Illustrative Benchmark Survey 2026 (Synthetic),2026,True
Delhi,Delhi,Tier 1,4779.58,708.72,10388.69,6466.31,2611.99,3409.88,140.0,freelance_other,0.92,25,1000.0,FINNA Illustrative Benchmark Survey 2026 (Synthetic),2026,True
Delhi,Delhi,Tier 1,5177.16,668.14,9898.1,6670.4,2663.83,3694.33,140.0,freelance_other,1.0,25,1000.0,FINNA Illustrative Benchmark Survey 2026 (Synthetic),2026,True
Delhi,Delhi,Tier 1,6094.73,924.25,10684.88,6356.31,2676.37,3626.63,140.0,freelance_other,1.15,25,1979.89,FINNA Illustrative Benchmark Survey 2026 (Synthetic),2026,True
Delhi,Delhi,Tier 1,6215.52,795.51,9962.82,6433.63,3542.77,3509.37,140.0,freelance_other,0.92,35,2252.0,FINNA Illustrative Benchmark Survey 2026 (Synthetic),2026,True
Delhi,Delhi,Tier 1,6791.66,929.93,9943.24,6841.1,3561.19,3525.45,140.0,freelance_other,1.0,35,3598.99,FINNA Illustrative Benchmark Survey 2026 (Synthetic),2026,True
Delhi,Delhi,Tier 1,7932.47,942.08,10468.38,6598.86,3665.17,3599.46,140.0,freelance_other,1.15,35,6510.22,FINNA Illustrative Benchmark Survey 2026 (Synthetic),2026,True
Delhi,Delhi,Tier 1,7631.37,773.75,10654.14,6603.59,4761.37,3476.94,140.0,freelance_other,0.92,45,4906.06,FINNA Illustrative Benchmark Survey 2026 (Synthetic),2026,True
Delhi,Delhi,Tier 1,8324.86,857.73,10194.79,6852.34,4646.64,3587.29,140.0,freelance_other,1.0,45,6997.63,FINNA Illustrative Benchmark Survey 2026 (Synthetic),2026,True
Delhi,Delhi,Tier 1,9716.04,1465.47,10129.55,6852.42,4673.54,3713.99,140.0,freelance_other,1.15,45,10855.62,FINNA Illustrative Benchmark Survey 2026 (Synthetic),2026,True
Delhi,Delhi,Tier 1,9038.29,1121.06,10271.69,6398.47,5521.96,3415.77,140.0,freelance_other,0.92,55,8793.14,FINNA Illustrative Benchmark Survey 2026 (Synthetic),2026,True
Delhi,Delhi,Tier 1,9934.12,1449.03,9975.32,6922.8,5577.9,3435.33,140.0,freelance_other,1.0,55,11117.2,FINNA Illustrative Benchmark Survey 2026 (Synthetic),2026,True
Delhi,Delhi,Tier 1,11854.4,1465.61,10500.8,6493.8,5691.63,3710.14,140.0,freelance_other,1.15,55,16206.57,FINNA Illustrative Benchmark Survey 2026 (Synthetic),2026,True
Delhi,Delhi,Tier 1,10225.33,1334.89,10200.08,6299.9,6205.06,3527.87,140.0,freelance_other,0.92,65,11727.8,FINNA Illustrative Benchmark Survey 2026 (Synthetic),2026,True
Delhi,Delhi,Tier 1,11364.75,1448.09,10308.39,6610.23,6302.67,3648.85,140.0,freelance_other,1.0,65,14520.5,FINNA Illustrative Benchmark Survey 2026 (Synthetic),2026,True
Delhi,Delhi,Tier 1,12743.36,2031.76,10444.11,6467.49,6306.97,3741.82,140.0,freelance_other,1.15,65,18341.93,FINNA Illustrative Benchmark Survey 2026 (Synthetic),2026,True
Delhi,Delhi,Tier 1,4709.63,671.24,9995.79,6808.39,3462.93,3675.08,140.0,mixed,0.92,25,1000.0,FINNA Illustrative Benchmark Survey 2026 (Synthetic),2026,True
Delhi,Delhi,Tier 1,5301.98,715.88,10502.69,6748.71,3552.43,3395.51,140.0,mixed,1.0,25,1000.0,FINNA Illustrative Benchmark Survey 2026 (Synthetic),2026,True
Delhi,Delhi,Tier 1,5859.91,926.01,10488.56,6782.27,3521.52,3695.64,140.0,mixed,1.15,25,1000.0,FINNA Illustrative Benchmark Survey 2026 (Synthetic),2026,True
Delhi,Delhi,Tier 1,6231.35,686.89,10331.61,6679.03,4866.88,3447.84,140.0,mixed,0.92,35,1076.65,FINNA Illustrative Benchmark Survey 2026 (Synthetic),2026,True
Delhi,Delhi,Tier 1,6825.53,695.48,10657.17,6342.53,4555.25,3519.52,140.0,mixed,1.0,35,2912.05,FINNA Illustrative Benchmark Survey 2026 (Synthetic),2026,True
Delhi,Delhi,Tier 1,7521.72,1063.8,10108.58,6781.48,4896.96,3761.06,140.0,mixed,1.15,35,4563.63,FINNA Illustrative Benchmark Survey 2026 (Synthetic),2026,True
Delhi,Delhi,Tier 1,7750.07,803.97,9830.84,6406.85,5856.86,3670.08,140.0,mixed,0.92,45,5065.56,FINNA Illustrative Benchmark Survey 2026 (Synthetic),2026,True
Delhi,Delhi,Tier 1,8284.85,984.45,9866.65,6872.0,5865.07,3537.05,140.0,mixed,1.0,45,6326.21,FINNA Illustrative Benchmark Survey 2026 (Synthetic),2026,True
Delhi,Delhi,Tier 1,9715.09,1391.74,10346.18,6727.59,5992.31,3467.06,140.0,mixed,1.15,45,10096.58,FINNA Illustrative Benchmark Survey 2026 (Synthetic),2026,True
Delhi,Delhi,Tier 1,8785.25,1172.7,9919.36,6912.12,7000.55,3508.85,140.0,mixed,0.92,55,6954.51,FINNA Illustrative Benchmark Survey 2026 (Synthetic),2026,True
Delhi,Delhi,Tier 1,9518.59,1354.49,10013.38,6500.21,7362.65,3727.62,140.0,mixed,1.0,55,8847.56,FINNA Illustrative Benchmark Survey 2026 (Synthetic),2026,True
Delhi,Delhi,Tier 1,11005.72,1181.05,10380.15,6520.6,7389.1,3737.54,140.0,mixed,1.15,55,12757.8,FINNA Illustrative Benchmark Survey 2026 (Synthetic),2026,True
Delhi,Delhi,Tier 1,10657.55,1580.27,9986.26,6459.84,8411.9,3533.63,140.0,mixed,0.92,65,11541.11,FINNA Illustrative Benchmark Survey 2026 (Synthetic),2026,True
Delhi,Delhi,Tier 1,11126.24,1283.82,10178.66,6403.36,8295.75,3787.07,140.0,mixed,1.0,65,12682.66,FINNA Illustrative Benchmark Survey 2026 (Synthetic),2026,True
Delhi,Delhi,Tier 1,13056.17,1413.15,10317.99,6657.31,8099.83,3673.37,140.0,mixed,1.15,65,18060.07,FINNA Illustrative Benchmark Survey 2026 (Synthetic),2026,True
Telangana,Hyderabad,Tier 1,4043.9,559.18,8406.19,5650.58,3021.15,3237.02,124.0,delivery,0.92,25,1000.0,FINNA Illustrative Benchmark Survey 2026 (Synthetic),2026,True
Telangana,Hyderabad,Tier 1,4479.63,449.36,8844.31,5944.59,2947.4,3577.49,124.0,delivery,1.0,25,1000.0,FINNA Illustrative Benchmark Survey 2026 (Synthetic),2026,True
Telangana,Hyderabad,Tier 1,5194.99,668.32,8535.52,5964.43,2927.03,3459.53,124.0,delivery,1.15,25,1045.07,FINNA Illustrative Benchmark Survey 2026 (Synthetic),2026,True
Telangana,Hyderabad,Tier 1,5489.02,578.37,8865.24,5720.04,4091.51,3578.16,124.0,delivery,0.92,35,1000.0,FINNA Illustrative Benchmark Survey 2026 (Synthetic),2026,True
Telangana,Hyderabad,Tier 1,5968.77,659.57,9136.38,5515.2,4154.71,3602.85,124.0,delivery,1.0,35,2233.16,FINNA Illustrative Benchmark Survey 2026 (Synthetic),2026,True
Telangana,Hyderabad,Tier 1,6589.68,854.83,9184.22,5963.41,4156.77,3553.71,124.0,delivery,1.15,35,3688.88,FINNA Illustrative Benchmark Survey 2026 (Synthetic),2026,True
Telangana,Hyderabad,Tier 1,6275.56,841.41,8454.42,5975.31,4953.14,3599.55,124.0,delivery,0.92,45,2723.99,FINNA Illustrative Benchmark Survey 2026 (Synthetic),2026,True
Telangana,Hyderabad,Tier 1,7124.59,923.59,9185.93,5900.1,5027.11,3274.67,124.0,delivery,1.0,45,4850.08,FINNA Illustrative Benchmark Survey 2026 (Synthetic),2026,True
Telangana,Hyderabad,Tier 1,7911.98,868.34,8763.84,5561.64,4913.48,3496.54,124.0,delivery,1.15,45,7490.19,FINNA Illustrative Benchmark Survey 2026 (Synthetic),2026,True
Telangana,Hyderabad,Tier 1,7879.45,1056.37,9026.41,5515.03,6209.64,3561.99,124.0,delivery,0.92,55,6373.22,FINNA Illustrative Benchmark Survey 2026 (Synthetic),2026,True
Telangana,Hyderabad,Tier 1,8588.87,1124.43,8436.33,5796.48,5885.37,3253.37,124.0,delivery,1.0,55,8981.87,FINNA Illustrative Benchmark Survey 2026 (Synthetic),2026,True
Telangana,Hyderabad,Tier 1,9489.58,1090.19,8589.49,5549.25,6160.19,3585.25,124.0,delivery,1.15,55,11183.71,FINNA Illustrative Benchmark Survey 2026 (Synthetic),2026,True
Telangana,Hyderabad,Tier 1,8690.9,1246.04,8370.06,5787.6,7125.37,3221.35,124.0,delivery,0.92,65,8532.69,FINNA Illustrative Benchmark Survey 2026 (Synthetic),2026,True
Telangana,Hyderabad,Tier 1,9305.55,1101.86,8716.77,5701.44,7238.97,3483.05,124.0,delivery,1.0,65,9849.32,FINNA Illustrative Benchmark Survey 2026 (Synthetic),2026,True
Telangana,Hyderabad,Tier 1,10871.6,1163.75,9166.19,5583.17,7081.51,3285.4,124.0,delivery,1.15,65,14272.54,FINNA Illustrative Benchmark Survey 2026 (Synthetic),2026,True
Telangana,Hyderabad,Tier 1,4385.5,478.86,9018.01,5760.27,3511.34,3420.09,124.0,ride_hailing,0.92,25,1000.0,FINNA Illustrative Benchmark Survey 2026 (Synthetic),2026,True
Telangana,Hyderabad,Tier 1,4899.35,647.94,8944.4,5539.49,3463.72,3503.93,124.0,ride_hailing,1.0,25,1000.0,FINNA Illustrative Benchmark Survey 2026 (Synthetic),2026,True
Telangana,Hyderabad,Tier 1,5816.01,610.17,8753.14,5816.15,3415.82,3426.18,124.0,ride_hailing,1.15,25,2451.82,FINNA Illustrative Benchmark Survey 2026 (Synthetic),2026,True
Telangana,Hyderabad,Tier 1,5744.69,763.23,8804.83,5741.44,4651.38,3329.87,124.0,ride_hailing,0.92,35,1525.54,FINNA Illustrative Benchmark Survey 2026 (Synthetic),2026,True
Telangana,Hyderabad,Tier 1,6481.63,693.37,8540.75,5747.39,4628.83,3404.23,124.0,ride_hailing,1.0,35,3733.77,FINNA Illustrative Benchmark Survey 2026 (Synthetic),2026,True
Telangana,Hyderabad,Tier 1,7625.54,970.01,8811.66,5675.38,4616.12,3384.65,124.0,ride_hailing,1.15,35,6845.01,FINNA Illustrative Benchmark Survey 2026 (Synthetic),2026,True
Telangana,Hyderabad,Tier 1,7495.47,1074.83,8708.43,5880.38,6117.99,3431.95,124.0,ride_hailing,0.92,45,5405.81,FINNA Illustrative Benchmark Survey 2026 (Synthetic),2026,True
Telangana,Hyderabad,Tier 1,7662.73,924.67,8416.11,5981.65,6208.6,3224.16,124.0,ride_hailing,1.0,45,6076.92,FINNA Illustrative Benchmark Survey 2026 (Synthetic),2026,True
Telangana,Hyderabad,Tier 1,9462.14,964.23,8719.8,5853.31,6127.6,3595.16,124.0,ride_hailing,1.15,45,10838.88,FINNA Illustrative Benchmark Survey 2026 (Synthetic),2026,True
Telangana,Hyderabad,Tier 1,8725.02,1092.56,9233.71,5633.01,7400.18,3565.96,124.0,ride_hailing,0.92,55,7765.21,FINNA Illustrative Benchmark Survey 2026 (Synthetic),2026,True
Telangana,Hyderabad,Tier 1,9281.06,1308.29,8942.38,5722.4,7275.93,3337.89,124.0,ride_hailing,1.0,55,9690.45,FINNA Illustrative Benchmark Survey 2026 (Synthetic),2026,True
Telangana,Hyderabad,Tier 1,10503.17,1388.89,8825.38,5829.88,7028.19,3197.42,124.0,ride_hailing,1.15,55,13388.61,FINNA Illustrative Benchmark Survey 2026 (Synthetic),2026,True
Telangana,Hyderabad,Tier 1,9512.88,1121.59,8952.68,5725.33,8375.1,3531.93,124.0,ride_hailing,0.92,65,9493.72,FINNA Illustrative Benchmark Survey 2026 (Synthetic),2026,True
Telangana,Hyderabad,Tier 1,10533.41,1272.12,8602.57,5949.32,8504.14,3242.04,124.0,ride_hailing,1.0,65,12552.54,FINNA Illustrative Benchmark Survey 2026 (Synthetic),2026,True
Telangana,Hyderabad,Tier 1,12669.23,1585.61,9034.13,5918.74,8030.07,3280.08,124.0,ride_hailing,1.15,65,18586.58,FINNA Illustrative Benchmark Survey 2026 (Synthetic),2026,True
Telangana,Hyderabad,Tier 1,4217.49,430.25,8886.05,5815.87,2317.1,3498.14,124.0,freelance_other,0.92,25,1000.0,FINNA Illustrative Benchmark Survey 2026 (Synthetic),2026,True
Telangana,Hyderabad,Tier 1,4698.4,535.9,8551.2,5907.33,2318.59,3401.59,124.0,freelance_other,1.0,25,1000.0,FINNA Illustrative Benchmark Survey 2026 (Synthetic),2026,True
Telangana,Hyderabad,Tier 1,5353.93,797.45,9003.74,5596.78,2422.72,3470.39,124.0,freelance_other,1.15,25,1747.78,FINNA Illustrative Benchmark Survey 2026 (Synthetic),2026,True
Telangana,Hyderabad,Tier 1,5658.43,668.29,8486.07,5791.32,3181.47,3318.6,124.0,freelance_other,0.92,35,2420.3,FINNA Illustrative Benchmark Survey 2026 (Synthetic),2026,True
Telangana,Hyderabad,Tier 1,6020.82,944.73,9134.15,5934.6,3286.89,3370.3,124.0,freelance_other,1.0,35,2823.74,FINNA Illustrative Benchmark Survey 2026 (Synthetic),2026,True
Telangana,Hyderabad,Tier 1,7173.47,1135.83,9188.6,5797.67,3328.5,3326.04,124.0,freelance_other,1.15,35,6123.2,FINNA Illustrative Benchmark Survey 2026 (Synthetic),2026,True
Telangana,Hyderabad,Tier 1,7007.34,763.47,8691.28,5845.02,4071.36,3542.53,124.0,freelance_other,0.92,45,5324.53,FINNA Illustrative Benchmark Survey 2026 (Synthetic),2026,True
Telangana,Hyderabad,Tier 1,7545.76,1074.93,9069.08,5936.4,4100.36,3590.86,124.0,freelance_other,1.0,45,6484.69,FINNA Illustrative Benchmark Survey 2026 (Synthetic),2026,True
Telangana,Hyderabad,Tier 1,8858.61,957.13,8573.72,5530.9,4127.88,3572.27,124.0,freelance_other,1.15,45,10759.46,FINNA Illustrative Benchmark Survey 2026 (Synthetic),2026,True
Telangana,Hyderabad,Tier 1,8547.31,902.15,8997.63,5523.57,4797.06,3470.86,124.0,freelance_other,0.92,55,9243.48,FINNA Illustrative Benchmark Survey 2026 (Synthetic),2026,True
Telangana,Hyderabad,Tier 1,9113.95,1389.12,8525.58,5849.17,4975.3,3424.01,124.0,freelance_other,1.0,55,10848.07,FINNA Illustrative Benchmark Survey 2026 (Synthetic),2026,True
Telangana,Hyderabad,Tier 1,10378.31,1579.25,8653.01,5960.5,4698.09,3578.36,124.0,freelance_other,1.15,55,14331.28,FINNA Illustrative Benchmark Survey 2026 (Synthetic),2026,True
Telangana,Hyderabad,Tier 1,9889.84,1058.6,9239.62,5687.98,5563.58,3442.6,124.0,freelance_other,0.92,65,12278.0,FINNA Illustrative Benchmark Survey 2026 (Synthetic),2026,True
Telangana,Hyderabad,Tier 1,10121.56,1567.91,8845.83,5857.04,5626.32,3413.73,124.0,freelance_other,1.0,65,13054.23,FINNA Illustrative Benchmark Survey 2026 (Synthetic),2026,True
Telangana,Hyderabad,Tier 1,11787.37,1363.72,8811.28,5698.45,5498.15,3596.38,124.0,freelance_other,1.15,65,17832.78,FINNA Illustrative Benchmark Survey 2026 (Synthetic),2026,True
Telangana,Hyderabad,Tier 1,4265.47,641.46,9164.61,5626.3,3089.5,3425.51,124.0,mixed,0.92,25,1000.0,FINNA Illustrative Benchmark Survey 2026 (Synthetic),2026,True
Telangana,Hyderabad,Tier 1,4544.09,494.19,8589.48,5947.81,3130.62,3366.37,124.0,mixed,1.0,25,1000.0,FINNA Illustrative Benchmark Survey 2026 (Synthetic),2026,True
Telangana,Hyderabad,Tier 1,5196.26,622.47,8694.26,5890.02,3110.74,3463.08,124.0,mixed,1.15,25,1000.0,FINNA Illustrative Benchmark Survey 2026 (Synthetic),2026,True
Telangana,Hyderabad,Tier 1,5717.8,660.06,9083.0,5965.91,4258.92,3396.16,124.0,mixed,0.92,35,1335.15,FINNA Illustrative Benchmark Survey 2026 (Synthetic),2026,True
Telangana,Hyderabad,Tier 1,5961.88,880.56,8508.95,5825.58,4207.24,3570.09,124.0,mixed,1.0,35,2407.0,FINNA Illustrative Benchmark Survey 2026 (Synthetic),2026,True
Telangana,Hyderabad,Tier 1,7066.84,978.82,8411.68,5434.28,4327.98,3581.64,124.0,mixed,1.15,35,5748.49,FINNA Illustrative Benchmark Survey 2026 (Synthetic),2026,True
Telangana,Hyderabad,Tier 1,7017.1,1023.52,8722.91,5895.25,5166.56,3484.53,124.0,mixed,0.92,45,4624.62,FINNA Illustrative Benchmark Survey 2026 (Synthetic),2026,True
Telangana,Hyderabad,Tier 1,7230.46,942.45,8688.42,5767.17,5350.44,3447.54,124.0,mixed,1.0,45,5235.31,FINNA Illustrative Benchmark Survey 2026 (Synthetic),2026,True
Telangana,Hyderabad,Tier 1,8643.27,1117.33,8365.82,5729.44,5073.81,3412.0,124.0,mixed,1.15,45,9648.79,FINNA Illustrative Benchmark Survey 2026 (Synthetic),2026,True
Telangana,Hyderabad,Tier 1,8015.26,1271.61,8375.09,5878.5,6413.19,3524.92,124.0,mixed,0.92,55,6834.34,FINNA Illustrative Benchmark Survey 2026 (Synthetic),2026,True
Telangana,Hyderabad,Tier 1,9162.96,975.13,8444.76,5499.87,6169.24,3410.79,124.0,mixed,1.0,55,10498.12,FINNA Illustrative Benchmark Survey 2026 (Synthetic),2026,True
Telangana,Hyderabad,Tier 1,10460.23,1213.8,8709.27,5627.64,6277.57,3426.52,124.0,mixed,1.15,55,13813.67,FINNA Illustrative Benchmark Survey 2026 (Synthetic),2026,True
Telangana,Hyderabad,Tier 1,9727.78,1104.6,8961.96,5898.28,7441.72,3546.15,124.0,mixed,0.92,65,10577.57,FINNA Illustrative Benchmark Survey 2026 (Synthetic),2026,True
Telangana,Hyderabad,Tier 1,10385.93,1096.86,8693.75,5730.04,7090.26,3199.86,124.0,mixed,1.0,65,13167.16,FINNA Illustrative Benchmark Survey 2026 (Synthetic),2026,True
Telangana,Hyderabad,Tier 1,11393.23,1481.02,8741.84,5862.09,7390.04,3546.05,124.0,mixed,1.15,65,15465.23,FINNA Illustrative Benchmark Survey 2026 (Synthetic),2026,True
West Bengal,Kolkata,Tier 1,3408.51,448.87,6488.94,5049.94,2802.22,3034.87,110.0,delivery,0.92,25,1000.0,FINNA Illustrative Benchmark Survey 2026 (Synthetic),2026,True
West Bengal,Kolkata,Tier 1,3821.34,392.81,6510.56,5421.3,2809.01,2922.1,110.0,delivery,1.0,25,1000.0,FINNA Illustrative Benchmark Survey 2026 (Synthetic),2026,True
West Bengal,Kolkata,Tier 1,4238.64,660.07,6673.85,5439.96,2741.01,2987.78,110.0,delivery,1.15,25,1000.0,FINNA Illustrative Benchmark Survey 2026 (Synthetic),2026,True
West Bengal,Kolkata,Tier 1,4720.73,584.89,6512.32,5024.47,3608.28,3016.46,110.0,delivery,0.92,35,1481.5,FINNA Illustrative Benchmark Survey 2026 (Synthetic),2026,True
West Bengal,Kolkata,Tier 1,5000.63,769.05,6685.58,5332.92,3578.65,3069.99,110.0,delivery,1.0,35,1940.63,FINNA Illustrative Benchmark Survey 2026 (Synthetic),2026,True
West Bengal,Kolkata,Tier 1,5906.23,768.09,7122.54,4967.92,3666.24,3017.86,110.0,delivery,1.15,35,4419.62,FINNA Illustrative Benchmark Survey 2026 (Synthetic),2026,True
West Bengal,Kolkata,Tier 1,5631.26,822.95,7109.3,5146.29,4721.11,2736.31,110.0,delivery,0.92,45,3035.72,FINNA Illustrative Benchmark Survey 2026 (Synthetic),2026,True
West Bengal,Kolkata,Tier 1,6087.57,971.3,6793.61,5125.02,4783.05,2876.28,110.0,delivery,1.0,45,4407.79,FINNA Illustrative Benchmark Survey 2026 (Synthetic),2026,True
West Bengal,Kolkata,Tier 1,7232.5,1009.95,6518.27,5261.68,4730.16,2974.16,110.0,delivery,1.15,45,7691.1,FINNA Illustrative Benchmark Survey 2026 (Synthetic),2026,True
West Bengal,Kolkata,Tier 1,6499.39,710.08,6943.94,5269.63,5640.59,2836.2,110.0,delivery,0.92,55,4843.8,FINNA Illustrative Benchmark Survey 2026 (Synthetic),2026,True
West Bengal,Kolkata,Tier 1,7078.89,710.1,6669.62,5127.16,5432.55,2772.11,110.0,delivery,1.0,55,6922.6,FINNA Illustrative Benchmark Survey 2026 (Synthetic),2026,True
West Bengal,Kolkata,Tier 1,8195.08,1040.21,6837.22,5152.18,5324.73,2849.16,110.0,delivery,1.15,55,9958.91,FINNA Illustrative Benchmark Survey 2026 (Synthetic),2026,True
West Bengal,Kolkata,Tier 1,7460.37,1013.73,6680.61,5140.32,6325.28,2860.95,110.0,delivery,0.92,65,7342.56,FINNA Illustrative Benchmark Survey 2026 (Synthetic),2026,True
West Bengal,Kolkata,Tier 1,8103.49,1248.49,7075.54,5448.65,6469.43,2785.01,110.0,delivery,1.0,65,8651.16,FINNA Illustrative Benchmark Survey 2026 (Synthetic),2026,True
West Bengal,Kolkata,Tier 1,9547.3,1034.26,6664.77,5196.42,6207.66,2877.27,110.0,delivery,1.15,65,13255.9,FINNA Illustrative Benchmark Survey 2026 (Synthetic),2026,True
West Bengal,Kolkata,Tier 1,3920.34,505.94,6512.31,5070.88,3174.85,2943.51,110.0,ride_hailing,0.92,25,1000.0,FINNA Illustrative Benchmark Survey 2026 (Synthetic),2026,True
West Bengal,Kolkata,Tier 1,4320.49,482.74,6532.74,5098.42,3356.89,2841.61,110.0,ride_hailing,1.0,25,1000.0,FINNA Illustrative Benchmark Survey 2026 (Synthetic),2026,True
West Bengal,Kolkata,Tier 1,4978.98,738.11,6684.09,5114.06,3322.33,3025.11,110.0,ride_hailing,1.15,25,2218.71,FINNA Illustrative Benchmark Survey 2026 (Synthetic),2026,True
West Bengal,Kolkata,Tier 1,5395.98,583.67,6678.05,5432.59,4281.67,2835.34,110.0,ride_hailing,0.92,35,2689.01,FINNA Illustrative Benchmark Survey 2026 (Synthetic),2026,True
West Bengal,Kolkata,Tier 1,5860.84,926.74,6658.18,5301.38,4383.49,2926.41,110.0,ride_hailing,1.0,35,3970.19,FINNA Illustrative Benchmark Survey 2026 (Synthetic),2026,True
West Bengal,Kolkata,Tier 1,6364.53,780.06,7015.22,5144.33,4251.15,2922.22,110.0,ride_hailing,1.15,35,5346.57,FINNA Illustrative Benchmark Survey 2026 (Synthetic),2026,True
West Bengal,Kolkata,Tier 1,6435.62,854.25,6923.56,5226.05,5699.32,2886.64,110.0,ride_hailing,0.92,45,4634.93,FINNA Illustrative Benchmark Survey 2026 (Synthetic),2026,True
West Bengal,Kolkata,Tier 1,7059.75,891.7,6658.11,5300.27,5640.34,3002.89,110.0,ride_hailing,1.0,45,6478.62,FINNA Illustrative Benchmark Survey 2026 (Synthetic),2026,True
West Bengal,Kolkata,Tier 1,7927.56,1030.25,6890.67,5065.85,5569.81,2974.9,110.0,ride_hailing,1.15,45,8986.32,FINNA Illustrative Benchmark Survey 2026 (Synthetic),2026,True
West Bengal,Kolkata,Tier 1,7705.31,804.73,7133.68,5189.2,6536.39,2902.3,110.0,ride_hailing,0.92,55,7541.57,FINNA Illustrative Benchmark Survey 2026 (Synthetic),2026,True
West Bengal,Kolkata,Tier 1,8461.33,1197.3,6829.68,5351.17,6514.63,3037.63,110.0,ride_hailing,1.0,55,9687.89,FINNA Illustrative Benchmark Survey 2026 (Synthetic),2026,True
West Bengal,Kolkata,Tier 1,9441.72,1305.7,6517.79,5339.86,6671.74,2849.54,110.0,ride_hailing,1.15,55,12677.42,FINNA Illustrative Benchmark Survey 2026 (Synthetic),2026,True
West Bengal,Kolkata,Tier 1,8738.36,897.06,7128.85,5292.29,7596.12,2987.93,110.0,ride_hailing,0.92,65,9640.74,FINNA Illustrative Benchmark Survey 2026 (Synthetic),2026,True
West Bengal,Kolkata,Tier 1,9737.58,1225.25,6467.17,5074.54,7664.15,2906.54,110.0,ride_hailing,1.0,65,13033.36,FINNA Illustrative Benchmark Survey 2026 (Synthetic),2026,True
West Bengal,Kolkata,Tier 1,10865.53,1461.57,6763.13,5143.39,7824.45,2930.83,110.0,ride_hailing,1.15,65,15850.86,FINNA Illustrative Benchmark Survey 2026 (Synthetic),2026,True
West Bengal,Kolkata,Tier 1,3804.49,459.19,6476.7,4994.37,2188.76,3060.68,110.0,freelance_other,0.92,25,1000.0,FINNA Illustrative Benchmark Survey 2026 (Synthetic),2026,True
West Bengal,Kolkata,Tier 1,4008.15,627.04,6556.34,5102.18,2195.69,2797.99,110.0,freelance_other,1.0,25,1000.0,FINNA Illustrative Benchmark Survey 2026 (Synthetic),2026,True
West Bengal,Kolkata,Tier 1,4748.93,610.57,6757.95,5302.32,2171.64,2830.49,110.0,freelance_other,1.15,25,2275.3,FINNA Illustrative Benchmark Survey 2026 (Synthetic),2026,True
West Bengal,Kolkata,Tier 1,5137.48,549.22,7037.44,5276.94,3025.19,2783.2,110.0,freelance_other,0.92,35,2679.64,FINNA Illustrative Benchmark Survey 2026 (Synthetic),2026,True
West Bengal,Kolkata,Tier 1,5659.94,648.83,6578.63,5023.27,2997.2,3059.54,110.0,freelance_other,1.0,35,4451.79,FINNA Illustrative Benchmark Survey 2026 (Synthetic),2026,True
West Bengal,Kolkata,Tier 1,6131.93,762.22,6585.43,5273.05,2966.72,2736.16,110.0,freelance_other,1.15,35,5843.43,FINNA Illustrative Benchmark Survey 2026 (Synthetic),2026,True
West Bengal,Kolkata,Tier 1,6216.55,695.26,6862.7,5142.19,3801.26,2797.61,110.0,freelance_other,0.92,45,5404.04,FINNA Illustrative Benchmark Survey 2026 (Synthetic),2026,True
West Bengal,Kolkata,Tier 1,6831.17,1014.59,6502.54,4992.91,3851.3,2791.06,110.0,freelance_other,1.0,45,7436.75,FINNA Illustrative Benchmark Survey 2026 (Synthetic),2026,True
West Bengal,Kolkata,Tier 1,7593.2,967.78,6638.4,5388.57,3748.29,2948.41,110.0,freelance_other,1.15,45,9200.68,FINNA Illustrative Benchmark Survey 2026 (Synthetic),2026,True
West Bengal,Kolkata,Tier 1,7318.51,1000.28,6859.16,5120.92,4604.14,2940.84,110.0,freelance_other,0.92,55,7906.66,FINNA Illustrative Benchmark Survey 2026 (Synthetic),2026,True
West Bengal,Kolkata,Tier 1,8091.79,1151.94,6662.26,5259.53,4331.46,2772.61,110.0,freelance_other,1.0,55,10407.53,FINNA Illustrative Benchmark Survey 2026 (Synthetic),2026,True
West Bengal,Kolkata,Tier 1,8800.2,1041.26,6584.47,5300.59,4484.18,2871.55,110.0,freelance_other,1.15,55,12261.65,FINNA Illustrative Benchmark Survey 2026 (Synthetic),2026,True
West Bengal,Kolkata,Tier 1,8087.05,994.89,6586.31,5270.46,5287.76,2950.55,110.0,freelance_other,0.92,65,9699.2,FINNA Illustrative Benchmark Survey 2026 (Synthetic),2026,True
West Bengal,Kolkata,Tier 1,9414.56,1254.91,6792.96,5012.95,5129.94,2882.95,110.0,freelance_other,1.0,65,13615.06,FINNA Illustrative Benchmark Survey 2026 (Synthetic),2026,True
West Bengal,Kolkata,Tier 1,10038.65,1220.12,6466.52,5011.0,5338.49,3061.41,110.0,freelance_other,1.15,65,15333.46,FINNA Illustrative Benchmark Survey 2026 (Synthetic),2026,True
West Bengal,Kolkata,Tier 1,3735.52,484.49,6925.59,5156.13,2929.22,2896.07,110.0,mixed,0.92,25,1000.0,FINNA Illustrative Benchmark Survey 2026 (Synthetic),2026,True
West Bengal,Kolkata,Tier 1,3923.08,399.57,6977.52,5091.89,2800.31,2913.09,110.0,mixed,1.0,25,1000.0,FINNA Illustrative Benchmark Survey 2026 (Synthetic),2026,True
West Bengal,Kolkata,Tier 1,4543.48,579.02,6964.91,5338.28,2863.02,2765.4,110.0,mixed,1.15,25,1132.08,FINNA Illustrative Benchmark Survey 2026 (Synthetic),2026,True
West Bengal,Kolkata,Tier 1,4768.39,698.6,7019.83,5130.77,3959.88,2740.48,110.0,mixed,0.92,35,1167.51,FINNA Illustrative Benchmark Survey 2026 (Synthetic),2026,True
West Bengal,Kolkata,Tier 1,5441.78,722.57,7133.05,4993.26,3962.18,2987.47,110.0,mixed,1.0,35,2916.52,FINNA Illustrative Benchmark Survey 2026 (Synthetic),2026,True
West Bengal,Kolkata,Tier 1,6050.78,967.88,6765.82,5121.26,3958.06,2878.8,110.0,mixed,1.15,35,4859.36,FINNA Illustrative Benchmark Survey 2026 (Synthetic),2026,True
West Bengal,Kolkata,Tier 1,6285.17,921.02,6621.12,5361.57,4874.04,2848.02,110.0,mixed,0.92,45,4881.52,FINNA Illustrative Benchmark Survey 2026 (Synthetic),2026,True
West Bengal,Kolkata,Tier 1,6682.81,922.0,6572.87,5012.4,4726.4,2798.02,110.0,mixed,1.0,45,6387.47,FINNA Illustrative Benchmark Survey 2026 (Synthetic),2026,True
West Bengal,Kolkata,Tier 1,7291.38,882.61,6651.14,5220.16,4771.72,2971.01,110.0,mixed,1.15,45,7772.47,FINNA Illustrative Benchmark Survey 2026 (Synthetic),2026,True
West Bengal,Kolkata,Tier 1,7007.56,813.16,7043.45,5452.45,5881.2,2759.14,110.0,mixed,0.92,55,5984.22,FINNA Illustrative Benchmark Survey 2026 (Synthetic),2026,True
West Bengal,Kolkata,Tier 1,8034.31,1182.18,7084.76,5456.09,5968.28,2770.16,110.0,mixed,1.0,55,8781.03,FINNA Illustrative Benchmark Survey 2026 (Synthetic),2026,True
West Bengal,Kolkata,Tier 1,9170.54,1054.43,6943.75,5370.81,5919.31,2961.33,110.0,mixed,1.15,55,12033.6,FINNA Illustrative Benchmark Survey 2026 (Synthetic),2026,True
West Bengal,Kolkata,Tier 1,8167.21,1099.68,6642.73,5155.4,6712.82,2946.5,110.0,mixed,0.92,65,9039.27,FINNA Illustrative Benchmark Survey 2026 (Synthetic),2026,True
West Bengal,Kolkata,Tier 1,9155.08,966.65,6810.62,5084.68,6973.93,2854.44,110.0,mixed,1.0,65,11646.59,FINNA Illustrative Benchmark Survey 2026 (Synthetic),2026,True
West Bengal,Kolkata,Tier 1,10585.67,1266.44,6461.68,5342.55,6864.16,2980.36,110.0,mixed,1.15,65,15721.68,FINNA Illustrative Benchmark Survey 2026 (Synthetic),2026,True
Gujarat,Ahmedabad,Tier 1,3680.71,514.74,7295.08,5164.2,2853.62,2995.03,115.0,delivery,0.92,25,1000.0,FINNA Illustrative Benchmark Survey 2026 (Synthetic),2026,True
Gujarat,Ahmedabad,Tier 1,3991.52,449.89,7228.72,5577.31,2808.85,3128.99,115.0,delivery,1.0,25,1000.0,FINNA Illustrative Benchmark Survey 2026 (Synthetic),2026,True
Gujarat,Ahmedabad,Tier 1,4640.66,599.2,7284.37,5498.58,2742.97,2951.04,115.0,delivery,1.15,25,1051.11,FINNA Illustrative Benchmark Survey 2026 (Synthetic),2026,True
Gujarat,Ahmedabad,Tier 1,4976.86,634.92,7121.94,5593.13,3834.18,2914.25,115.0,delivery,0.92,35,1356.1,FINNA Illustrative Benchmark Survey 2026 (Synthetic),2026,True
Gujarat,Ahmedabad,Tier 1,5483.32,614.89,7539.56,5201.23,3898.5,2973.14,115.0,delivery,1.0,35,2684.72,FINNA Illustrative Benchmark Survey 2026 (Synthetic),2026,True
Gujarat,Ahmedabad,Tier 1,6293.51,732.82,7514.4,5265.21,3812.78,3250.21,115.0,delivery,1.15,35,4815.39,FINNA Illustrative Benchmark Survey 2026 (Synthetic),2026,True
Gujarat,Ahmedabad,Tier 1,5819.99,720.4,7256.08,5507.7,4727.27,3157.84,115.0,delivery,0.92,45,2958.58,FINNA Illustrative Benchmark Survey 2026 (Synthetic),2026,True
Gujarat,Ahmedabad,Tier 1,6605.92,661.02,7382.84,5201.66,4724.2,3166.95,115.0,delivery,1.0,45,5283.19,FINNA Illustrative Benchmark Survey 2026 (Synthetic),2026,True
Gujarat,Ahmedabad,Tier 1,7181.55,1017.88,7634.66,5663.6,4799.98,2963.17,115.0,delivery,1.15,45,6522.56,FINNA Illustrative Benchmark Survey 2026 (Synthetic),2026,True
Gujarat,Ahmedabad,Tier 1,6807.56,837.22,7570.76,5185.31,5699.65,3241.73,115.0,delivery,0.92,55,5056.54,FINNA Illustrative Benchmark Survey 2026 (Synthetic),2026,True
Gujarat,Ahmedabad,Tier 1,7440.16,1089.3,7587.34,5201.9,6014.23,2967.14,115.0,delivery,1.0,55,6789.43,FINNA Illustrative Benchmark Survey 2026 (Synthetic),2026,True
Gujarat,Ahmedabad,Tier 1,8833.5,887.84,7511.01,5367.65,5889.01,3147.65,115.0,delivery,1.15,55,10616.93,FINNA Illustrative Benchmark Survey 2026 (Synthetic),2026,True
Gujarat,Ahmedabad,Tier 1,7859.07,980.05,7538.06,5594.38,6502.42,2951.37,115.0,delivery,0.92,65,7438.3,FINNA Illustrative Benchmark Survey 2026 (Synthetic),2026,True
Gujarat,Ahmedabad,Tier 1,8965.03,1213.64,7314.18,5650.15,6624.98,2966.02,115.0,delivery,1.0,65,10571.11,FINNA Illustrative Benchmark Survey 2026 (Synthetic),2026,True
Gujarat,Ahmedabad,Tier 1,9925.38,1042.71,7439.51,5454.0,6782.66,3203.78,115.0,delivery,1.15,65,13063.01,FINNA Illustrative Benchmark Survey 2026 (Synthetic),2026,True
Gujarat,Ahmedabad,Tier 1,4199.17,633.54,7517.22,5292.89,3392.65,3103.54,115.0,ride_hailing,0.92,25,1000.0,FINNA Illustrative Benchmark Survey 2026 (Synthetic),2026,True
Gujarat,Ahmedabad,Tier 1,4584.95,539.8,7070.38,5614.87,3511.07,3098.1,115.0,ride_hailing,1.0,25,1000.0,FINNA Illustrative Benchmark Survey 2026 (Synthetic),2026,True
Gujarat,Ahmedabad,Tier 1,5010.01,651.18,7469.51,5415.27,3517.31,3281.12,115.0,ride_hailing,1.15,25,1306.59,FINNA Illustrative Benchmark Survey 2026 (Synthetic),2026,True
Gujarat,Ahmedabad,Tier 1,5639.51,608.61,7667.0,5436.93,4536.66,3168.05,115.0,ride_hailing,0.92,35,2346.78,FINNA Illustrative Benchmark Survey 2026 (Synthetic),2026,True
Gujarat,Ahmedabad,Tier 1,6048.76,951.27,7600.07,5139.01,4427.37,3011.53,115.0,ride_hailing,1.0,35,3908.55,FINNA Illustrative Benchmark Survey 2026 (Synthetic),2026,True
Gujarat,Ahmedabad,Tier 1,6562.07,680.02,7614.07,5403.57,4633.21,3100.39,115.0,ride_hailing,1.15,35,4980.64,FINNA Illustrative Benchmark Survey 2026 (Synthetic),2026,True
Gujarat,Ahmedabad,Tier 1,6652.29,945.35,7091.0,5419.75,5803.38,3017.22,115.0,ride_hailing,0.92,45,4857.49,FINNA Illustrative Benchmark Survey 2026 (Synthetic),2026,True
Gujarat,Ahmedabad,Tier 1,7169.29,936.87,7180.37,5566.35,5766.74,3059.35,115.0,ride_hailing,1.0,45,6155.64,FINNA Illustrative Benchmark Survey 2026 (Synthetic),2026,True
Gujarat,Ahmedabad,Tier 1,8461.94,1269.9,7533.98,5165.7,5841.39,3185.54,115.0,ride_hailing,1.15,45,9693.83,FINNA Illustrative Benchmark Survey 2026 (Synthetic),2026,True
Gujarat,Ahmedabad,Tier 1,8114.39,839.63,7093.8,5364.62,6862.46,3140.49,115.0,ride_hailing,0.92,55,8238.06,FINNA Illustrative Benchmark Survey 2026 (Synthetic),2026,True
Gujarat,Ahmedabad,Tier 1,8451.18,1221.21,7578.09,5194.5,7002.72,3174.96,115.0,ride_hailing,1.0,55,8868.17,FINNA Illustrative Benchmark Survey 2026 (Synthetic),2026,True
Gujarat,Ahmedabad,Tier 1,9604.01,1509.57,7417.02,5552.81,7009.81,2976.11,115.0,ride_hailing,1.15,55,12109.25,FINNA Illustrative Benchmark Survey 2026 (Synthetic),2026,True
Gujarat,Ahmedabad,Tier 1,8784.45,1290.15,7228.89,5608.66,8179.53,2924.92,115.0,ride_hailing,0.92,65,9161.53,FINNA Illustrative Benchmark Survey 2026 (Synthetic),2026,True
Gujarat,Ahmedabad,Tier 1,10083.87,1172.94,7077.27,5514.65,8054.78,2942.67,115.0,ride_hailing,1.0,65,13047.96,FINNA Illustrative Benchmark Survey 2026 (Synthetic),2026,True
Gujarat,Ahmedabad,Tier 1,11277.8,1371.46,7399.71,5436.12,7920.95,3008.9,115.0,ride_hailing,1.15,65,16293.68,FINNA Illustrative Benchmark Survey 2026 (Synthetic),2026,True
Gujarat,Ahmedabad,Tier 1,3861.72,519.15,7564.86,5253.34,2305.36,2930.38,115.0,freelance_other,0.92,25,1000.0,FINNA Illustrative Benchmark Survey 2026 (Synthetic),2026,True
Gujarat,Ahmedabad,Tier 1,4461.12,511.57,7379.11,5336.81,2239.24,3260.39,115.0,freelance_other,1.0,25,1000.0,FINNA Illustrative Benchmark Survey 2026 (Synthetic),2026,True
Gujarat,Ahmedabad,Tier 1,5128.11,682.92,7706.32,5529.96,2288.87,3033.71,115.0,freelance_other,1.15,25,2369.81,FINNA Illustrative Benchmark Survey 2026 (Synthetic),2026,True
Gujarat,Ahmedabad,Tier 1,5220.44,747.66,7230.73,5172.06,3086.78,3100.76,115.0,freelance_other,0.92,35,2609.21,FINNA Illustrative Benchmark Survey 2026 (Synthetic),2026,True
Gujarat,Ahmedabad,Tier 1,5896.36,653.08,7625.21,5659.96,3231.79,2939.64,115.0,freelance_other,1.0,35,3948.52,FINNA Illustrative Benchmark Survey 2026 (Synthetic),2026,True
Gujarat,Ahmedabad,Tier 1,6551.22,766.09,7655.19,5306.74,3131.75,2916.96,115.0,freelance_other,1.15,35,6081.49,FINNA Illustrative Benchmark Survey 2026 (Synthetic),2026,True
Gujarat,Ahmedabad,Tier 1,6303.75,843.62,7254.89,5466.27,3898.72,3134.11,115.0,freelance_other,0.92,45,4901.81,FINNA Illustrative Benchmark Survey 2026 (Synthetic),2026,True
Gujarat,Ahmedabad,Tier 1,7016.27,1026.88,7174.61,5616.24,3991.48,3005.19,115.0,freelance_other,1.0,45,6885.4,FINNA Illustrative Benchmark Survey 2026 (Synthetic),2026,True
Gujarat,Ahmedabad,Tier 1,7754.2,966.19,7202.42,5317.07,4016.22,3240.32,115.0,freelance_other,1.15,45,8969.78,FINNA Illustrative Benchmark Survey 2026 (Synthetic),2026,True
Gujarat,Ahmedabad,Tier 1,7888.26,789.52,7516.4,5588.46,4769.09,2952.67,115.0,freelance_other,0.92,55,8664.2,FINNA Illustrative Benchmark Survey 2026 (Synthetic),2026,True
Gujarat,Ahmedabad,Tier 1,8295.35,948.08,7394.1,5162.34,4870.16,3178.73,115.0,freelance_other,1.0,55,9953.8,FINNA Illustrative Benchmark Survey 2026 (Synthetic),2026,True
Gujarat,Ahmedabad,Tier 1,9207.1,1429.65,7693.99,5410.67,4759.21,3052.57,115.0,freelance_other,1.15,55,12317.7,FINNA Illustrative Benchmark Survey 2026 (Synthetic),2026,True
Gujarat,Ahmedabad,Tier 1,9062.79,952.45,7100.73,5202.1,5583.21,2941.84,115.0,freelance_other,0.92,65,11969.1,FINNA Illustrative Benchmark Survey 2026 (Synthetic),2026,True
Gujarat,Ahmedabad,Tier 1,9542.05,1203.24,7743.52,5257.86,5339.78,3031.18,115.0,freelance_other,1.0,65,12964.08,FINNA Illustrative Benchmark Survey 2026 (Synthetic),2026,True
Gujarat,Ahmedabad,Tier 1,11176.8,1587.59,7574.16,5301.75,5344.55,2941.78,115.0,freelance_other,1.15,65,17701.65,FINNA Illustrative Benchmark Survey 2026 (Synthetic),2026,True
Gujarat,Ahmedabad,Tier 1,3821.47,560.98,7462.68,5213.92,2901.25,3087.37,115.0,mixed,0.92,25,1000.0,FINNA Illustrative Benchmark Survey 2026 (Synthetic),2026,True
Gujarat,Ahmedabad,Tier 1,4223.14,558.11,7743.83,5242.12,2935.58,3012.58,115.0,mixed,1.0,25,1000.0,FINNA Illustrative Benchmark Survey 2026 (Synthetic),2026,True
Gujarat,Ahmedabad,Tier 1,4744.42,519.31,7537.68,5576.25,3028.25,2929.0,115.0,mixed,1.15,25,1000.0,FINNA Illustrative Benchmark Survey 2026 (Synthetic),2026,True
Gujarat,Ahmedabad,Tier 1,5296.95,633.87,7097.5,5264.04,3989.14,3105.01,115.0,mixed,0.92,35,2262.07,FINNA Illustrative Benchmark Survey 2026 (Synthetic),2026,True
Gujarat,Ahmedabad,Tier 1,5686.35,657.4,7763.1,5146.78,4004.85,3082.22,115.0,mixed,1.0,35,3006.21,FINNA Illustrative Benchmark Survey 2026 (Synthetic),2026,True
Gujarat,Ahmedabad,Tier 1,6575.87,756.17,7371.91,5564.1,3919.42,2918.45,115.0,mixed,1.15,35,5654.76,FINNA Illustrative Benchmark Survey 2026 (Synthetic),2026,True
Gujarat,Ahmedabad,Tier 1,6506.33,1034.21,7126.73,5574.78,5008.28,3148.47,115.0,mixed,0.92,45,4754.2,FINNA Illustrative Benchmark Survey 2026 (Synthetic),2026,True
Gujarat,Ahmedabad,Tier 1,6969.75,940.49,7221.53,5568.88,4866.42,2937.98,115.0,mixed,1.0,45,6229.73,FINNA Illustrative Benchmark Survey 2026 (Synthetic),2026,True
Gujarat,Ahmedabad,Tier 1,8178.63,1035.46,7125.31,5618.74,5193.32,3037.34,115.0,mixed,1.15,45,9385.19,FINNA Illustrative Benchmark Survey 2026 (Synthetic),2026,True
Gujarat,Ahmedabad,Tier 1,7199.19,919.05,7154.31,5439.9,6217.57,3060.94,115.0,mixed,0.92,55,6044.85,FINNA Illustrative Benchmark Survey 2026 (Synthetic),2026,True
Gujarat,Ahmedabad,Tier 1,7816.63,1102.09,7157.88,5245.95,5909.87,3018.11,115.0,mixed,1.0,55,8134.23,FINNA Illustrative Benchmark Survey 2026 (Synthetic),2026,True
Gujarat,Ahmedabad,Tier 1,9627.23,982.74,7488.19,5262.72,5962.22,3067.26,115.0,mixed,1.15,55,12938.59,FINNA Illustrative Benchmark Survey 2026 (Synthetic),2026,True
Gujarat,Ahmedabad,Tier 1,8604.37,891.92,7237.03,5204.11,6875.62,3243.09,115.0,mixed,0.92,65,9553.1,FINNA Illustrative Benchmark Survey 2026 (Synthetic),2026,True
Gujarat,Ahmedabad,Tier 1,9334.04,1286.65,7623.6,5559.22,7320.83,3204.87,115.0,mixed,1.0,65,10860.12,FINNA Illustrative Benchmark Survey 2026 (Synthetic),2026,True
Gujarat,Ahmedabad,Tier 1,10591.29,1405.16,7388.66,5622.85,7046.35,3058.48,115.0,mixed,1.15,65,14783.56,FINNA Illustrative Benchmark Survey 2026 (Synthetic),2026,True
Tamil Nadu,Coimbatore,Tier 2,3210.87,382.52,5831.41,4989.97,2656.22,2651.69,102.0,delivery,0.92,25,1000.0,FINNA Illustrative Benchmark Survey 2026 (Synthetic),2026,True
Tamil Nadu,Coimbatore,Tier 2,3722.67,490.52,6160.11,5039.81,2696.85,2665.65,102.0,delivery,1.0,25,1000.0,FINNA Illustrative Benchmark Survey 2026 (Synthetic),2026,True
Tamil Nadu,Coimbatore,Tier 2,4170.79,483.78,6189.77,5000.28,2506.01,2966.79,102.0,delivery,1.15,25,1000.0,FINNA Illustrative Benchmark Survey 2026 (Synthetic),2026,True
Tamil Nadu,Coimbatore,Tier 2,4244.8,640.07,6178.43,4730.31,3612.74,2915.99,102.0,delivery,0.92,35,1000.0,FINNA Illustrative Benchmark Survey 2026 (Synthetic),2026,True
Tamil Nadu,Coimbatore,Tier 2,4597.56,623.2,6183.73,4894.86,3633.78,2641.48,102.0,delivery,1.0,35,1659.83,FINNA Illustrative Benchmark Survey 2026 (Synthetic),2026,True
Tamil Nadu,Coimbatore,Tier 2,5514.93,865.04,6038.16,4830.29,3429.57,2963.97,102.0,delivery,1.15,35,4301.48,FINNA Illustrative Benchmark Survey 2026 (Synthetic),2026,True
Tamil Nadu,Coimbatore,Tier 2,5498.91,712.29,5885.43,4795.41,4265.44,2710.16,102.0,delivery,0.92,45,4000.0,FINNA Illustrative Benchmark Survey 2026 (Synthetic),2026,True
Tamil Nadu,Coimbatore,Tier 2,5669.53,746.04,5700.41,5000.59,4304.68,2675.84,102.0,delivery,1.0,45,4463.9,FINNA Illustrative Benchmark Survey 2026 (Synthetic),2026,True
Tamil Nadu,Coimbatore,Tier 2,6785.76,1052.65,6206.57,4715.32,4241.33,2829.1,102.0,delivery,1.15,45,7403.51,FINNA Illustrative Benchmark Survey 2026 (Synthetic),2026,True
Tamil Nadu,Coimbatore,Tier 2,6500.37,952.06,6207.89,4973.12,5477.56,2757.53,102.0,delivery,0.92,55,5674.83,FINNA Illustrative Benchmark Survey 2026 (Synthetic),2026,True
Tamil Nadu,Coimbatore,Tier 2,7079.13,875.94,5760.62,4704.85,5129.27,2684.92,102.0,delivery,1.0,55,8042.43,FINNA Illustrative Benchmark Survey 2026 (Synthetic),2026,True
Tamil Nadu,Coimbatore,Tier 2,8145.26,1201.51,6276.4,4871.61,5145.22,2957.5,102.0,delivery,1.15,55,10411.86,FINNA Illustrative Benchmark Survey 2026 (Synthetic),2026,True
Tamil Nadu,Coimbatore,Tier 2,7325.61,1140.82,6172.2,4667.15,6183.71,2690.92,102.0,delivery,0.92,65,7803.84,FINNA Illustrative Benchmark Survey 2026 (Synthetic),2026,True
Tamil Nadu,Coimbatore,Tier 2,7720.02,1090.92,5776.41,4909.84,6360.46,2950.76,102.0,delivery,1.0,65,8729.64,FINNA Illustrative Benchmark Survey 2026 (Synthetic),2026,True
Tamil Nadu,Coimbatore,Tier 2,8939.19,1427.2,6279.11,4575.54,6190.31,2941.47,102.0,delivery,1.15,65,12168.17,FINNA Illustrative Benchmark Survey 2026 (Synthetic),2026,True
Tamil Nadu,Coimbatore,Tier 2,3828.76,433.62,6039.33,5009.61,3004.32,2882.44,102.0,ride_hailing,0.92,25,1000.0,FINNA Illustrative Benchmark Survey 2026 (Synthetic),2026,True
Tamil Nadu,Coimbatore,Tier 2,3927.56,624.26,5800.73,4984.95,2991.47,2870.21,102.0,ride_hailing,1.0,25,1000.0,FINNA Illustrative Benchmark Survey 2026 (Synthetic),2026,True
Tamil Nadu,Coimbatore,Tier 2,4664.73,714.63,5967.98,4687.3,3031.26,2654.78,102.0,ride_hailing,1.15,25,2507.02,FINNA Illustrative Benchmark Survey 2026 (Synthetic),2026,True
Tamil Nadu,Coimbatore,Tier 2,4768.67,507.78,5700.77,4745.25,4265.16,2957.62,102.0,ride_hailing,0.92,35,1936.7,FINNA Illustrative Benchmark Survey 2026 (Synthetic),2026,True
Tamil Nadu,Coimbatore,Tier 2,5448.88,706.09,5927.23,4822.09,4053.74,2793.11,102.0,ride_hailing,1.0,35,3898.36,FINNA Illustrative Benchmark Survey 2026 (Synthetic),2026,True
Tamil Nadu,Coimbatore,Tier 2,6256.24,869.98,6112.3,4638.08,4044.45,2916.18,102.0,ride_hailing,1.15,35,6096.03,FINNA Illustrative Benchmark Survey 2026 (Synthetic),2026,True
Tamil Nadu,Coimbatore,Tier 2,5878.26,700.24,6271.0,4595.62,5111.44,2758.15,102.0,ride_hailing,0.92,45,4365.83,FINNA Illustrative Benchmark Survey 2026 (Synthetic),2026,True
Tamil Nadu,Coimbatore,Tier 2,6616.56,878.83,6238.87,4604.69,5289.49,2838.18,102.0,ride_hailing,1.0,45,6291.01,FINNA Illustrative Benchmark Survey 2026 (Synthetic),2026,True
Tamil Nadu,Coimbatore,Tier 2,7460.08,759.88,6265.47,4639.2,5413.7,2684.79,102.0,ride_hailing,1.15,45,8644.34,FINNA Illustrative Benchmark Survey 2026 (Synthetic),2026,True
Tamil Nadu,Coimbatore,Tier 2,6820.52,766.17,5813.99,4894.65,6400.9,2877.27,102.0,ride_hailing,0.92,55,6204.93,FINNA Illustrative Benchmark Survey 2026 (Synthetic),2026,True
Tamil Nadu,Coimbatore,Tier 2,7514.08,878.33,5842.53,4583.83,6325.3,2914.19,102.0,ride_hailing,1.0,55,8365.58,FINNA Illustrative Benchmark Survey 2026 (Synthetic),2026,True
Tamil Nadu,Coimbatore,Tier 2,8562.52,1041.63,5956.56,4701.38,6370.7,2833.67,102.0,ride_hailing,1.15,55,11188.71,FINNA Illustrative Benchmark Survey 2026 (Synthetic),2026,True
Tamil Nadu,Coimbatore,Tier 2,7885.46,800.72,5802.5,4700.07,7065.07,2915.51,102.0,ride_hailing,0.92,65,8879.58,FINNA Illustrative Benchmark Survey 2026 (Synthetic),2026,True
Tamil Nadu,Coimbatore,Tier 2,8647.5,1070.98,5993.46,4877.3,7070.45,2814.83,102.0,ride_hailing,1.0,65,10846.96,FINNA Illustrative Benchmark Survey 2026 (Synthetic),2026,True
Tamil Nadu,Coimbatore,Tier 2,9844.87,1507.54,5921.64,4773.97,7171.12,2788.26,102.0,ride_hailing,1.15,65,14282.64,FINNA Illustrative Benchmark Survey 2026 (Synthetic),2026,True
Tamil Nadu,Coimbatore,Tier 2,3480.96,404.19,5736.98,4921.07,2131.59,2660.8,102.0,freelance_other,0.92,25,1000.0,FINNA Illustrative Benchmark Survey 2026 (Synthetic),2026,True
Tamil Nadu,Coimbatore,Tier 2,3820.03,506.1,6282.42,4843.07,2112.43,2914.51,102.0,freelance_other,1.0,25,1000.0,FINNA Illustrative Benchmark Survey 2026 (Synthetic),2026,True
Tamil Nadu,Coimbatore,Tier 2,4561.95,570.78,6021.31,4976.11,2099.17,2928.24,102.0,freelance_other,1.15,25,2423.47,FINNA Illustrative Benchmark Survey 2026 (Synthetic),2026,True
Tamil Nadu,Coimbatore,Tier 2,4680.75,490.25,6241.67,4902.87,2847.81,2934.55,102.0,freelance_other,0.92,35,2171.49,FINNA Illustrative Benchmark Survey 2026 (Synthetic),2026,True
Tamil Nadu,Coimbatore,Tier 2,5219.98,734.2,6072.16,4617.74,2905.92,2690.09,102.0,freelance_other,1.0,35,4105.79,FINNA Illustrative Benchmark Survey 2026 (Synthetic),2026,True
Tamil Nadu,Coimbatore,Tier 2,6089.22,964.11,6185.08,4620.57,2829.88,2964.06,102.0,freelance_other,1.15,35,6348.38,FINNA Illustrative Benchmark Survey 2026 (Synthetic),2026,True
Tamil Nadu,Coimbatore,Tier 2,5733.09,916.36,6076.34,4960.37,3500.85,2938.03,102.0,freelance_other,0.92,45,4776.65,FINNA Illustrative Benchmark Survey 2026 (Synthetic),2026,True
Tamil Nadu,Coimbatore,Tier 2,6471.55,673.18,5932.86,4750.73,3520.34,2724.8,102.0,freelance_other,1.0,45,7210.5,FINNA Illustrative Benchmark Survey 2026 (Synthetic),2026,True
Tamil Nadu,Coimbatore,Tier 2,7179.49,1094.21,6171.93,4859.07,3576.44,2772.98,102.0,freelance_other,1.15,45,8909.4,FINNA Illustrative Benchmark Survey 2026 (Synthetic),2026,True
Tamil Nadu,Coimbatore,Tier 2,6747.14,734.71,6052.76,4924.02,4427.06,2942.78,102.0,freelance_other,0.92,55,7064.52,FINNA Illustrative Benchmark Survey 2026 (Synthetic),2026,True
Tamil Nadu,Coimbatore,Tier 2,7421.43,787.11,5871.66,4817.1,4223.23,2770.06,102.0,freelance_other,1.0,55,9394.28,FINNA Illustrative Benchmark Survey 2026 (Synthetic),2026,True
Tamil Nadu,Coimbatore,Tier 2,8412.6,1086.36,6065.38,4577.98,4199.81,2680.33,102.0,freelance_other,1.15,55,12286.99,FINNA Illustrative Benchmark Survey 2026 (Synthetic),2026,True
Tamil Nadu,Coimbatore,Tier 2,7858.74,1112.95,5723.27,4987.0,4903.48,2711.83,102.0,freelance_other,0.92,65,10206.8,FINNA Illustrative Benchmark Survey 2026 (Synthetic),2026,True
Tamil Nadu,Coimbatore,Tier 2,8634.99,1340.58,6238.22,4569.71,5096.69,2733.83,102.0,freelance_other,1.0,65,12188.19,FINNA Illustrative Benchmark Survey 2026 (Synthetic),2026,True
Tamil Nadu,Coimbatore,Tier 2,9567.64,1238.98,6117.71,4607.14,5117.18,2677.15,102.0,freelance_other,1.15,65,14890.66,FINNA Illustrative Benchmark Survey 2026 (Synthetic),2026,True
Tamil Nadu,Coimbatore,Tier 2,3625.51,458.94,6195.49,4689.32,2703.93,2848.91,102.0,mixed,0.92,25,1000.0,FINNA Illustrative Benchmark Survey 2026 (Synthetic),2026,True
Tamil Nadu,Coimbatore,Tier 2,3701.95,417.15,6194.38,4915.65,2778.56,2923.38,102.0,mixed,1.0,25,1000.0,FINNA Illustrative Benchmark Survey 2026 (Synthetic),2026,True
Tamil Nadu,Coimbatore,Tier 2,4478.38,586.29,5795.38,4709.34,2723.53,2677.58,102.0,mixed,1.15,25,2265.61,FINNA Illustrative Benchmark Survey 2026 (Synthetic),2026,True
Tamil Nadu,Coimbatore,Tier 2,4732.17,722.89,5717.37,4652.53,3782.93,2913.22,102.0,mixed,0.92,35,2225.76,FINNA Illustrative Benchmark Survey 2026 (Synthetic),2026,True
Tamil Nadu,Coimbatore,Tier 2,4902.79,624.55,6250.82,4898.22,3618.16,2908.7,102.0,mixed,1.0,35,2309.57,FINNA Illustrative Benchmark Survey 2026 (Synthetic),2026,True
Tamil Nadu,Coimbatore,Tier 2,5755.87,795.03,5774.32,4574.67,3647.19,2831.6,102.0,mixed,1.15,35,5261.84,FINNA Illustrative Benchmark Survey 2026 (Synthetic),2026,True
Tamil Nadu,Coimbatore,Tier 2,5510.27,838.82,6052.13,4727.88,4495.63,2932.55,102.0,mixed,0.92,45,3673.33,FINNA Illustrative Benchmark Survey 2026 (Synthetic),2026,True
Tamil Nadu,Coimbatore,Tier 2,6270.45,886.21,5871.04,4745.55,4495.41,2824.28,102.0,mixed,1.0,45,5989.6,FINNA Illustrative Benchmark Survey 2026 (Synthetic),2026,True
Tamil Nadu,Coimbatore,Tier 2,7333.16,1110.44,6088.43,4885.29,4534.65,2769.59,102.0,mixed,1.15,45,8758.5,FINNA Illustrative Benchmark Survey 2026 (Synthetic),2026,True
Tamil Nadu,Coimbatore,Tier 2,6411.82,941.37,6160.54,4564.27,5716.69,2849.52,102.0,mixed,0.92,55,5506.9,FINNA Illustrative Benchmark Survey 2026 (Synthetic),2026,True
Tamil Nadu,Coimbatore,Tier 2,7306.29,734.34,5851.43,4946.44,5448.35,2956.92,102.0,mixed,1.0,55,8081.51,FINNA Illustrative Benchmark Survey 2026 (Synthetic),2026,True
Tamil Nadu,Coimbatore,Tier 2,8429.97,1057.36,5925.89,4727.38,5424.68,2788.81,102.0,mixed,1.15,55,11462.76,FINNA Illustrative Benchmark Survey 2026 (Synthetic),2026,True
Tamil Nadu,Coimbatore,Tier 2,7755.14,1159.07,5938.29,4609.11,6438.32,2854.55,102.0,mixed,0.92,65,8930.67,FINNA Illustrative Benchmark Survey 2026 (Synthetic),2026,True
Tamil Nadu,Coimbatore,Tier 2,8539.94,1045.75,6088.41,4852.34,6328.69,2668.32,102.0,mixed,1.0,65,11076.12,FINNA Illustrative Benchmark Survey 2026 (Synthetic),2026,True
Tamil Nadu,Coimbatore,Tier 2,9224.9,1469.54,6084.36,4973.52,6309.48,2870.93,102.0,mixed,1.15,65,12808.59,FINNA Illustrative Benchmark Survey 2026 (Synthetic),2026,True
Tamil Nadu,Madurai,Tier 2,3047.13,359.34,5017.96,4516.81,2489.88,2695.29,92.0,delivery,0.92,25,1000.0,FINNA Illustrative Benchmark Survey 2026 (Synthetic),2026,True
Tamil Nadu,Madurai,Tier 2,3288.97,447.31,5283.48,4479.53,2455.44,2648.48,92.0,delivery,1.0,25,1000.0,FINNA Illustrative Benchmark Survey 2026 (Synthetic),2026,True
Tamil Nadu,Madurai,Tier 2,3839.96,443.77,5157.65,4350.84,2323.04,2664.92,92.0,delivery,1.15,25,1384.87,FINNA Illustrative Benchmark Survey 2026 (Synthetic),2026,True
Tamil Nadu,Madurai,Tier 2,3915.51,436.17,5317.81,4277.84,3275.11,2688.89,92.0,delivery,0.92,35,1000.0,FINNA Illustrative Benchmark Survey 2026 (Synthetic),2026,True
Tamil Nadu,Madurai,Tier 2,4369.22,613.05,5203.8,4551.98,3355.06,2717.47,92.0,delivery,1.0,35,2008.77,FINNA Illustrative Benchmark Survey 2026 (Synthetic),2026,True
Tamil Nadu,Madurai,Tier 2,4742.21,501.99,5006.53,4293.81,3346.62,2682.03,92.0,delivery,1.15,35,3383.11,FINNA Illustrative Benchmark Survey 2026 (Synthetic),2026,True
Tamil Nadu,Madurai,Tier 2,4662.7,656.43,5114.53,4219.29,4047.59,2676.19,92.0,delivery,0.92,45,2685.73,FINNA Illustrative Benchmark Survey 2026 (Synthetic),2026,True
Tamil Nadu,Madurai,Tier 2,5119.75,754.06,5112.28,4294.65,4027.53,2709.58,92.0,delivery,1.0,45,3915.91,FINNA Illustrative Benchmark Survey 2026 (Synthetic),2026,True
Tamil Nadu,Madurai,Tier 2,5965.9,906.72,5243.46,4595.49,3954.53,2721.5,92.0,delivery,1.15,45,6056.29,FINNA Illustrative Benchmark Survey 2026 (Synthetic),2026,True
Tamil Nadu,Madurai,Tier 2,5639.89,857.54,5138.47,4311.28,4730.56,2710.52,92.0,delivery,0.92,55,4894.43,FINNA Illustrative Benchmark Survey 2026 (Synthetic),2026,True
Tamil Nadu,Madurai,Tier 2,5952.25,666.76,5152.78,4430.54,5065.14,2586.76,92.0,delivery,1.0,55,5549.71,FINNA Illustrative Benchmark Survey 2026 (Synthetic),2026,True
Tamil Nadu,Madurai,Tier 2,6946.04,992.87,5345.05,4394.54,4956.99,2499.17,92.0,delivery,1.15,55,8372.39,FINNA Illustrative Benchmark Survey 2026 (Synthetic),2026,True
Tamil Nadu,Madurai,Tier 2,6537.23,655.57,5082.23,4514.93,5550.29,2682.52,92.0,delivery,0.92,65,6809.55,FINNA Illustrative Benchmark Survey 2026 (Synthetic),2026,True
Tamil Nadu,Madurai,Tier 2,7024.18,1024.22,4985.78,4450.37,5762.33,2569.86,92.0,delivery,1.0,65,8220.13,FINNA Illustrative Benchmark Survey 2026 (Synthetic),2026,True
Tamil Nadu,Madurai,Tier 2,8385.51,1031.41,4959.62,4267.74,5643.56,2448.39,92.0,delivery,1.15,65,12343.47,FINNA Illustrative Benchmark Survey 2026 (Synthetic),2026,True
Tamil Nadu,Madurai,Tier 2,3261.85,489.26,5039.1,4477.77,2901.41,2521.63,92.0,ride_hailing,0.92,25,1000.0,FINNA Illustrative Benchmark Survey 2026 (Synthetic),2026,True
Tamil Nadu,Madurai,Tier 2,3652.33,440.69,5007.04,4348.76,2892.67,2496.11,92.0,ride_hailing,1.0,25,1000.0,FINNA Illustrative Benchmark Survey 2026 (Synthetic),2026,True
Tamil Nadu,Madurai,Tier 2,4243.3,500.25,5091.23,4500.25,2894.44,2549.4,92.0,ride_hailing,1.15,25,2169.81,FINNA Illustrative Benchmark Survey 2026 (Synthetic),2026,True
Tamil Nadu,Madurai,Tier 2,4495.58,718.07,5118.22,4576.61,3844.38,2502.79,92.0,ride_hailing,0.92,35,2225.51,FINNA Illustrative Benchmark Survey 2026 (Synthetic),2026,True
Tamil Nadu,Madurai,Tier 2,4909.29,761.39,5149.76,4280.5,3958.83,2484.94,92.0,ride_hailing,1.0,35,3499.08,FINNA Illustrative Benchmark Survey 2026 (Synthetic),2026,True
Tamil Nadu,Madurai,Tier 2,5552.37,751.69,5027.87,4341.3,3934.99,2455.66,92.0,ride_hailing,1.15,35,5383.26,FINNA Illustrative Benchmark Survey 2026 (Synthetic),2026,True
Tamil Nadu,Madurai,Tier 2,5519.48,636.66,5218.06,4201.38,5067.93,2650.53,92.0,ride_hailing,0.92,45,4394.94,FINNA Illustrative Benchmark Survey 2026 (Synthetic),2026,True
Tamil Nadu,Madurai,Tier 2,5895.55,596.54,5298.67,4363.38,4828.3,2614.75,92.0,ride_hailing,1.0,45,5474.71,FINNA Illustrative Benchmark Survey 2026 (Synthetic),2026,True
Tamil Nadu,Madurai,Tier 2,6683.88,729.8,5301.5,4457.34,4797.44,2650.44,92.0,ride_hailing,1.15,45,7627.41,FINNA Illustrative Benchmark Survey 2026 (Synthetic),2026,True
Tamil Nadu,Madurai,Tier 2,6398.54,743.5,5254.93,4240.35,5994.44,2476.73,92.0,ride_hailing,0.92,55,6330.5,FINNA Illustrative Benchmark Survey 2026 (Synthetic),2026,True
Tamil Nadu,Madurai,Tier 2,6985.85,747.93,4999.29,4226.76,5699.17,2506.32,92.0,ride_hailing,1.0,55,8331.17,FINNA Illustrative Benchmark Survey 2026 (Synthetic),2026,True
Tamil Nadu,Madurai,Tier 2,7745.85,1017.72,5044.87,4489.51,5744.35,2456.29,92.0,ride_hailing,1.15,55,10272.93,FINNA Illustrative Benchmark Survey 2026 (Synthetic),2026,True
Tamil Nadu,Madurai,Tier 2,7241.64,814.41,5425.22,4325.47,6517.42,2653.55,92.0,ride_hailing,0.92,65,8082.52,FINNA Illustrative Benchmark Survey 2026 (Synthetic),2026,True
Tamil Nadu,Madurai,Tier 2,8129.94,1220.42,5287.89,4245.62,6564.85,2603.65,92.0,ride_hailing,1.0,65,10725.41,FINNA Illustrative Benchmark Survey 2026 (Synthetic),2026,True
Tamil Nadu,Madurai,Tier 2,9216.64,977.68,5073.06,4281.71,7052.77,2536.36,92.0,ride_hailing,1.15,65,13626.7,FINNA Illustrative Benchmark Survey 2026 (Synthetic),2026,True
Tamil Nadu,Madurai,Tier 2,3181.62,337.22,5030.84,4197.36,1920.44,2694.1,92.0,freelance_other,0.92,25,1000.0,FINNA Illustrative Benchmark Survey 2026 (Synthetic),2026,True
Tamil Nadu,Madurai,Tier 2,3416.23,493.0,4989.4,4513.61,1882.21,2709.82,92.0,freelance_other,1.0,25,1000.0,FINNA Illustrative Benchmark Survey 2026 (Synthetic),2026,True
Tamil Nadu,Madurai,Tier 2,4040.55,445.39,5125.91,4372.59,1972.19,2718.08,92.0,freelance_other,1.15,25,2149.43,FINNA Illustrative Benchmark Survey 2026 (Synthetic),2026,True
Tamil Nadu,Madurai,Tier 2,4067.6,605.66,5035.09,4356.34,2741.74,2528.81,92.0,freelance_other,0.92,35,1917.97,FINNA Illustrative Benchmark Survey 2026 (Synthetic),2026,True
Tamil Nadu,Madurai,Tier 2,4528.35,683.96,5355.95,4465.49,2706.75,2479.27,92.0,freelance_other,1.0,35,2990.19,FINNA Illustrative Benchmark Survey 2026 (Synthetic),2026,True
Tamil Nadu,Madurai,Tier 2,5338.13,552.6,5430.08,4250.13,2626.19,2628.31,92.0,freelance_other,1.15,35,5316.61,FINNA Illustrative Benchmark Survey 2026 (Synthetic),2026,True
Tamil Nadu,Madurai,Tier 2,5291.66,744.56,5034.26,4347.09,3277.5,2452.99,92.0,freelance_other,0.92,45,5070.68,FINNA Illustrative Benchmark Survey 2026 (Synthetic),2026,True
Tamil Nadu,Madurai,Tier 2,5698.88,856.61,5446.19,4237.49,3426.49,2479.24,92.0,freelance_other,1.0,45,5906.38,FINNA Illustrative Benchmark Survey 2026 (Synthetic),2026,True
Tamil Nadu,Madurai,Tier 2,6412.56,658.94,5076.04,4318.26,3369.25,2655.51,92.0,freelance_other,1.15,45,8025.76,FINNA Illustrative Benchmark Survey 2026 (Synthetic),2026,True
Tamil Nadu,Madurai,Tier 2,6221.21,837.37,5233.81,4610.27,4025.13,2549.55,92.0,freelance_other,0.92,55,6837.4,FINNA Illustrative Benchmark Survey 2026 (Synthetic),2026,True
Tamil Nadu,Madurai,Tier 2,6632.73,942.08,4989.53,4471.15,3891.3,2551.87,92.0,freelance_other,1.0,55,8330.32,FINNA Illustrative Benchmark Survey 2026 (Synthetic),2026,True
Tamil Nadu,Madurai,Tier 2,7720.94,950.39,5376.3,4425.67,4126.14,2461.02,92.0,freelance_other,1.15,55,11077.65,FINNA Illustrative Benchmark Survey 2026 (Synthetic),2026,True
Tamil Nadu,Madurai,Tier 2,7065.18,773.04,5381.4,4554.82,4751.85,2467.36,92.0,freelance_other,0.92,65,8733.92,FINNA Illustrative Benchmark Survey 2026 (Synthetic),2026,True
Tamil Nadu,Madurai,Tier 2,7587.37,868.4,5444.48,4202.15,4513.07,2644.72,92.0,freelance_other,1.0,65,10431.78,FINNA Illustrative Benchmark Survey 2026 (Synthetic),2026,True
Tamil Nadu,Madurai,Tier 2,8663.75,988.53,5178.73,4532.55,4596.29,2711.26,92.0,freelance_other,1.15,65,13321.88,FINNA Illustrative Benchmark Survey 2026 (Synthetic),2026,True
Tamil Nadu,Madurai,Tier 2,3118.39,334.05,5198.63,4467.48,2447.27,2572.65,92.0,mixed,0.92,25,1000.0,FINNA Illustrative Benchmark Survey 2026 (Synthetic),2026,True
Tamil Nadu,Madurai,Tier 2,3419.53,341.99,4987.27,4445.85,2551.7,2539.03,92.0,mixed,1.0,25,1000.0,FINNA Illustrative Benchmark Survey 2026 (Synthetic),2026,True
Tamil Nadu,Madurai,Tier 2,3917.18,440.33,5289.17,4598.16,2499.99,2460.93,92.0,mixed,1.15,25,1373.54,FINNA Illustrative Benchmark Survey 2026 (Synthetic),2026,True
Tamil Nadu,Madurai,Tier 2,4035.19,513.55,5231.28,4452.69,3414.23,2649.04,92.0,mixed,0.92,35,1121.34,FINNA Illustrative Benchmark Survey 2026 (Synthetic),2026,True
Tamil Nadu,Madurai,Tier 2,4562.98,487.52,5334.85,4277.57,3378.16,2702.92,92.0,mixed,1.0,35,2641.73,FINNA Illustrative Benchmark Survey 2026 (Synthetic),2026,True
Tamil Nadu,Madurai,Tier 2,5349.98,628.72,5211.43,4488.92,3297.25,2495.22,92.0,mixed,1.15,35,4987.19,FINNA Illustrative Benchmark Survey 2026 (Synthetic),2026,True
Tamil Nadu,Madurai,Tier 2,4925.18,704.36,5315.21,4227.06,4328.04,2502.51,92.0,mixed,0.92,45,3219.59,FINNA Illustrative Benchmark Survey 2026 (Synthetic),2026,True
Tamil Nadu,Madurai,Tier 2,5701.71,704.58,5177.66,4523.82,4364.4,2477.62,92.0,mixed,1.0,45,5294.19,FINNA Illustrative Benchmark Survey 2026 (Synthetic),2026,True
Tamil Nadu,Madurai,Tier 2,6295.43,979.55,5375.48,4439.08,4383.4,2584.56,92.0,mixed,1.15,45,6809.85,FINNA Illustrative Benchmark Survey 2026 (Synthetic),2026,True
Tamil Nadu,Madurai,Tier 2,6053.84,952.7,5010.01,4399.48,5151.65,2459.15,92.0,mixed,0.92,55,5975.34,FINNA Illustrative Benchmark Survey 2026 (Synthetic),2026,True
Tamil Nadu,Madurai,Tier 2,6724.18,1010.84,5191.12,4403.67,5312.32,2499.29,92.0,mixed,1.0,55,7611.04,FINNA Illustrative Benchmark Survey 2026 (Synthetic),2026,True
Tamil Nadu,Madurai,Tier 2,7519.53,1081.53,5006.76,4350.46,5180.5,2719.4,92.0,mixed,1.15,55,9946.59,FINNA Illustrative Benchmark Survey 2026 (Synthetic),2026,True
Tamil Nadu,Madurai,Tier 2,6857.95,844.07,5449.34,4583.0,6098.31,2529.36,92.0,mixed,0.92,65,7172.69,FINNA Illustrative Benchmark Survey 2026 (Synthetic),2026,True
Tamil Nadu,Madurai,Tier 2,7728.22,1222.83,5175.48,4238.68,5931.25,2662.4,92.0,mixed,1.0,65,10046.0,FINNA Illustrative Benchmark Survey 2026 (Synthetic),2026,True
Tamil Nadu,Madurai,Tier 2,8739.94,1030.74,5304.78,4558.71,6074.18,2735.88,92.0,mixed,1.15,65,12460.75,FINNA Illustrative Benchmark Survey 2026 (Synthetic),2026,True
Karnataka,Mysuru,Tier 2,3157.98,353.86,5669.53,4503.67,2443.97,2755.85,98.0,delivery,0.92,25,1000.0,FINNA Illustrative Benchmark Survey 2026 (Synthetic),2026,True
Karnataka,Mysuru,Tier 2,3527.35,490.32,5856.66,4601.79,2513.06,2642.45,98.0,delivery,1.0,25,1000.0,FINNA Illustrative Benchmark Survey 2026 (Synthetic),2026,True
Karnataka,Mysuru,Tier 2,3785.86,458.6,5589.01,4632.49,2507.69,2673.26,98.0,delivery,1.15,25,1000.0,FINNA Illustrative Benchmark Survey 2026 (Synthetic),2026,True
Karnataka,Mysuru,Tier 2,4199.33,631.93,5480.12,4759.76,3432.42,2707.36,98.0,delivery,0.92,35,1172.24,FINNA Illustrative Benchmark Survey 2026 (Synthetic),2026,True
Karnataka,Mysuru,Tier 2,4305.75,468.12,5695.34,4461.96,3416.85,2590.14,98.0,delivery,1.0,35,1611.74,FINNA Illustrative Benchmark Survey 2026 (Synthetic),2026,True
Karnataka,Mysuru,Tier 2,5059.23,581.98,5790.05,4687.67,3294.9,2782.16,98.0,delivery,1.15,35,3478.6,FINNA Illustrative Benchmark Survey 2026 (Synthetic),2026,True
Karnataka,Mysuru,Tier 2,4870.68,724.96,5377.39,4769.3,4280.47,2818.21,98.0,delivery,0.92,45,2499.04,FINNA Illustrative Benchmark Survey 2026 (Synthetic),2026,True
Karnataka,Mysuru,Tier 2,5606.66,749.48,5453.05,4730.78,4300.4,2631.19,98.0,delivery,1.0,45,4654.92,FINNA Illustrative Benchmark Survey 2026 (Synthetic),2026,True
Karnataka,Mysuru,Tier 2,6408.23,997.05,5537.03,4810.08,4359.88,2639.3,98.0,delivery,1.15,45,6760.87,FINNA Illustrative Benchmark Survey 2026 (Synthetic),2026,True
Karnataka,Mysuru,Tier 2,5989.92,603.65,5460.75,4655.46,5144.42,2819.92,98.0,delivery,0.92,55,5106.27,FINNA Illustrative Benchmark Survey 2026 (Synthetic),2026,True
Karnataka,Mysuru,Tier 2,6654.91,1029.44,5714.59,4667.91,5134.03,2715.1,98.0,delivery,1.0,55,6879.68,FINNA Illustrative Benchmark Survey 2026 (Synthetic),2026,True
Karnataka,Mysuru,Tier 2,7517.98,1101.9,5860.0,4505.32,4901.51,2759.18,98.0,delivery,1.15,55,9442.45,FINNA Illustrative Benchmark Survey 2026 (Synthetic),2026,True
Karnataka,Mysuru,Tier 2,6669.47,736.49,5607.75,4543.51,5814.19,2718.34,98.0,delivery,0.92,65,6626.76,FINNA Illustrative Benchmark Survey 2026 (Synthetic),2026,True
Karnataka,Mysuru,Tier 2,7215.57,974.38,5462.81,4522.06,5945.73,2588.16,98.0,delivery,1.0,65,8271.03,FINNA Illustrative Benchmark Survey 2026 (Synthetic),2026,True
Karnataka,Mysuru,Tier 2,8314.07,992.35,5348.48,4798.9,5901.72,2752.45,98.0,delivery,1.15,65,11178.94,FINNA Illustrative Benchmark Survey 2026 (Synthetic),2026,True
Karnataka,Mysuru,Tier 2,3497.17,469.88,5520.53,4730.65,2903.02,2609.27,98.0,ride_hailing,0.92,25,1000.0,FINNA Illustrative Benchmark Survey 2026 (Synthetic),2026,True
Karnataka,Mysuru,Tier 2,3707.94,385.96,5602.88,4561.33,2954.67,2567.79,98.0,ride_hailing,1.0,25,1000.0,FINNA Illustrative Benchmark Survey 2026 (Synthetic),2026,True
Karnataka,Mysuru,Tier 2,4277.19,482.47,5505.85,4535.97,2879.59,2781.86,98.0,ride_hailing,1.15,25,1831.03,FINNA Illustrative Benchmark Survey 2026 (Synthetic),2026,True
Karnataka,Mysuru,Tier 2,4623.05,738.75,5781.27,4821.32,3831.15,2754.74,98.0,ride_hailing,0.92,35,1839.06,FINNA Illustrative Benchmark Survey 2026 (Synthetic),2026,True
Karnataka,Mysuru,Tier 2,4991.03,769.97,5663.67,4655.72,4134.26,2759.15,98.0,ride_hailing,1.0,35,2858.93,FINNA Illustrative Benchmark Survey 2026 (Synthetic),2026,True
Karnataka,Mysuru,Tier 2,5682.16,880.48,5849.19,4547.5,4000.7,2629.64,98.0,ride_hailing,1.15,35,4924.87,FINNA Illustrative Benchmark Survey 2026 (Synthetic),2026,True
Karnataka,Mysuru,Tier 2,5853.69,874.11,5529.98,4739.3,4978.22,2552.21,98.0,ride_hailing,0.92,45,4905.4,FINNA Illustrative Benchmark Survey 2026 (Synthetic),2026,True
Karnataka,Mysuru,Tier 2,6356.27,709.05,5607.78,4806.18,4866.96,2847.83,98.0,ride_hailing,1.0,45,6106.03,FINNA Illustrative Benchmark Survey 2026 (Synthetic),2026,True
Karnataka,Mysuru,Tier 2,7105.52,713.68,5356.66,4678.35,5109.43,2818.24,98.0,ride_hailing,1.15,45,8322.74,FINNA Illustrative Benchmark Survey 2026 (Synthetic),2026,True
Karnataka,Mysuru,Tier 2,6640.34,705.44,5621.14,4693.26,6217.9,2789.17,98.0,ride_hailing,0.92,55,6130.28,FINNA Illustrative Benchmark Survey 2026 (Synthetic),2026,True
Karnataka,Mysuru,Tier 2,7346.94,1148.95,5738.26,4440.73,5970.16,2645.48,98.0,ride_hailing,1.0,55,8461.45,FINNA Illustrative Benchmark Survey 2026 (Synthetic),2026,True
Karnataka,Mysuru,Tier 2,8075.49,833.84,5764.76,4626.72,6025.62,2611.76,98.0,ride_hailing,1.15,55,10359.71,FINNA Illustrative Benchmark Survey 2026 (Synthetic),2026,True
Karnataka,Mysuru,Tier 2,7513.73,926.31,5672.92,4569.19,6692.42,2756.15,98.0,ride_hailing,0.92,65,8348.45,FINNA Illustrative Benchmark Survey 2026 (Synthetic),2026,True
Karnataka,Mysuru,Tier 2,8351.11,1156.51,5666.28,4717.74,7009.14,2765.09,98.0,ride_hailing,1.0,65,10401.34,FINNA Illustrative Benchmark Survey 2026 (Synthetic),2026,True
Karnataka,Mysuru,Tier 2,9249.62,1440.01,5379.44,4731.97,6850.84,2566.03,98.0,ride_hailing,1.15,65,13339.67,FINNA Illustrative Benchmark Survey 2026 (Synthetic),2026,True
Karnataka,Mysuru,Tier 2,3446.44,435.15,5541.26,4673.93,1999.07,2710.84,98.0,freelance_other,0.92,25,1000.0,FINNA Illustrative Benchmark Survey 2026 (Synthetic),2026,True
Karnataka,Mysuru,Tier 2,3561.58,439.71,5766.59,4621.03,2076.98,2584.68,98.0,freelance_other,1.0,25,1000.0,FINNA Illustrative Benchmark Survey 2026 (Synthetic),2026,True
Karnataka,Mysuru,Tier 2,4278.36,662.5,5765.21,4705.49,1982.91,2845.63,98.0,freelance_other,1.15,25,2096.94,FINNA Illustrative Benchmark Survey 2026 (Synthetic),2026,True
Karnataka,Mysuru,Tier 2,4466.13,595.35,5389.01,4372.31,2732.71,2712.04,98.0,freelance_other,0.92,35,2685.98,FINNA Illustrative Benchmark Survey 2026 (Synthetic),2026,True
Karnataka,Mysuru,Tier 2,5006.64,592.19,5739.05,4785.63,2677.87,2671.7,98.0,freelance_other,1.0,35,3772.93,FINNA Illustrative Benchmark Survey 2026 (Synthetic),2026,True
Karnataka,Mysuru,Tier 2,5623.76,735.32,5410.13,4471.56,2784.37,2600.96,98.0,freelance_other,1.15,35,5904.51,FINNA Illustrative Benchmark Survey 2026 (Synthetic),2026,True
Karnataka,Mysuru,Tier 2,5325.49,788.06,5797.26,4761.64,3517.6,2860.16,98.0,freelance_other,0.92,45,3979.76,FINNA Illustrative Benchmark Survey 2026 (Synthetic),2026,True
Karnataka,Mysuru,Tier 2,5921.59,787.45,5482.77,4400.99,3290.71,2773.09,98.0,freelance_other,1.0,45,6300.4,FINNA Illustrative Benchmark Survey 2026 (Synthetic),2026,True
Karnataka,Mysuru,Tier 2,6824.0,817.86,5391.8,4671.52,3291.21,2738.72,98.0,freelance_other,1.15,45,8745.54,FINNA Illustrative Benchmark Survey 2026 (Synthetic),2026,True
Karnataka,Mysuru,Tier 2,6648.46,791.61,5572.36,4653.52,4009.68,2727.27,98.0,freelance_other,0.92,55,7686.25,FINNA Illustrative Benchmark Survey 2026 (Synthetic),2026,True
Karnataka,Mysuru,Tier 2,7039.17,857.86,5497.15,4567.02,3911.65,2617.76,98.0,freelance_other,1.0,55,9025.92,FINNA Illustrative Benchmark Survey 2026 (Synthetic),2026,True
Karnataka,Mysuru,Tier 2,7873.41,1136.83,5564.23,4756.45,3953.84,2775.48,98.0,freelance_other,1.15,55,11077.21,FINNA Illustrative Benchmark Survey 2026 (Synthetic),2026,True
Karnataka,Mysuru,Tier 2,7611.38,972.51,5520.9,4510.52,4753.37,2594.95,98.0,freelance_other,0.92,65,10125.4,FINNA Illustrative Benchmark Survey 2026 (Synthetic),2026,True
Karnataka,Mysuru,Tier 2,8098.97,1218.96,5800.88,4434.4,4748.42,2623.29,98.0,freelance_other,1.0,65,11350.01,FINNA Illustrative Benchmark Survey 2026 (Synthetic),2026,True
Karnataka,Mysuru,Tier 2,9520.47,995.72,5362.22,4378.57,4736.52,2548.11,98.0,freelance_other,1.15,65,15728.84,FINNA Illustrative Benchmark Survey 2026 (Synthetic),2026,True
Karnataka,Mysuru,Tier 2,3334.02,414.45,5650.42,4786.9,2603.13,2714.08,98.0,mixed,0.92,25,1000.0,FINNA Illustrative Benchmark Survey 2026 (Synthetic),2026,True
Karnataka,Mysuru,Tier 2,3744.0,480.45,5754.11,4538.28,2535.05,2788.17,98.0,mixed,1.0,25,1000.0,FINNA Illustrative Benchmark Survey 2026 (Synthetic),2026,True
Karnataka,Mysuru,Tier 2,4217.66,495.41,5580.23,4604.79,2571.03,2700.7,98.0,mixed,1.15,25,1823.72,FINNA Illustrative Benchmark Survey 2026 (Synthetic),2026,True
Karnataka,Mysuru,Tier 2,4421.54,667.12,5771.66,4652.46,3415.5,2704.58,98.0,mixed,0.92,35,1690.69,FINNA Illustrative Benchmark Survey 2026 (Synthetic),2026,True
Karnataka,Mysuru,Tier 2,4723.87,523.16,5851.28,4673.33,3640.63,2776.44,98.0,mixed,1.0,35,2283.24,FINNA Illustrative Benchmark Survey 2026 (Synthetic),2026,True
Karnataka,Mysuru,Tier 2,5448.72,662.17,5442.54,4594.32,3386.59,2657.7,98.0,mixed,1.15,35,4882.67,FINNA Illustrative Benchmark Survey 2026 (Synthetic),2026,True
Karnataka,Mysuru,Tier 2,5167.42,580.85,5828.33,4536.18,4389.33,2685.3,98.0,mixed,0.92,45,3208.26,FINNA Illustrative Benchmark Survey 2026 (Synthetic),2026,True
Karnataka,Mysuru,Tier 2,5618.46,892.41,5501.48,4693.72,4407.52,2806.81,98.0,mixed,1.0,45,4496.96,FINNA Illustrative Benchmark Survey 2026 (Synthetic),2026,True
Karnataka,Mysuru,Tier 2,6884.11,797.17,5624.84,4449.97,4454.09,2656.36,98.0,mixed,1.15,45,8204.91,FINNA Illustrative Benchmark Survey 2026 (Synthetic),2026,True
Karnataka,Mysuru,Tier 2,6400.51,960.9,5609.33,4543.11,5442.66,2705.3,98.0,mixed,0.92,55,6118.98,FINNA Illustrative Benchmark Survey 2026 (Synthetic),2026,True
Karnataka,Mysuru,Tier 2,6791.89,1032.8,5592.64,4591.77,5314.88,2700.6,98.0,mixed,1.0,55,7285.85,FINNA Illustrative Benchmark Survey 2026 (Synthetic),2026,True
Karnataka,Mysuru,Tier 2,7675.41,843.81,5363.17,4666.0,5149.29,2598.56,98.0,mixed,1.15,55,10047.38,FINNA Illustrative Benchmark Survey 2026 (Synthetic),2026,True
Karnataka,Mysuru,Tier 2,7171.3,1025.77,5386.26,4475.96,6278.59,2771.36,98.0,mixed,0.92,65,7890.71,FINNA Illustrative Benchmark Survey 2026 (Synthetic),2026,True
Karnataka,Mysuru,Tier 2,7870.11,1013.11,5437.99,4444.17,6289.47,2545.27,98.0,mixed,1.0,65,9984.44,FINNA Illustrative Benchmark Survey 2026 (Synthetic),2026,True
Karnataka,Mysuru,Tier 2,8732.75,1173.76,5410.23,4659.59,5900.25,2723.42,98.0,mixed,1.15,65,12427.56,FINNA Illustrative Benchmark Survey 2026 (Synthetic),2026,True
Maharashtra,Nagpur,Tier 2,2959.02,341.75,5227.22,4706.21,2556.62,2720.61,96.0,delivery,0.92,25,1000.0,FINNA Illustrative Benchmark Survey 2026 (Synthetic),2026,True
Maharashtra,Nagpur,Tier 2,3206.38,459.07,5487.34,4402.55,2452.4,2683.54,96.0,delivery,1.0,25,1000.0,FINNA Illustrative Benchmark Survey 2026 (Synthetic),2026,True
Maharashtra,Nagpur,Tier 2,3986.21,606.06,5222.11,4648.66,2556.92,2795.46,96.0,delivery,1.15,25,1324.14,FINNA Illustrative Benchmark Survey 2026 (Synthetic),2026,True
Maharashtra,Nagpur,Tier 2,4146.45,459.9,5486.21,4394.03,3495.13,2649.03,96.0,delivery,0.92,35,1254.32,FINNA Illustrative Benchmark Survey 2026 (Synthetic),2026,True
Maharashtra,Nagpur,Tier 2,4378.0,592.94,5254.1,4448.46,3326.03,2603.56,96.0,delivery,1.0,35,2160.98,FINNA Illustrative Benchmark Survey 2026 (Synthetic),2026,True
Maharashtra,Nagpur,Tier 2,5198.89,677.22,5356.69,4342.3,3322.66,2692.18,96.0,delivery,1.15,35,4418.29,FINNA Illustrative Benchmark Survey 2026 (Synthetic),2026,True
Maharashtra,Nagpur,Tier 2,5013.61,513.1,5553.29,4501.5,4173.27,2694.25,96.0,delivery,0.92,45,3111.3,FINNA Illustrative Benchmark Survey 2026 (Synthetic),2026,True
Maharashtra,Nagpur,Tier 2,5240.3,713.77,5576.86,4678.64,4399.67,2748.35,96.0,delivery,1.0,45,3436.54,FINNA Illustrative Benchmark Survey 2026 (Synthetic),2026,True
Maharashtra,Nagpur,Tier 2,6220.95,760.34,5153.46,4513.42,4211.84,2797.95,96.0,delivery,1.15,45,6669.03,FINNA Illustrative Benchmark Survey 2026 (Synthetic),2026,True
Maharashtra,Nagpur,Tier 2,5992.25,736.29,5448.09,4608.63,5265.04,2763.73,96.0,delivery,0.92,55,5109.62,FINNA Illustrative Benchmark Survey 2026 (Synthetic),2026,True
Maharashtra,Nagpur,Tier 2,6160.99,665.59,5387.66,4379.63,5305.27,2629.78,96.0,delivery,1.0,55,5833.59,FINNA Illustrative Benchmark Survey 2026 (Synthetic),2026,True
Maharashtra,Nagpur,Tier 2,7541.39,939.04,5232.07,4594.12,5276.54,2725.27,96.0,delivery,1.15,55,9637.04,FINNA Illustrative Benchmark Survey 2026 (Synthetic),2026,True
Maharashtra,Nagpur,Tier 2,6511.05,653.92,5483.45,4584.5,5905.55,2655.38,96.0,delivery,0.92,65,6216.58,FINNA Illustrative Benchmark Survey 2026 (Synthetic),2026,True
Maharashtra,Nagpur,Tier 2,7098.81,987.41,5266.96,4659.74,5957.17,2656.47,96.0,delivery,1.0,65,7928.38,FINNA Illustrative Benchmark Survey 2026 (Synthetic),2026,True
Maharashtra,Nagpur,Tier 2,8244.75,1161.16,5537.68,4460.95,6129.9,2694.32,96.0,delivery,1.15,65,10970.0,FINNA Illustrative Benchmark Survey 2026 (Synthetic),2026,True
Maharashtra,Nagpur,Tier 2,3400.5,453.27,5267.04,4412.99,2982.0,2766.58,96.0,ride_hailing,0.92,25,1000.0,FINNA Illustrative Benchmark Survey 2026 (Synthetic),2026,True
Maharashtra,Nagpur,Tier 2,3805.43,575.76,5486.01,4611.52,3006.69,2764.58,96.0,ride_hailing,1.0,25,1000.0,FINNA Illustrative Benchmark Survey 2026 (Synthetic),2026,True
Maharashtra,Nagpur,Tier 2,4179.01,471.67,5346.3,4427.3,3031.81,2763.85,96.0,ride_hailing,1.15,25,1641.8,FINNA Illustrative Benchmark Survey 2026 (Synthetic),2026,True
Maharashtra,Nagpur,Tier 2,4602.85,504.68,5650.87,4277.38,3953.84,2585.09,96.0,ride_hailing,0.92,35,2251.05,FINNA Illustrative Benchmark Survey 2026 (Synthetic),2026,True
Maharashtra,Nagpur,Tier 2,5089.36,641.88,5164.6,4374.8,3950.23,2550.23,96.0,ride_hailing,1.0,35,3898.09,FINNA Illustrative Benchmark Survey 2026 (Synthetic),2026,True
Maharashtra,Nagpur,Tier 2,5607.55,891.98,5461.54,4509.45,4156.75,2731.58,96.0,ride_hailing,1.15,35,4823.89,FINNA Illustrative Benchmark Survey 2026 (Synthetic),2026,True
Maharashtra,Nagpur,Tier 2,5762.56,859.85,5475.76,4472.54,5002.7,2750.83,96.0,ride_hailing,0.92,45,4712.54,FINNA Illustrative Benchmark Survey 2026 (Synthetic),2026,True
Maharashtra,Nagpur,Tier 2,6195.04,725.81,5148.15,4544.78,5131.48,2613.06,96.0,ride_hailing,1.0,45,6101.58,FINNA Illustrative Benchmark Survey 2026 (Synthetic),2026,True
Maharashtra,Nagpur,Tier 2,6771.29,691.78,5259.2,4275.13,4984.55,2860.97,96.0,ride_hailing,1.15,45,7760.89,FINNA Illustrative Benchmark Survey 2026 (Synthetic),2026,True
Maharashtra,Nagpur,Tier 2,6706.14,812.7,5343.38,4538.74,6148.16,2776.76,96.0,ride_hailing,0.92,55,6649.86,FINNA Illustrative Benchmark Survey 2026 (Synthetic),2026,True
Maharashtra,Nagpur,Tier 2,6883.71,725.61,5283.63,4648.39,6343.28,2650.78,96.0,ride_hailing,1.0,55,7072.25,FINNA Illustrative Benchmark Survey 2026 (Synthetic),2026,True
Maharashtra,Nagpur,Tier 2,8503.11,991.38,5457.44,4362.54,6350.5,2724.27,96.0,ride_hailing,1.15,55,11650.42,FINNA Illustrative Benchmark Survey 2026 (Synthetic),2026,True
Maharashtra,Nagpur,Tier 2,7378.6,918.11,5187.49,4307.57,7018.05,2844.83,96.0,ride_hailing,0.92,65,8184.41,FINNA Illustrative Benchmark Survey 2026 (Synthetic),2026,True
Maharashtra,Nagpur,Tier 2,8374.64,1318.19,5603.1,4640.92,7178.26,2762.92,96.0,ride_hailing,1.0,65,10450.04,FINNA Illustrative Benchmark Survey 2026 (Synthetic),2026,True
Maharashtra,Nagpur,Tier 2,9753.54,1304.93,5545.78,4615.86,7398.8,2686.67,96.0,ride_hailing,1.15,65,14290.72,FINNA Illustrative Benchmark Survey 2026 (Synthetic),2026,True
Maharashtra,Nagpur,Tier 2,3303.05,446.6,5144.77,4327.32,1982.29,2743.31,96.0,freelance_other,0.92,25,1000.0,FINNA Illustrative Benchmark Survey 2026 (Synthetic),2026,True
Maharashtra,Nagpur,Tier 2,3743.98,526.46,5254.16,4417.08,2128.14,2705.35,96.0,freelance_other,1.0,25,1109.36,FINNA Illustrative Benchmark Survey 2026 (Synthetic),2026,True
Maharashtra,Nagpur,Tier 2,3979.38,596.63,5264.06,4316.85,2081.86,2804.03,96.0,freelance_other,1.15,25,1796.55,FINNA Illustrative Benchmark Survey 2026 (Synthetic),2026,True
Maharashtra,Nagpur,Tier 2,4218.14,657.54,5387.34,4434.09,2867.22,2625.18,96.0,freelance_other,0.92,35,1917.97,FINNA Illustrative Benchmark Survey 2026 (Synthetic),2026,True
Maharashtra,Nagpur,Tier 2,4915.66,693.04,5621.36,4499.55,2712.76,2776.28,96.0,freelance_other,1.0,35,3688.66,FINNA Illustrative Benchmark Survey 2026 (Synthetic),2026,True
Maharashtra,Nagpur,Tier 2,5620.54,631.79,5239.49,4387.36,2805.91,2588.54,96.0,freelance_other,1.15,35,6055.16,FINNA Illustrative Benchmark Survey 2026 (Synthetic),2026,True
Maharashtra,Nagpur,Tier 2,5196.62,806.57,5494.94,4573.54,3516.73,2785.62,96.0,freelance_other,0.92,45,3984.85,FINNA Illustrative Benchmark Survey 2026 (Synthetic),2026,True
Maharashtra,Nagpur,Tier 2,5851.35,599.97,5390.44,4554.3,3482.86,2857.26,96.0,freelance_other,1.0,45,5883.47,FINNA Illustrative Benchmark Survey 2026 (Synthetic),2026,True
Maharashtra,Nagpur,Tier 2,6919.81,1052.68,5395.03,4717.98,3600.98,2628.81,96.0,freelance_other,1.15,45,8852.99,FINNA Illustrative Benchmark Survey 2026 (Synthetic),2026,True
Maharashtra,Nagpur,Tier 2,6184.49,832.43,5159.24,4634.67,4167.58,2713.21,96.0,freelance_other,0.92,55,6567.69,FINNA Illustrative Benchmark Survey 2026 (Synthetic),2026,True
Maharashtra,Nagpur,Tier 2,6876.49,850.09,5500.62,4353.66,4333.97,2764.23,96.0,freelance_other,1.0,55,8334.77,FINNA Illustrative Benchmark Survey 2026 (Synthetic),2026,True
Maharashtra,Nagpur,Tier 2,7881.14,1114.02,5136.38,4369.84,4201.88,2643.44,96.0,freelance_other,1.15,55,11552.97,FINNA Illustrative Benchmark Survey 2026 (Synthetic),2026,True
Maharashtra,Nagpur,Tier 2,7319.15,845.96,5426.22,4381.71,4841.02,2736.64,96.0,freelance_other,0.92,65,9299.11,FINNA Illustrative Benchmark Survey 2026 (Synthetic),2026,True
Maharashtra,Nagpur,Tier 2,7799.9,1013.41,5243.69,4590.32,4802.58,2814.8,96.0,freelance_other,1.0,65,10609.42,FINNA Illustrative Benchmark Survey 2026 (Synthetic),2026,True
Maharashtra,Nagpur,Tier 2,8907.28,986.87,5200.82,4534.15,4746.78,2570.36,96.0,freelance_other,1.15,65,13985.67,FINNA Illustrative Benchmark Survey 2026 (Synthetic),2026,True
Maharashtra,Nagpur,Tier 2,3192.25,364.39,5363.4,4446.4,2581.96,2848.76,96.0,mixed,0.92,25,1000.0,FINNA Illustrative Benchmark Survey 2026 (Synthetic),2026,True
Maharashtra,Nagpur,Tier 2,3435.79,509.67,5225.37,4499.82,2762.59,2813.2,96.0,mixed,1.0,25,1000.0,FINNA Illustrative Benchmark Survey 2026 (Synthetic),2026,True
Maharashtra,Nagpur,Tier 2,4070.66,583.06,5554.08,4410.02,2670.45,2721.98,96.0,mixed,1.15,25,1475.13,FINNA Illustrative Benchmark Survey 2026 (Synthetic),2026,True
Maharashtra,Nagpur,Tier 2,4250.55,601.17,5162.42,4641.22,3590.3,2742.08,96.0,mixed,0.92,35,1474.76,FINNA Illustrative Benchmark Survey 2026 (Synthetic),2026,True
Maharashtra,Nagpur,Tier 2,4639.33,557.09,5324.92,4527.16,3721.32,2621.5,96.0,mixed,1.0,35,2530.71,FINNA Illustrative Benchmark Survey 2026 (Synthetic),2026,True
Maharashtra,Nagpur,Tier 2,5150.95,552.56,5598.38,4708.4,3510.42,2724.59,96.0,mixed,1.15,35,3745.19,FINNA Illustrative Benchmark Survey 2026 (Synthetic),2026,True
Maharashtra,Nagpur,Tier 2,5328.91,588.7,5551.37,4434.8,4572.49,2695.95,96.0,mixed,0.92,45,3782.72,FINNA Illustrative Benchmark Survey 2026 (Synthetic),2026,True
Maharashtra,Nagpur,Tier 2,5832.31,894.55,5335.78,4403.94,4557.52,2584.93,96.0,mixed,1.0,45,5441.63,FINNA Illustrative Benchmark Survey 2026 (Synthetic),2026,True
Maharashtra,Nagpur,Tier 2,6407.54,951.28,5312.19,4559.07,4535.85,2813.04,96.0,mixed,1.15,45,6840.92,FINNA Illustrative Benchmark Survey 2026 (Synthetic),2026,True
Maharashtra,Nagpur,Tier 2,5995.1,657.78,5253.24,4417.6,5312.53,2624.66,96.0,mixed,0.92,55,5427.99,FINNA Illustrative Benchmark Survey 2026 (Synthetic),2026,True
Maharashtra,Nagpur,Tier 2,6825.89,793.68,5370.25,4663.26,5343.57,2728.16,96.0,mixed,1.0,55,7443.06,FINNA Illustrative Benchmark Survey 2026 (Synthetic),2026,True
Maharashtra,Nagpur,Tier 2,8048.98,1004.83,5229.3,4285.4,5501.16,2752.5,96.0,mixed,1.15,55,11104.42,FINNA Illustrative Benchmark Survey 2026 (Synthetic),2026,True
Maharashtra,Nagpur,Tier 2,7370.23,1046.88,5173.23,4350.11,6079.82,2558.67,96.0,mixed,0.92,65,8938.32,FINNA Illustrative Benchmark Survey 2026 (Synthetic),2026,True
Maharashtra,Nagpur,Tier 2,7972.89,1059.65,5144.24,4453.66,6412.36,2564.97,96.0,mixed,1.0,65,10365.8,FINNA Illustrative Benchmark Survey 2026 (Synthetic),2026,True
Maharashtra,Nagpur,Tier 2,8730.11,954.34,5483.61,4673.46,6183.48,2618.16,96.0,mixed,1.15,65,12247.73,FINNA Illustrative Benchmark Survey 2026 (Synthetic),2026,True
Maharashtra,Nashik,Tier 2,2959.21,407.15,5104.58,4548.95,2381.27,2651.03,95.0,delivery,0.92,25,1000.0,FINNA Illustrative Benchmark Survey 2026 (Synthetic),2026,True
Maharashtra,Nashik,Tier 2,3367.41,402.45,5287.36,4608.99,2482.63,2528.99,95.0,delivery,1.0,25,1000.0,FINNA Illustrative Benchmark Survey 2026 (Synthetic),2026,True
Maharashtra,Nashik,Tier 2,3747.4,592.74,5404.74,4257.9,2493.91,2640.89,95.0,delivery,1.15,25,1000.0,FINNA Illustrative Benchmark Survey 2026 (Synthetic),2026,True
Maharashtra,Nashik,Tier 2,4011.07,536.84,5312.43,4461.39,3298.8,2552.32,95.0,delivery,0.92,35,1132.95,FINNA Illustrative Benchmark Survey 2026 (Synthetic),2026,True
Maharashtra,Nashik,Tier 2,4326.67,641.57,5269.19,4340.94,3285.44,2538.71,95.0,delivery,1.0,35,2145.13,FINNA Illustrative Benchmark Survey 2026 (Synthetic),2026,True
Maharashtra,Nashik,Tier 2,4761.57,709.11,5484.41,4331.31,3341.55,2446.59,95.0,delivery,1.15,35,3258.93,FINNA Illustrative Benchmark Survey 2026 (Synthetic),2026,True
Maharashtra,Nashik,Tier 2,5040.65,790.46,5287.85,4184.02,4176.63,2535.39,95.0,delivery,0.92,45,3667.38,FINNA Illustrative Benchmark Survey 2026 (Synthetic),2026,True
Maharashtra,Nashik,Tier 2,5186.04,520.85,5233.03,4361.16,4220.35,2567.16,95.0,delivery,1.0,45,3948.0,FINNA Illustrative Benchmark Survey 2026 (Synthetic),2026,True
Maharashtra,Nashik,Tier 2,5930.81,855.38,5241.55,4346.48,4120.36,2575.74,95.0,delivery,1.15,45,6107.58,FINNA Illustrative Benchmark Survey 2026 (Synthetic),2026,True
Maharashtra,Nashik,Tier 2,5628.37,821.02,5517.28,4535.33,5105.67,2532.82,95.0,delivery,0.92,55,4341.83,FINNA Illustrative Benchmark Survey 2026 (Synthetic),2026,True
Maharashtra,Nashik,Tier 2,6369.4,946.04,5253.84,4555.53,4903.52,2534.35,95.0,delivery,1.0,55,6715.97,FINNA Illustrative Benchmark Survey 2026 (Synthetic),2026,True
Maharashtra,Nashik,Tier 2,7263.85,995.61,5179.23,4454.01,4905.68,2450.05,95.0,delivery,1.15,55,9401.28,FINNA Illustrative Benchmark Survey 2026 (Synthetic),2026,True
Maharashtra,Nashik,Tier 2,6354.51,839.42,5133.55,4225.0,5739.66,2667.14,95.0,delivery,0.92,65,6337.29,FINNA Illustrative Benchmark Survey 2026 (Synthetic),2026,True
Maharashtra,Nashik,Tier 2,7295.42,831.45,5114.86,4397.18,5773.68,2541.21,95.0,delivery,1.0,65,8945.46,FINNA Illustrative Benchmark Survey 2026 (Synthetic),2026,True
Maharashtra,Nashik,Tier 2,8437.43,1348.96,5280.75,4528.23,5768.22,2707.19,95.0,delivery,1.15,65,11862.29,FINNA Illustrative Benchmark Survey 2026 (Synthetic),2026,True
Maharashtra,Nashik,Tier 2,3494.4,361.19,5446.1,4211.41,2938.91,2503.96,95.0,ride_hailing,0.92,25,1000.0,FINNA Illustrative Benchmark Survey 2026 (Synthetic),2026,True
Maharashtra,Nashik,Tier 2,3765.98,561.26,5473.97,4233.66,3009.14,2521.68,95.0,ride_hailing,1.0,25,1000.0,FINNA Illustrative Benchmark Survey 2026 (Synthetic),2026,True
Maharashtra,Nashik,Tier 2,4307.16,545.19,5425.94,4194.74,2936.72,2684.55,95.0,ride_hailing,1.15,25,2215.23,FINNA Illustrative Benchmark Survey 2026 (Synthetic),2026,True
Maharashtra,Nashik,Tier 2,4451.61,707.48,5285.6,4479.83,3927.92,2544.8,95.0,ride_hailing,0.92,35,1974.26,FINNA Illustrative Benchmark Survey 2026 (Synthetic),2026,True
Maharashtra,Nashik,Tier 2,4880.45,500.4,5531.83,4409.21,3909.16,2643.22,95.0,ride_hailing,1.0,35,3015.3,FINNA Illustrative Benchmark Survey 2026 (Synthetic),2026,True
Maharashtra,Nashik,Tier 2,5421.23,830.81,5492.74,4275.83,3864.37,2641.47,95.0,ride_hailing,1.15,35,4679.69,FINNA Illustrative Benchmark Survey 2026 (Synthetic),2026,True
Maharashtra,Nashik,Tier 2,5384.45,592.51,5181.33,4232.65,5115.66,2446.79,95.0,ride_hailing,0.92,45,4119.86,FINNA Illustrative Benchmark Survey 2026 (Synthetic),2026,True
Maharashtra,Nashik,Tier 2,5718.5,840.67,5286.89,4442.33,4948.56,2471.92,95.0,ride_hailing,1.0,45,4947.41,FINNA Illustrative Benchmark Survey 2026 (Synthetic),2026,True
Maharashtra,Nashik,Tier 2,6639.47,700.36,5362.88,4589.57,5198.79,2639.04,95.0,ride_hailing,1.15,45,7123.11,FINNA Illustrative Benchmark Survey 2026 (Synthetic),2026,True
Maharashtra,Nashik,Tier 2,6211.18,861.33,5406.7,4528.25,5810.41,2516.59,95.0,ride_hailing,0.92,55,5611.1,FINNA Illustrative Benchmark Survey 2026 (Synthetic),2026,True
Maharashtra,Nashik,Tier 2,7267.38,1070.58,5436.05,4534.43,5960.34,2504.21,95.0,ride_hailing,1.0,55,8471.27,FINNA Illustrative Benchmark Survey 2026 (Synthetic),2026,True
Maharashtra,Nashik,Tier 2,8169.22,992.48,5106.41,4575.41,5982.66,2580.5,95.0,ride_hailing,1.15,55,11133.03,FINNA Illustrative Benchmark Survey 2026 (Synthetic),2026,True
Maharashtra,Nashik,Tier 2,7261.81,1029.89,5135.58,4262.12,6876.63,2672.51,95.0,ride_hailing,0.92,65,8122.92,FINNA Illustrative Benchmark Survey 2026 (Synthetic),2026,True
Maharashtra,Nashik,Tier 2,7880.82,1181.18,5519.67,4423.99,6721.37,2492.37,95.0,ride_hailing,1.0,65,9728.26,FINNA Illustrative Benchmark Survey 2026 (Synthetic),2026,True
Maharashtra,Nashik,Tier 2,9077.97,1051.24,5229.57,4180.32,7038.34,2562.26,95.0,ride_hailing,1.15,65,13193.13,FINNA Illustrative Benchmark Survey 2026 (Synthetic),2026,True
Maharashtra,Nashik,Tier 2,3170.29,320.59,5489.12,4521.45,1961.38,2668.95,95.0,freelance_other,0.92,25,1000.0,FINNA Illustrative Benchmark Survey 2026 (Synthetic),2026,True
Maharashtra,Nashik,Tier 2,3579.66,473.72,5240.37,4410.59,2002.85,2616.06,95.0,freelance_other,1.0,25,1000.0,FINNA Illustrative Benchmark Survey 2026 (Synthetic),2026,True
Maharashtra,Nashik,Tier 2,4101.89,489.59,5374.68,4228.6,2006.96,2464.8,95.0,freelance_other,1.15,25,2395.99,FINNA Illustrative Benchmark Survey 2026 (Synthetic),2026,True
Maharashtra,Nashik,Tier 2,4400.29,474.29,5497.95,4268.91,2708.57,2474.81,95.0,freelance_other,0.92,35,2666.96,FINNA Illustrative Benchmark Survey 2026 (Synthetic),2026,True
Maharashtra,Nashik,Tier 2,4684.48,703.51,5383.7,4411.36,2755.42,2523.85,95.0,freelance_other,1.0,35,3386.15,FINNA Illustrative Benchmark Survey 2026 (Synthetic),2026,True
Maharashtra,Nashik,Tier 2,5299.45,722.62,5072.56,4589.29,2648.56,2597.32,95.0,freelance_other,1.15,35,5225.28,FINNA Illustrative Benchmark Survey 2026 (Synthetic),2026,True
Maharashtra,Nashik,Tier 2,5430.28,569.08,5459.54,4206.71,3415.78,2736.73,95.0,freelance_other,0.92,45,5001.33,FINNA Illustrative Benchmark Survey 2026 (Synthetic),2026,True
Maharashtra,Nashik,Tier 2,5685.51,694.45,5410.47,4542.4,3336.3,2456.68,95.0,freelance_other,1.0,45,5767.07,FINNA Illustrative Benchmark Survey 2026 (Synthetic),2026,True
Maharashtra,Nashik,Tier 2,6356.36,751.54,5535.64,4602.66,3290.42,2670.25,95.0,freelance_other,1.15,45,7425.64,FINNA Illustrative Benchmark Survey 2026 (Synthetic),2026,True
Maharashtra,Nashik,Tier 2,6223.71,693.12,5313.88,4289.46,4113.83,2499.82,95.0,freelance_other,0.92,55,6975.59,FINNA Illustrative Benchmark Survey 2026 (Synthetic),2026,True
Maharashtra,Nashik,Tier 2,6882.33,859.68,5090.92,4460.99,4026.72,2587.12,95.0,freelance_other,1.0,55,8862.58,FINNA Illustrative Benchmark Survey 2026 (Synthetic),2026,True
Maharashtra,Nashik,Tier 2,7862.56,1202.73,5123.41,4259.37,4040.92,2549.3,95.0,freelance_other,1.15,55,11746.73,FINNA Illustrative Benchmark Survey 2026 (Synthetic),2026,True
Maharashtra,Nashik,Tier 2,6924.69,1107.3,5269.8,4335.02,4663.8,2753.34,95.0,freelance_other,0.92,65,8425.27,FINNA Illustrative Benchmark Survey 2026 (Synthetic),2026,True
Maharashtra,Nashik,Tier 2,7629.9,933.16,5440.02,4369.46,4819.33,2633.82,95.0,freelance_other,1.0,65,10253.64,FINNA Illustrative Benchmark Survey 2026 (Synthetic),2026,True
Maharashtra,Nashik,Tier 2,8944.18,1009.22,5440.83,4587.5,4640.67,2744.04,95.0,freelance_other,1.15,65,13854.92,FINNA Illustrative Benchmark Survey 2026 (Synthetic),2026,True
Maharashtra,Nashik,Tier 2,3178.47,393.58,5419.95,4612.5,2612.29,2605.49,95.0,mixed,0.92,25,1000.0,FINNA Illustrative Benchmark Survey 2026 (Synthetic),2026,True
Maharashtra,Nashik,Tier 2,3606.38,425.95,5194.18,4277.63,2666.21,2450.77,95.0,mixed,1.0,25,1000.0,FINNA Illustrative Benchmark Survey 2026 (Synthetic),2026,True
Maharashtra,Nashik,Tier 2,4092.61,578.63,5181.26,4423.61,2604.11,2732.89,95.0,mixed,1.15,25,1806.44,FINNA Illustrative Benchmark Survey 2026 (Synthetic),2026,True
Maharashtra,Nashik,Tier 2,4089.84,418.24,5223.5,4240.9,3472.0,2625.63,95.0,mixed,0.92,35,1395.54,FINNA Illustrative Benchmark Survey 2026 (Synthetic),2026,True
Maharashtra,Nashik,Tier 2,4474.1,665.14,5083.71,4355.91,3626.64,2673.09,95.0,mixed,1.0,35,2361.78,FINNA Illustrative Benchmark Survey 2026 (Synthetic),2026,True
Maharashtra,Nashik,Tier 2,5351.56,789.75,5126.64,4543.31,3562.55,2623.78,95.0,mixed,1.15,35,4755.38,FINNA Illustrative Benchmark Survey 2026 (Synthetic),2026,True
Maharashtra,Nashik,Tier 2,5337.12,724.32,5194.21,4501.55,4426.85,2468.48,95.0,mixed,0.92,45,4237.12,FINNA Illustrative Benchmark Survey 2026 (Synthetic),2026,True
Maharashtra,Nashik,Tier 2,5418.41,792.46,5219.4,4539.54,4370.62,2714.76,95.0,mixed,1.0,45,4301.31,FINNA Illustrative Benchmark Survey 2026 (Synthetic),2026,True
Maharashtra,Nashik,Tier 2,6651.83,755.67,5380.97,4445.01,4228.02,2686.55,95.0,mixed,1.15,45,7840.22,FINNA Illustrative Benchmark Survey 2026 (Synthetic),2026,True
Maharashtra,Nashik,Tier 2,6035.74,713.95,5056.83,4417.57,5123.17,2600.75,95.0,mixed,0.92,55,5808.68,FINNA Illustrative Benchmark Survey 2026 (Synthetic),2026,True
Maharashtra,Nashik,Tier 2,6474.92,667.12,5422.74,4352.87,5248.0,2629.68,95.0,mixed,1.0,55,6749.02,FINNA Illustrative Benchmark Survey 2026 (Synthetic),2026,True
Maharashtra,Nashik,Tier 2,7619.16,863.44,5188.59,4353.5,5115.84,2469.75,95.0,mixed,1.15,55,10311.13,FINNA Illustrative Benchmark Survey 2026 (Synthetic),2026,True
Maharashtra,Nashik,Tier 2,7027.47,723.54,5246.57,4217.43,6126.98,2685.43,95.0,mixed,0.92,65,7899.15,FINNA Illustrative Benchmark Survey 2026 (Synthetic),2026,True
Maharashtra,Nashik,Tier 2,7370.56,796.7,5331.43,4394.66,6200.71,2505.18,95.0,mixed,1.0,65,8763.65,FINNA Illustrative Benchmark Survey 2026 (Synthetic),2026,True
Maharashtra,Nashik,Tier 2,8815.48,1270.66,5165.51,4211.52,6261.73,2544.9,95.0,mixed,1.15,65,12991.79,FINNA Illustrative Benchmark Survey 2026 (Synthetic),2026,True
Gujarat,Surat,Tier 2,3524.58,371.41,6306.48,4862.53,2627.91,2837.62,105.0,delivery,0.92,25,1000.0,FINNA Illustrative Benchmark Survey 2026 (Synthetic),2026,True
Gujarat,Surat,Tier 2,3733.17,378.74,6078.99,5138.95,2684.92,3070.58,105.0,delivery,1.0,25,1000.0,FINNA Illustrative Benchmark Survey 2026 (Synthetic),2026,True
Gujarat,Surat,Tier 2,4241.44,461.25,5917.82,5055.9,2596.28,2856.09,105.0,delivery,1.15,25,1260.57,FINNA Illustrative Benchmark Survey 2026 (Synthetic),2026,True
Gujarat,Surat,Tier 2,4584.63,693.04,5959.67,4681.72,3730.37,3048.5,105.0,delivery,0.92,35,1580.27,FINNA Illustrative Benchmark Survey 2026 (Synthetic),2026,True
Gujarat,Surat,Tier 2,5026.66,750.02,5898.51,4994.96,3489.05,2882.62,105.0,delivery,1.0,35,2925.19,FINNA Illustrative Benchmark Survey 2026 (Synthetic),2026,True
Gujarat,Surat,Tier 2,5400.63,607.79,6223.56,4754.86,3607.74,2816.01,105.0,delivery,1.15,35,3888.66,FINNA Illustrative Benchmark Survey 2026 (Synthetic),2026,True
Gujarat,Surat,Tier 2,5512.5,792.67,5977.64,4997.39,4341.04,2928.89,105.0,delivery,0.92,45,3655.71,FINNA Illustrative Benchmark Survey 2026 (Synthetic),2026,True
Gujarat,Surat,Tier 2,6078.49,623.71,5995.6,4794.17,4619.45,2941.05,105.0,delivery,1.0,45,5180.23,FINNA Illustrative Benchmark Survey 2026 (Synthetic),2026,True
Gujarat,Surat,Tier 2,6653.3,926.71,5895.17,4845.44,4432.4,3022.52,105.0,delivery,1.15,45,6898.62,FINNA Illustrative Benchmark Survey 2026 (Synthetic),2026,True
Gujarat,Surat,Tier 2,6590.67,1000.84,5901.83,5080.03,5473.35,2806.45,105.0,delivery,0.92,55,6029.36,FINNA Illustrative Benchmark Survey 2026 (Synthetic),2026,True
Gujarat,Surat,Tier 2,7005.67,1111.08,5951.75,4809.57,5567.4,2910.98,105.0,delivery,1.0,55,7211.65,FINNA Illustrative Benchmark Survey 2026 (Synthetic),2026,True
Gujarat,Surat,Tier 2,7930.09,1031.22,6173.95,5108.91,5201.65,2812.09,105.0,delivery,1.15,55,9776.45,FINNA Illustrative Benchmark Survey 2026 (Synthetic),2026,True
Gujarat,Surat,Tier 2,7480.22,897.73,6133.91,4731.93,6209.15,2848.47,105.0,delivery,0.92,65,8102.83,FINNA Illustrative Benchmark Survey 2026 (Synthetic),2026,True
Gujarat,Surat,Tier 2,8192.85,935.4,6496.51,4900.61,6443.05,2943.78,105.0,delivery,1.0,65,9549.21,FINNA Illustrative Benchmark Survey 2026 (Synthetic),2026,True
Gujarat,Surat,Tier 2,9610.92,1474.55,6395.21,4669.44,6313.83,2823.51,105.0,delivery,1.15,65,13918.64,FINNA Illustrative Benchmark Survey 2026 (Synthetic),2026,True
Gujarat,Surat,Tier 2,3711.6,570.96,6297.3,4698.02,3137.05,3060.29,105.0,ride_hailing,0.92,25,1000.0,FINNA Illustrative Benchmark Survey 2026 (Synthetic),2026,True
Gujarat,Surat,Tier 2,4187.31,575.89,6031.01,4772.78,3078.92,3063.75,105.0,ride_hailing,1.0,25,1000.0,FINNA Illustrative Benchmark Survey 2026 (Synthetic),2026,True
Gujarat,Surat,Tier 2,4928.91,590.27,6226.18,4756.31,3075.32,2914.39,105.0,ride_hailing,1.15,25,2840.49,FINNA Illustrative Benchmark Survey 2026 (Synthetic),2026,True
Gujarat,Surat,Tier 2,5151.84,781.82,6081.58,5000.52,4295.11,2773.07,105.0,ride_hailing,0.92,35,2702.17,FINNA Illustrative Benchmark Survey 2026 (Synthetic),2026,True
Gujarat,Surat,Tier 2,5685.39,901.4,5979.99,5112.18,4430.0,2836.49,105.0,ride_hailing,1.0,35,4068.4,FINNA Illustrative Benchmark Survey 2026 (Synthetic),2026,True
Gujarat,Surat,Tier 2,6317.66,991.34,5963.4,4810.62,4417.15,2979.02,105.0,ride_hailing,1.15,35,5970.43,FINNA Illustrative Benchmark Survey 2026 (Synthetic),2026,True
Gujarat,Surat,Tier 2,6313.68,964.78,6146.7,4856.51,5350.49,3050.95,105.0,ride_hailing,0.92,45,5156.83,FINNA Illustrative Benchmark Survey 2026 (Synthetic),2026,True
Gujarat,Surat,Tier 2,6931.88,1081.34,6059.75,5036.76,5205.91,2790.29,105.0,ride_hailing,1.0,45,7099.51,FINNA Illustrative Benchmark Survey 2026 (Synthetic),2026,True
Gujarat,Surat,Tier 2,7890.26,1078.75,6055.45,4932.85,5259.29,2806.8,105.0,ride_hailing,1.15,45,9821.78,FINNA Illustrative Benchmark Survey 2026 (Synthetic),2026,True
Gujarat,Surat,Tier 2,7397.45,899.2,6316.65,4888.54,6440.13,2936.44,105.0,ride_hailing,0.92,55,7441.98,FINNA Illustrative Benchmark Survey 2026 (Synthetic),2026,True
Gujarat,Surat,Tier 2,8056.32,986.4,6418.32,4895.81,6252.21,2793.25,105.0,ride_hailing,1.0,55,9440.78,FINNA Illustrative Benchmark Survey 2026 (Synthetic),2026,True
Gujarat,Surat,Tier 2,8769.33,1279.2,5899.31,4787.23,6394.14,2984.34,105.0,ride_hailing,1.15,55,11639.02,FINNA Illustrative Benchmark Survey 2026 (Synthetic),2026,True
Gujarat,Surat,Tier 2,8684.65,1263.33,5931.0,5109.28,7774.32,3027.76,105.0,ride_hailing,0.92,65,10245.41,FINNA Illustrative Benchmark Survey 2026 (Synthetic),2026,True
Gujarat,Surat,Tier 2,9077.67,1084.72,6173.68,4775.92,7426.62,2740.56,105.0,ride_hailing,1.0,65,11823.2,FINNA Illustrative Benchmark Survey 2026 (Synthetic),2026,True
Gujarat,Surat,Tier 2,10644.42,1307.37,6084.0,4954.64,7628.74,2932.64,105.0,ride_hailing,1.15,65,15918.71,FINNA Illustrative Benchmark Survey 2026 (Synthetic),2026,True
Gujarat,Surat,Tier 2,3689.05,562.75,6377.89,4910.12,2145.15,3013.8,105.0,freelance_other,0.92,25,1000.0,FINNA Illustrative Benchmark Survey 2026 (Synthetic),2026,True
Gujarat,Surat,Tier 2,3855.27,615.88,6211.6,4848.85,2194.0,2920.08,105.0,freelance_other,1.0,25,1000.0,FINNA Illustrative Benchmark Survey 2026 (Synthetic),2026,True
Gujarat,Surat,Tier 2,4607.97,635.16,5920.56,4797.68,2135.92,2831.98,105.0,freelance_other,1.15,25,2773.14,FINNA Illustrative Benchmark Survey 2026 (Synthetic),2026,True
Gujarat,Surat,Tier 2,4978.52,635.66,6151.93,4955.44,2811.24,2905.91,105.0,freelance_other,0.92,35,3076.11,FINNA Illustrative Benchmark Survey 2026 (Synthetic),2026,True
Gujarat,Surat,Tier 2,5122.3,767.29,6170.05,5009.1,2824.91,2997.0,105.0,freelance_other,1.0,35,3366.02,FINNA Illustrative Benchmark Survey 2026 (Synthetic),2026,True
Gujarat,Surat,Tier 2,6276.63,889.82,5973.89,4857.64,2903.67,2788.25,105.0,freelance_other,1.15,35,6925.33,FINNA Illustrative Benchmark Survey 2026 (Synthetic),2026,True
Gujarat,Surat,Tier 2,6004.67,857.22,6015.2,4877.79,3581.92,2966.72,105.0,freelance_other,0.92,45,5563.08,FINNA Illustrative Benchmark Survey 2026 (Synthetic),2026,True
Gujarat,Surat,Tier 2,6691.07,988.87,6335.39,4715.54,3542.18,2882.39,105.0,freelance_other,1.0,45,7472.94,FINNA Illustrative Benchmark Survey 2026 (Synthetic),2026,True
Gujarat,Surat,Tier 2,7370.29,968.67,6128.13,5042.62,3658.41,3056.51,105.0,freelance_other,1.15,45,9118.0,FINNA Illustrative Benchmark Survey 2026 (Synthetic),2026,True
Gujarat,Surat,Tier 2,6959.7,854.9,6366.32,5102.0,4401.41,2955.52,105.0,freelance_other,0.92,55,7351.66,FINNA Illustrative Benchmark Survey 2026 (Synthetic),2026,True
Gujarat,Surat,Tier 2,7425.19,1129.59,6000.9,5003.9,4350.3,2833.71,105.0,freelance_other,1.0,55,9075.47,FINNA Illustrative Benchmark Survey 2026 (Synthetic),2026,True
Gujarat,Surat,Tier 2,8973.67,1137.64,6278.4,4712.6,4249.42,2796.59,105.0,freelance_other,1.15,55,13532.34,FINNA Illustrative Benchmark Survey 2026 (Synthetic),2026,True
Gujarat,Surat,Tier 2,8138.7,937.47,6174.36,5074.15,5106.54,2728.0,105.0,freelance_other,0.92,65,10502.39,FINNA Illustrative Benchmark Survey 2026 (Synthetic),2026,True
Gujarat,Surat,Tier 2,9028.73,1031.74,6255.09,4888.1,5052.25,2753.63,105.0,freelance_other,1.0,65,13094.47,FINNA Illustrative Benchmark Survey 2026 (Synthetic),2026,True
Gujarat,Surat,Tier 2,10155.27,1164.63,6229.35,4958.69,5112.26,3013.19,105.0,freelance_other,1.15,65,16028.24,FINNA Illustrative Benchmark Survey 2026 (Synthetic),2026,True
Gujarat,Surat,Tier 2,3483.05,379.29,6295.03,4672.99,2865.75,2958.11,105.0,mixed,0.92,25,1000.0,FINNA Illustrative Benchmark Survey 2026 (Synthetic),2026,True
Gujarat,Surat,Tier 2,4033.87,475.62,6460.64,4679.03,2768.35,2788.03,105.0,mixed,1.0,25,1000.0,FINNA Illustrative Benchmark Survey 2026 (Synthetic),2026,True
Gujarat,Surat,Tier 2,4578.99,625.79,6318.74,4946.53,2850.92,2787.74,105.0,mixed,1.15,25,1900.01,FINNA Illustrative Benchmark Survey 2026 (Synthetic),2026,True
Gujarat,Surat,Tier 2,4744.52,639.27,6467.52,4700.63,3711.94,2854.26,105.0,mixed,0.92,35,1826.12,FINNA Illustrative Benchmark Survey 2026 (Synthetic),2026,True
Gujarat,Surat,Tier 2,5125.45,533.35,6154.94,4924.73,3709.99,2772.82,105.0,mixed,1.0,35,3009.97,FINNA Illustrative Benchmark Survey 2026 (Synthetic),2026,True
Gujarat,Surat,Tier 2,6044.58,703.98,6216.77,4912.08,3831.62,2938.99,105.0,mixed,1.15,35,5377.82,FINNA Illustrative Benchmark Survey 2026 (Synthetic),2026,True
Gujarat,Surat,Tier 2,5668.32,815.01,6279.97,5138.72,4723.82,2965.65,105.0,mixed,0.92,45,3533.18,FINNA Illustrative Benchmark Survey 2026 (Synthetic),2026,True
Gujarat,Surat,Tier 2,6580.76,1047.5,6068.06,4953.33,4660.56,2908.84,105.0,mixed,1.0,45,6437.54,FINNA Illustrative Benchmark Survey 2026 (Synthetic),2026,True
Gujarat,Surat,Tier 2,7603.65,921.8,5970.42,4930.69,4737.46,2945.89,105.0,mixed,1.15,45,9320.57,FINNA Illustrative Benchmark Survey 2026 (Synthetic),2026,True
Gujarat,Surat,Tier 2,6893.62,763.77,6267.83,5002.21,5883.51,2726.55,105.0,mixed,0.92,55,6480.03,FINNA Illustrative Benchmark Survey 2026 (Synthetic),2026,True
Gujarat,Surat,Tier 2,7212.05,991.86,5963.11,5070.55,5802.05,3073.65,105.0,mixed,1.0,55,7357.23,FINNA Illustrative Benchmark Survey 2026 (Synthetic),2026,True
Gujarat,Surat,Tier 2,8562.91,1027.78,6237.46,4967.38,5444.73,2796.01,105.0,mixed,1.15,55,11460.68,FINNA Illustrative Benchmark Survey 2026 (Synthetic),2026,True
Gujarat,Surat,Tier 2,7772.23,1145.72,6080.82,4903.28,6492.78,2728.13,105.0,mixed,0.92,65,8741.68,FINNA Illustrative Benchmark Survey 2026 (Synthetic),2026,True
Gujarat,Surat,Tier 2,8726.11,1051.34,6339.13,4956.84,6337.47,2787.12,105.0,mixed,1.0,65,11286.27,FINNA Illustrative Benchmark Survey 2026 (Synthetic),2026,True
Gujarat,Surat,Tier 2,9753.96,1173.17,6306.93,5103.92,6742.15,2950.69,105.0,mixed,1.15,65,13735.12,FINNA Illustrative Benchmark Survey 2026 (Synthetic),2026,True
Gujarat,Vadodara,Tier 2,3120.21,429.44,5715.63,4617.01,2503.0,2792.01,97.0,delivery,0.92,25,1000.0,FINNA Illustrative Benchmark Survey 2026 (Synthetic),2026,True
Gujarat,Vadodara,Tier 2,3373.18,487.61,5684.31,4507.7,2582.11,2640.22,97.0,delivery,1.0,25,1000.0,FINNA Illustrative Benchmark Survey 2026 (Synthetic),2026,True
Gujarat,Vadodara,Tier 2,3917.26,440.68,5602.02,4737.79,2615.2,2652.56,97.0,delivery,1.15,25,1000.0,FINNA Illustrative Benchmark Survey 2026 (Synthetic),2026,True
Gujarat,Vadodara,Tier 2,4272.37,499.13,5242.15,4822.46,3468.3,2810.94,97.0,delivery,0.92,35,1401.08,FINNA Illustrative Benchmark Survey 2026 (Synthetic),2026,True
Gujarat,Vadodara,Tier 2,4501.15,555.32,5552.36,4767.71,3502.64,2766.51,97.0,delivery,1.0,35,1885.49,FINNA Illustrative Benchmark Survey 2026 (Synthetic),2026,True
Gujarat,Vadodara,Tier 2,5070.71,516.69,5452.63,4598.65,3361.48,2684.42,97.0,delivery,1.15,35,3808.35,FINNA Illustrative Benchmark Survey 2026 (Synthetic),2026,True
Gujarat,Vadodara,Tier 2,5242.45,592.23,5391.28,4421.63,4403.13,2790.0,97.0,delivery,0.92,45,3700.95,FINNA Illustrative Benchmark Survey 2026 (Synthetic),2026,True
Gujarat,Vadodara,Tier 2,5681.88,719.48,5238.71,4592.03,4305.02,2599.63,97.0,delivery,1.0,45,5113.65,FINNA Illustrative Benchmark Survey 2026 (Synthetic),2026,True
Gujarat,Vadodara,Tier 2,6539.36,941.32,5513.0,4726.75,4182.15,2820.46,97.0,delivery,1.15,45,7197.49,FINNA Illustrative Benchmark Survey 2026 (Synthetic),2026,True
Gujarat,Vadodara,Tier 2,6118.77,956.25,5597.19,4431.05,5249.78,2686.84,97.0,delivery,0.92,55,5544.12,FINNA Illustrative Benchmark Survey 2026 (Synthetic),2026,True
Gujarat,Vadodara,Tier 2,6594.58,866.14,5227.26,4798.88,5234.31,2730.55,97.0,delivery,1.0,55,6866.3,FINNA Illustrative Benchmark Survey 2026 (Synthetic),2026,True
Gujarat,Vadodara,Tier 2,7209.99,922.97,5250.38,4609.47,5222.73,2639.24,97.0,delivery,1.15,55,8773.33,FINNA Illustrative Benchmark Survey 2026 (Synthetic),2026,True
Gujarat,Vadodara,Tier 2,6883.22,817.23,5715.67,4517.6,5846.4,2627.63,97.0,delivery,0.92,65,7213.08,FINNA Illustrative Benchmark Survey 2026 (Synthetic),2026,True
Gujarat,Vadodara,Tier 2,7328.04,926.75,5289.71,4438.69,5885.28,2542.94,97.0,delivery,1.0,65,8822.97,FINNA Illustrative Benchmark Survey 2026 (Synthetic),2026,True
Gujarat,Vadodara,Tier 2,8635.07,1129.84,5338.62,4531.15,5906.79,2583.86,97.0,delivery,1.15,65,12369.13,FINNA Illustrative Benchmark Survey 2026 (Synthetic),2026,True
Gujarat,Vadodara,Tier 2,3557.03,416.16,5359.65,4402.77,3046.96,2647.75,97.0,ride_hailing,0.92,25,1000.0,FINNA Illustrative Benchmark Survey 2026 (Synthetic),2026,True
Gujarat,Vadodara,Tier 2,3787.0,408.26,5483.9,4680.73,2924.4,2555.43,97.0,ride_hailing,1.0,25,1000.0,FINNA Illustrative Benchmark Survey 2026 (Synthetic),2026,True
Gujarat,Vadodara,Tier 2,4349.03,481.61,5552.87,4642.67,3100.8,2764.59,97.0,ride_hailing,1.15,25,1800.74,FINNA Illustrative Benchmark Survey 2026 (Synthetic),2026,True
Gujarat,Vadodara,Tier 2,4654.71,552.73,5674.59,4697.93,4143.43,2710.85,97.0,ride_hailing,0.92,35,1903.26,FINNA Illustrative Benchmark Survey 2026 (Synthetic),2026,True
Gujarat,Vadodara,Tier 2,5202.78,756.2,5481.13,4430.63,4189.86,2835.98,97.0,ride_hailing,1.0,35,3633.78,FINNA Illustrative Benchmark Survey 2026 (Synthetic),2026,True
Gujarat,Vadodara,Tier 2,5750.11,732.19,5601.46,4696.7,4076.24,2613.07,97.0,ride_hailing,1.15,35,5141.83,FINNA Illustrative Benchmark Survey 2026 (Synthetic),2026,True
Gujarat,Vadodara,Tier 2,5541.98,840.53,5564.32,4789.92,5080.75,2764.68,97.0,ride_hailing,0.92,45,3768.12,FINNA Illustrative Benchmark Survey 2026 (Synthetic),2026,True
Gujarat,Vadodara,Tier 2,6241.4,919.53,5710.32,4578.51,4932.41,2692.01,97.0,ride_hailing,1.0,45,5922.81,FINNA Illustrative Benchmark Survey 2026 (Synthetic),2026,True
Gujarat,Vadodara,Tier 2,6999.81,893.7,5318.94,4723.25,5167.82,2579.28,97.0,ride_hailing,1.15,45,8137.93,FINNA Illustrative Benchmark Survey 2026 (Synthetic),2026,True
Gujarat,Vadodara,Tier 2,6468.63,964.17,5663.22,4519.9,6212.85,2794.75,97.0,ride_hailing,0.92,55,5731.99,FINNA Illustrative Benchmark Survey 2026 (Synthetic),2026,True
Gujarat,Vadodara,Tier 2,7280.82,903.18,5452.39,4655.6,6162.99,2853.54,97.0,ride_hailing,1.0,55,8060.93,FINNA Illustrative Benchmark Survey 2026 (Synthetic),2026,True
Gujarat,Vadodara,Tier 2,8273.44,996.48,5672.65,4641.85,6279.09,2679.05,97.0,ride_hailing,1.15,55,10758.38,FINNA Illustrative Benchmark Survey 2026 (Synthetic),2026,True
Gujarat,Vadodara,Tier 2,7837.78,1039.85,5354.88,4674.8,6894.55,2839.6,97.0,ride_hailing,0.92,65,9212.94,FINNA Illustrative Benchmark Survey 2026 (Synthetic),2026,True
Gujarat,Vadodara,Tier 2,8377.32,1082.33,5550.69,4582.94,7166.95,2804.34,97.0,ride_hailing,1.0,65,10509.77,FINNA Illustrative Benchmark Survey 2026 (Synthetic),2026,True
Gujarat,Vadodara,Tier 2,9328.98,1467.94,5263.28,4420.02,7314.79,2787.92,97.0,ride_hailing,1.15,65,13395.51,FINNA Illustrative Benchmark Survey 2026 (Synthetic),2026,True
Gujarat,Vadodara,Tier 2,3342.13,433.33,5588.09,4411.65,2105.4,2825.47,97.0,freelance_other,0.92,25,1000.0,FINNA Illustrative Benchmark Survey 2026 (Synthetic),2026,True
Gujarat,Vadodara,Tier 2,3786.62,523.19,5225.1,4437.49,1995.7,2710.13,97.0,freelance_other,1.0,25,1317.97,FINNA Illustrative Benchmark Survey 2026 (Synthetic),2026,True
Gujarat,Vadodara,Tier 2,4181.4,563.13,5332.62,4683.5,2023.2,2722.77,97.0,freelance_other,1.15,25,2173.19,FINNA Illustrative Benchmark Survey 2026 (Synthetic),2026,True
Gujarat,Vadodara,Tier 2,4594.09,543.36,5743.83,4569.97,2886.85,2649.54,97.0,freelance_other,0.92,35,2627.44,FINNA Illustrative Benchmark Survey 2026 (Synthetic),2026,True
Gujarat,Vadodara,Tier 2,4674.97,469.77,5767.53,4555.93,2696.72,2633.32,97.0,freelance_other,1.0,35,2982.93,FINNA Illustrative Benchmark Survey 2026 (Synthetic),2026,True
Gujarat,Vadodara,Tier 2,5500.7,731.23,5254.22,4693.54,2850.86,2654.4,97.0,freelance_other,1.15,35,5437.26,FINNA Illustrative Benchmark Survey 2026 (Synthetic),2026,True
Gujarat,Vadodara,Tier 2,5622.73,854.32,5354.38,4693.02,3455.52,2641.07,97.0,freelance_other,0.92,45,5331.58,FINNA Illustrative Benchmark Survey 2026 (Synthetic),2026,True
Gujarat,Vadodara,Tier 2,5884.3,723.14,5524.82,4674.74,3477.99,2598.99,97.0,freelance_other,1.0,45,5981.61,FINNA Illustrative Benchmark Survey 2026 (Synthetic),2026,True
Gujarat,Vadodara,Tier 2,6767.93,1052.2,5686.98,4440.96,3623.69,2755.1,97.0,freelance_other,1.15,45,8318.96,FINNA Illustrative Benchmark Survey 2026 (Synthetic),2026,True
Gujarat,Vadodara,Tier 2,6253.76,652.3,5233.64,4701.82,4170.38,2679.5,97.0,freelance_other,0.92,55,6690.74,FINNA Illustrative Benchmark Survey 2026 (Synthetic),2026,True
Gujarat,Vadodara,Tier 2,7277.06,764.67,5578.23,4561.29,4160.14,2793.61,97.0,freelance_other,1.0,55,9370.66,FINNA Illustrative Benchmark Survey 2026 (Synthetic),2026,True
Gujarat,Vadodara,Tier 2,8120.09,1019.41,5323.89,4604.33,4192.21,2683.81,97.0,freelance_other,1.15,55,11931.24,FINNA Illustrative Benchmark Survey 2026 (Synthetic),2026,True
Gujarat,Vadodara,Tier 2,7302.52,811.66,5557.52,4635.85,4986.76,2614.71,97.0,freelance_other,0.92,65,8986.3,FINNA Illustrative Benchmark Survey 2026 (Synthetic),2026,True
Gujarat,Vadodara,Tier 2,8031.58,1001.14,5525.39,4538.81,5037.78,2722.08,97.0,freelance_other,1.0,65,11019.24,FINNA Illustrative Benchmark Survey 2026 (Synthetic),2026,True
Gujarat,Vadodara,Tier 2,9386.41,1002.37,5489.84,4687.63,4713.21,2774.94,97.0,freelance_other,1.15,65,14935.4,FINNA Illustrative Benchmark Survey 2026 (Synthetic),2026,True
Gujarat,Vadodara,Tier 2,3440.47,547.1,5653.38,4583.87,2567.58,2826.33,97.0,mixed,0.92,25,1000.0,FINNA Illustrative Benchmark Survey 2026 (Synthetic),2026,True
Gujarat,Vadodara,Tier 2,3481.81,446.88,5632.93,4811.79,2567.55,2743.31,97.0,mixed,1.0,25,1000.0,FINNA Illustrative Benchmark Survey 2026 (Synthetic),2026,True
Gujarat,Vadodara,Tier 2,4239.15,503.4,5254.03,4528.03,2716.45,2689.91,97.0,mixed,1.15,25,2058.61,FINNA Illustrative Benchmark Survey 2026 (Synthetic),2026,True
Gujarat,Vadodara,Tier 2,4369.16,559.93,5628.6,4563.67,3729.59,2796.62,97.0,mixed,0.92,35,1429.99,FINNA Illustrative Benchmark Survey 2026 (Synthetic),2026,True
Gujarat,Vadodara,Tier 2,4664.27,476.31,5732.58,4714.74,3662.36,2720.64,97.0,mixed,1.0,35,2187.88,FINNA Illustrative Benchmark Survey 2026 (Synthetic),2026,True
Gujarat,Vadodara,Tier 2,5264.49,675.91,5317.99,4393.75,3738.16,2800.08,97.0,mixed,1.15,35,4254.42,FINNA Illustrative Benchmark Survey 2026 (Synthetic),2026,True
Gujarat,Vadodara,Tier 2,5416.94,634.91,5270.38,4602.57,4636.8,2628.02,97.0,mixed,0.92,45,4106.43,FINNA Illustrative Benchmark Survey 2026 (Synthetic),2026,True
Gujarat,Vadodara,Tier 2,5658.62,661.26,5696.82,4376.53,4369.85,2594.57,97.0,mixed,1.0,45,4851.64,FINNA Illustrative Benchmark Survey 2026 (Synthetic),2026,True
Gujarat,Vadodara,Tier 2,6753.72,736.62,5470.66,4741.61,4423.86,2765.05,97.0,mixed,1.15,45,7697.58,FINNA Illustrative Benchmark Survey 2026 (Synthetic),2026,True
Gujarat,Vadodara,Tier 2,6315.32,934.43,5699.11,4527.71,5223.08,2585.0,97.0,mixed,0.92,55,6051.78,FINNA Illustrative Benchmark Survey 2026 (Synthetic),2026,True
Gujarat,Vadodara,Tier 2,7111.36,776.91,5497.77,4827.05,5519.57,2615.09,97.0,mixed,1.0,55,8016.26,FINNA Illustrative Benchmark Survey 2026 (Synthetic),2026,True
Gujarat,Vadodara,Tier 2,7865.86,1087.49,5340.97,4707.81,5335.75,2746.09,97.0,mixed,1.15,55,10353.56,FINNA Illustrative Benchmark Survey 2026 (Synthetic),2026,True
Gujarat,Vadodara,Tier 2,7399.43,791.44,5317.18,4553.42,6179.46,2779.75,97.0,mixed,0.92,65,8586.32,FINNA Illustrative Benchmark Survey 2026 (Synthetic),2026,True
Gujarat,Vadodara,Tier 2,8040.93,1061.01,5433.89,4694.58,6266.48,2585.03,97.0,mixed,1.0,65,10294.21,FINNA Illustrative Benchmark Survey 2026 (Synthetic),2026,True
Gujarat,Vadodara,Tier 2,9332.52,939.89,5734.97,4576.46,6368.91,2849.61,97.0,mixed,1.15,65,13571.91,FINNA Illustrative Benchmark Survey 2026 (Synthetic),2026,True
Rajasthan,Jaipur,Tier 2,3401.14,348.48,6458.98,4967.34,2757.27,2876.26,104.0,delivery,0.92,25,1000.0,FINNA Illustrative Benchmark Survey 2026 (Synthetic),2026,True
Rajasthan,Jaipur,Tier 2,3765.44,570.47,6097.68,4785.87,2574.7,2953.71,104.0,delivery,1.0,25,1000.0,FINNA Illustrative Benchmark Survey 2026 (Synthetic),2026,True
Rajasthan,Jaipur,Tier 2,4153.63,608.05,6354.44,5014.81,2679.07,2793.83,104.0,delivery,1.15,25,1000.0,FINNA Illustrative Benchmark Survey 2026 (Synthetic),2026,True
Rajasthan,Jaipur,Tier 2,4359.69,616.53,6001.55,4923.33,3650.82,3015.43,104.0,delivery,0.92,35,1000.0,FINNA Illustrative Benchmark Survey 2026 (Synthetic),2026,True
Rajasthan,Jaipur,Tier 2,4613.79,488.42,5954.42,4873.51,3520.21,2824.59,104.0,delivery,1.0,35,1823.24,FINNA Illustrative Benchmark Survey 2026 (Synthetic),2026,True
Rajasthan,Jaipur,Tier 2,5385.86,546.24,5947.0,5114.87,3646.15,3016.74,104.0,delivery,1.15,35,3637.41,FINNA Illustrative Benchmark Survey 2026 (Synthetic),2026,True
Rajasthan,Jaipur,Tier 2,5623.62,777.66,6329.01,4713.79,4643.75,2771.21,104.0,delivery,0.92,45,3830.13,FINNA Illustrative Benchmark Survey 2026 (Synthetic),2026,True
Rajasthan,Jaipur,Tier 2,5973.82,919.93,6240.96,5128.91,4658.04,2968.09,104.0,delivery,1.0,45,4465.92,FINNA Illustrative Benchmark Survey 2026 (Synthetic),2026,True
Rajasthan,Jaipur,Tier 2,6651.11,851.46,6470.43,4968.0,4667.68,2822.18,104.0,delivery,1.15,45,6416.16,FINNA Illustrative Benchmark Survey 2026 (Synthetic),2026,True
Rajasthan,Jaipur,Tier 2,6361.49,980.96,6367.33,4813.47,5262.43,2751.75,104.0,delivery,0.92,55,5427.68,FINNA Illustrative Benchmark Survey 2026 (Synthetic),2026,True
Rajasthan,Jaipur,Tier 2,7109.48,874.24,6096.25,4684.43,5605.84,2818.1,104.0,delivery,1.0,55,7526.63,FINNA Illustrative Benchmark Survey 2026 (Synthetic),2026,True
Rajasthan,Jaipur,Tier 2,7960.56,1030.92,6465.72,4954.05,5269.56,2897.24,104.0,delivery,1.15,55,9673.73,FINNA Illustrative Benchmark Survey 2026 (Synthetic),2026,True
Rajasthan,Jaipur,Tier 2,7129.22,1041.74,6025.4,4970.24,6493.7,2974.96,104.0,delivery,0.92,65,6763.39,FINNA Illustrative Benchmark Survey 2026 (Synthetic),2026,True
Rajasthan,Jaipur,Tier 2,7723.25,806.12,6244.23,4777.79,6258.99,3037.99,104.0,delivery,1.0,65,8529.74,FINNA Illustrative Benchmark Survey 2026 (Synthetic),2026,True
Rajasthan,Jaipur,Tier 2,8915.17,1234.04,6468.39,4980.66,6168.75,2969.62,104.0,delivery,1.15,65,11709.92,FINNA Illustrative Benchmark Survey 2026 (Synthetic),2026,True
Rajasthan,Jaipur,Tier 2,3875.87,521.22,6209.54,5115.56,3164.53,2877.75,104.0,ride_hailing,0.92,25,1000.0,FINNA Illustrative Benchmark Survey 2026 (Synthetic),2026,True
Rajasthan,Jaipur,Tier 2,4193.13,615.79,6376.94,4919.66,3041.05,3058.05,104.0,ride_hailing,1.0,25,1000.0,FINNA Illustrative Benchmark Survey 2026 (Synthetic),2026,True
Rajasthan,Jaipur,Tier 2,4812.31,620.42,6241.69,5113.17,3131.15,2963.28,104.0,ride_hailing,1.15,25,2202.21,FINNA Illustrative Benchmark Survey 2026 (Synthetic),2026,True
Rajasthan,Jaipur,Tier 2,4907.86,676.97,6484.47,4699.43,4298.83,3060.4,104.0,ride_hailing,0.92,35,1760.14,FINNA Illustrative Benchmark Survey 2026 (Synthetic),2026,True
Rajasthan,Jaipur,Tier 2,5196.91,663.01,6365.24,4972.42,4176.04,2739.69,104.0,ride_hailing,1.0,35,2762.0,FINNA Illustrative Benchmark Survey 2026 (Synthetic),2026,True
Rajasthan,Jaipur,Tier 2,6126.69,682.88,6321.45,5094.27,4331.75,2851.02,104.0,ride_hailing,1.15,35,5154.55,FINNA Illustrative Benchmark Survey 2026 (Synthetic),2026,True
Rajasthan,Jaipur,Tier 2,5877.46,810.9,6345.9,4723.57,5243.03,2976.47,104.0,ride_hailing,0.92,45,4004.28,FINNA Illustrative Benchmark Survey 2026 (Synthetic),2026,True
Rajasthan,Jaipur,Tier 2,6657.13,861.13,5929.06,4919.87,5292.32,2911.81,104.0,ride_hailing,1.0,45,6352.0,FINNA Illustrative Benchmark Survey 2026 (Synthetic),2026,True
Rajasthan,Jaipur,Tier 2,7802.4,990.58,6507.42,4673.15,5184.1,3000.15,104.0,ride_hailing,1.15,45,9372.72,FINNA Illustrative Benchmark Survey 2026 (Synthetic),2026,True
Rajasthan,Jaipur,Tier 2,6904.61,739.42,6390.4,4981.99,6417.48,2961.97,104.0,ride_hailing,0.92,55,5944.33,FINNA Illustrative Benchmark Survey 2026 (Synthetic),2026,True
Rajasthan,Jaipur,Tier 2,8023.16,874.02,6249.19,5108.16,6200.37,2775.27,104.0,ride_hailing,1.0,55,9364.74,FINNA Illustrative Benchmark Survey 2026 (Synthetic),2026,True
Rajasthan,Jaipur,Tier 2,9068.66,1163.27,6459.17,4677.44,6542.62,2771.43,104.0,ride_hailing,1.15,55,12230.81,FINNA Illustrative Benchmark Survey 2026 (Synthetic),2026,True
Rajasthan,Jaipur,Tier 2,8003.38,824.33,6080.55,5043.91,7457.35,2785.4,104.0,ride_hailing,0.92,65,8636.83,FINNA Illustrative Benchmark Survey 2026 (Synthetic),2026,True
Rajasthan,Jaipur,Tier 2,8998.63,1341.41,5955.93,4898.6,7662.69,2802.76,104.0,ride_hailing,1.0,65,11468.66,FINNA Illustrative Benchmark Survey 2026 (Synthetic),2026,True
Rajasthan,Jaipur,Tier 2,10523.82,1321.5,6393.14,5136.27,7590.38,2838.83,104.0,ride_hailing,1.15,65,15346.19,FINNA Illustrative Benchmark Survey 2026 (Synthetic),2026,True
Rajasthan,Jaipur,Tier 2,3758.08,505.68,5975.14,5064.85,2203.98,2991.95,104.0,freelance_other,0.92,25,1000.0,FINNA Illustrative Benchmark Survey 2026 (Synthetic),2026,True
Rajasthan,Jaipur,Tier 2,3964.37,476.24,5964.86,4724.21,2138.87,2968.31,104.0,freelance_other,1.0,25,1000.0,FINNA Illustrative Benchmark Survey 2026 (Synthetic),2026,True
Rajasthan,Jaipur,Tier 2,4544.66,574.08,6463.92,4674.94,2084.57,3020.88,104.0,freelance_other,1.15,25,2232.14,FINNA Illustrative Benchmark Survey 2026 (Synthetic),2026,True
Rajasthan,Jaipur,Tier 2,4813.43,705.94,5899.69,4893.61,2800.0,2788.44,104.0,freelance_other,0.92,35,2899.27,FINNA Illustrative Benchmark Survey 2026 (Synthetic),2026,True
Rajasthan,Jaipur,Tier 2,5014.91,697.6,6439.89,4858.95,2986.82,2994.85,104.0,freelance_other,1.0,35,2882.13,FINNA Illustrative Benchmark Survey 2026 (Synthetic),2026,True
Rajasthan,Jaipur,Tier 2,6054.91,680.39,6286.69,4911.31,2894.61,3052.46,104.0,freelance_other,1.15,35,5897.25,FINNA Illustrative Benchmark Survey 2026 (Synthetic),2026,True
Rajasthan,Jaipur,Tier 2,5914.08,604.76,6001.6,4899.94,3786.67,2944.26,104.0,freelance_other,0.92,45,5184.07,FINNA Illustrative Benchmark Survey 2026 (Synthetic),2026,True
Rajasthan,Jaipur,Tier 2,6516.05,787.6,5892.83,4770.46,3543.16,2910.51,104.0,freelance_other,1.0,45,7213.4,FINNA Illustrative Benchmark Survey 2026 (Synthetic),2026,True
Rajasthan,Jaipur,Tier 2,7090.78,863.05,6361.9,4919.46,3572.92,2994.08,104.0,freelance_other,1.15,45,8355.57,FINNA Illustrative Benchmark Survey 2026 (Synthetic),2026,True
Rajasthan,Jaipur,Tier 2,6998.86,815.97,6010.11,5045.34,4443.36,3063.06,104.0,freelance_other,0.92,55,7633.08,FINNA Illustrative Benchmark Survey 2026 (Synthetic),2026,True
Rajasthan,Jaipur,Tier 2,7496.34,828.94,6305.49,4676.13,4429.21,2825.2,104.0,freelance_other,1.0,55,9245.03,FINNA Illustrative Benchmark Survey 2026 (Synthetic),2026,True
Rajasthan,Jaipur,Tier 2,8593.32,1031.69,6389.2,5026.62,4218.51,2983.67,104.0,freelance_other,1.15,55,12084.2,FINNA Illustrative Benchmark Survey 2026 (Synthetic),2026,True
Rajasthan,Jaipur,Tier 2,8194.72,905.95,6377.01,4892.68,4932.53,3037.49,104.0,freelance_other,0.92,65,10558.23,FINNA Illustrative Benchmark Survey 2026 (Synthetic),2026,True
Rajasthan,Jaipur,Tier 2,8767.09,1188.49,6092.1,4752.39,5160.83,2839.34,104.0,freelance_other,1.0,65,12425.95,FINNA Illustrative Benchmark Survey 2026 (Synthetic),2026,True
Rajasthan,Jaipur,Tier 2,10127.78,1210.96,5950.8,5016.5,5239.42,2856.69,104.0,freelance_other,1.15,65,16113.42,FINNA Illustrative Benchmark Survey 2026 (Synthetic),2026,True
Rajasthan,Jaipur,Tier 2,3473.82,445.55,6190.33,5091.34,2707.7,3048.9,104.0,mixed,0.92,25,1000.0,FINNA Illustrative Benchmark Survey 2026 (Synthetic),2026,True
Rajasthan,Jaipur,Tier 2,3848.29,474.26,5974.57,5007.71,2816.3,3065.49,104.0,mixed,1.0,25,1000.0,FINNA Illustrative Benchmark Survey 2026 (Synthetic),2026,True
Rajasthan,Jaipur,Tier 2,4335.72,466.67,6319.17,4684.23,2705.82,3022.37,104.0,mixed,1.15,25,1327.35,FINNA Illustrative Benchmark Survey 2026 (Synthetic),2026,True
Rajasthan,Jaipur,Tier 2,4666.66,514.6,6103.02,5089.34,3803.79,3000.76,104.0,mixed,0.92,35,1436.32,FINNA Illustrative Benchmark Survey 2026 (Synthetic),2026,True
Rajasthan,Jaipur,Tier 2,5145.5,703.35,5995.36,5130.37,3879.66,2756.09,104.0,mixed,1.0,35,2937.05,FINNA Illustrative Benchmark Survey 2026 (Synthetic),2026,True
Rajasthan,Jaipur,Tier 2,6019.85,778.68,6507.31,4944.87,3874.22,2823.15,104.0,mixed,1.15,35,5145.66,FINNA Illustrative Benchmark Survey 2026 (Synthetic),2026,True
Rajasthan,Jaipur,Tier 2,5859.56,844.78,6042.93,4815.38,4760.07,3036.35,104.0,mixed,0.92,45,4366.16,FINNA Illustrative Benchmark Survey 2026 (Synthetic),2026,True
Rajasthan,Jaipur,Tier 2,6299.92,686.3,6245.69,4657.49,4911.7,2739.94,104.0,mixed,1.0,45,5670.49,FINNA Illustrative Benchmark Survey 2026 (Synthetic),2026,True
Rajasthan,Jaipur,Tier 2,7175.21,1048.42,5910.84,4915.25,4722.16,3003.71,104.0,mixed,1.15,45,8135.85,FINNA Illustrative Benchmark Survey 2026 (Synthetic),2026,True
Rajasthan,Jaipur,Tier 2,6957.14,884.58,6039.12,4928.66,5445.24,2980.66,104.0,mixed,0.92,55,6974.98,FINNA Illustrative Benchmark Survey 2026 (Synthetic),2026,True
Rajasthan,Jaipur,Tier 2,7637.98,824.62,6073.39,4972.34,5480.73,2892.96,104.0,mixed,1.0,55,8874.47,FINNA Illustrative Benchmark Survey 2026 (Synthetic),2026,True
Rajasthan,Jaipur,Tier 2,8346.12,1186.8,6421.91,5021.17,5450.67,2884.28,104.0,mixed,1.15,55,10634.44,FINNA Illustrative Benchmark Survey 2026 (Synthetic),2026,True
Rajasthan,Jaipur,Tier 2,7947.74,1211.65,6141.32,5042.03,6517.28,2887.57,104.0,mixed,0.92,65,8986.58,FINNA Illustrative Benchmark Survey 2026 (Synthetic),2026,True
Rajasthan,Jaipur,Tier 2,8545.21,1295.65,5933.83,5092.78,6497.52,2737.38,104.0,mixed,1.0,65,10880.51,FINNA Illustrative Benchmark Survey 2026 (Synthetic),2026,True
Rajasthan,Jaipur,Tier 2,9665.59,1123.02,6476.58,4920.79,6740.69,3000.12,104.0,mixed,1.15,65,13463.99,FINNA Illustrative Benchmark Survey 2026 (Synthetic),2026,True
Uttar Pradesh,Lucknow,Tier 2,3074.99,470.01,5936.74,4490.76,2690.89,2858.68,99.0,delivery,0.92,25,1000.0,FINNA Illustrative Benchmark Survey 2026 (Synthetic),2026,True
Uttar Pradesh,Lucknow,Tier 2,3565.66,380.31,5722.04,4755.99,2570.38,2690.89,99.0,delivery,1.0,25,1000.0,FINNA Illustrative Benchmark Survey 2026 (Synthetic),2026,True
Uttar Pradesh,Lucknow,Tier 2,3995.77,415.64,5921.42,4561.21,2698.36,2712.18,99.0,delivery,1.15,25,1000.0,FINNA Illustrative Benchmark Survey 2026 (Synthetic),2026,True
Uttar Pradesh,Lucknow,Tier 2,4062.93,522.94,6054.71,4737.66,3646.48,2702.49,99.0,delivery,0.92,35,1000.0,FINNA Illustrative Benchmark Survey 2026 (Synthetic),2026,True
Uttar Pradesh,Lucknow,Tier 2,4646.44,527.49,5714.57,4590.66,3568.01,2725.12,99.0,delivery,1.0,35,2288.47,FINNA Illustrative Benchmark Survey 2026 (Synthetic),2026,True
Uttar Pradesh,Lucknow,Tier 2,5057.62,610.52,5792.01,4712.54,3411.13,2870.5,99.0,delivery,1.15,35,3323.65,FINNA Illustrative Benchmark Survey 2026 (Synthetic),2026,True
Uttar Pradesh,Lucknow,Tier 2,5225.49,689.61,5679.51,4756.85,4515.81,2949.64,99.0,delivery,0.92,45,3070.97,FINNA Illustrative Benchmark Survey 2026 (Synthetic),2026,True
Uttar Pradesh,Lucknow,Tier 2,5738.34,897.78,5548.06,4884.19,4395.14,2658.94,99.0,delivery,1.0,45,4784.44,FINNA Illustrative Benchmark Survey 2026 (Synthetic),2026,True
Uttar Pradesh,Lucknow,Tier 2,6645.02,779.48,6064.84,4516.4,4330.95,2866.22,99.0,delivery,1.15,45,7146.44,FINNA Illustrative Benchmark Survey 2026 (Synthetic),2026,True
Uttar Pradesh,Lucknow,Tier 2,6071.72,925.93,5812.0,4759.82,5195.5,2957.78,99.0,delivery,0.92,55,4917.54,FINNA Illustrative Benchmark Survey 2026 (Synthetic),2026,True
Uttar Pradesh,Lucknow,Tier 2,6623.51,714.82,5711.09,4673.61,5344.06,2729.95,99.0,delivery,1.0,55,6643.71,FINNA Illustrative Benchmark Survey 2026 (Synthetic),2026,True
Uttar Pradesh,Lucknow,Tier 2,7326.43,1115.87,5644.75,4910.3,5344.06,2770.33,99.0,delivery,1.15,55,8485.1,FINNA Illustrative Benchmark Survey 2026 (Synthetic),2026,True
Uttar Pradesh,Lucknow,Tier 2,6877.55,954.35,5699.26,4743.88,6236.71,2914.88,99.0,delivery,0.92,65,6620.29,FINNA Illustrative Benchmark Survey 2026 (Synthetic),2026,True
Uttar Pradesh,Lucknow,Tier 2,7537.66,891.29,5586.53,4835.99,5978.77,2719.36,99.0,delivery,1.0,65,8786.32,FINNA Illustrative Benchmark Survey 2026 (Synthetic),2026,True
Uttar Pradesh,Lucknow,Tier 2,8695.46,1376.0,5956.45,4487.24,6067.87,2785.19,99.0,delivery,1.15,65,11930.48,FINNA Illustrative Benchmark Survey 2026 (Synthetic),2026,True
Uttar Pradesh,Lucknow,Tier 2,3468.34,539.15,5922.85,4599.07,3210.34,2914.02,99.0,ride_hailing,0.92,25,1000.0,FINNA Illustrative Benchmark Survey 2026 (Synthetic),2026,True
Uttar Pradesh,Lucknow,Tier 2,3933.07,550.56,5599.02,4576.82,2979.7,2738.39,99.0,ride_hailing,1.0,25,1000.0,FINNA Illustrative Benchmark Survey 2026 (Synthetic),2026,True
Uttar Pradesh,Lucknow,Tier 2,4321.21,499.64,5617.01,4729.37,2978.1,2738.49,99.0,ride_hailing,1.15,25,1721.12,FINNA Illustrative Benchmark Survey 2026 (Synthetic),2026,True
Uttar Pradesh,Lucknow,Tier 2,4636.99,567.45,5823.12,4541.42,4120.78,2941.27,99.0,ride_hailing,0.92,35,1723.52,FINNA Illustrative Benchmark Survey 2026 (Synthetic),2026,True
Uttar Pradesh,Lucknow,Tier 2,5064.99,658.27,5594.32,4680.28,4127.03,2633.44,99.0,ride_hailing,1.0,35,3182.62,FINNA Illustrative Benchmark Survey 2026 (Synthetic),2026,True
Uttar Pradesh,Lucknow,Tier 2,5981.55,948.29,5702.14,4796.56,4178.51,2729.38,99.0,ride_hailing,1.15,35,5520.79,FINNA Illustrative Benchmark Survey 2026 (Synthetic),2026,True
Uttar Pradesh,Lucknow,Tier 2,5975.2,949.11,5842.76,4534.13,5277.4,2936.71,99.0,ride_hailing,0.92,45,4733.05,FINNA Illustrative Benchmark Survey 2026 (Synthetic),2026,True
Uttar Pradesh,Lucknow,Tier 2,6242.95,882.43,5934.35,4888.08,5098.56,2817.12,99.0,ride_hailing,1.0,45,5391.01,FINNA Illustrative Benchmark Survey 2026 (Synthetic),2026,True
Uttar Pradesh,Lucknow,Tier 2,7102.06,881.35,5997.71,4674.61,5078.84,2650.49,99.0,ride_hailing,1.15,45,8027.68,FINNA Illustrative Benchmark Survey 2026 (Synthetic),2026,True
Uttar Pradesh,Lucknow,Tier 2,6879.22,928.74,5638.84,4904.76,6177.45,2639.58,99.0,ride_hailing,0.92,55,6777.16,FINNA Illustrative Benchmark Survey 2026 (Synthetic),2026,True
Uttar Pradesh,Lucknow,Tier 2,7416.55,939.88,5899.5,4506.07,6295.12,2697.34,99.0,ride_hailing,1.0,55,8265.16,FINNA Illustrative Benchmark Survey 2026 (Synthetic),2026,True
Uttar Pradesh,Lucknow,Tier 2,8378.93,1142.09,6057.17,4891.97,6219.28,2681.71,99.0,ride_hailing,1.15,55,10679.91,FINNA Illustrative Benchmark Survey 2026 (Synthetic),2026,True
Uttar Pradesh,Lucknow,Tier 2,8021.77,980.08,5726.24,4598.79,7222.62,2960.45,99.0,ride_hailing,0.92,65,9247.01,FINNA Illustrative Benchmark Survey 2026 (Synthetic),2026,True
Uttar Pradesh,Lucknow,Tier 2,8733.22,919.22,5932.15,4673.78,7597.59,2902.04,99.0,ride_hailing,1.0,65,10861.03,FINNA Illustrative Benchmark Survey 2026 (Synthetic),2026,True
Uttar Pradesh,Lucknow,Tier 2,9586.33,1422.04,6072.81,4664.2,7541.36,2678.89,99.0,ride_hailing,1.15,65,13358.51,FINNA Illustrative Benchmark Survey 2026 (Synthetic),2026,True
Uttar Pradesh,Lucknow,Tier 2,3460.15,363.89,5630.51,4688.07,2165.25,2963.51,99.0,freelance_other,0.92,25,1000.0,FINNA Illustrative Benchmark Survey 2026 (Synthetic),2026,True
Uttar Pradesh,Lucknow,Tier 2,3605.34,568.22,5948.55,4506.57,2088.17,2939.24,99.0,freelance_other,1.0,25,1000.0,FINNA Illustrative Benchmark Survey 2026 (Synthetic),2026,True
Uttar Pradesh,Lucknow,Tier 2,4265.85,568.85,5921.94,4819.96,2042.31,2694.5,99.0,freelance_other,1.15,25,1945.07,FINNA Illustrative Benchmark Survey 2026 (Synthetic),2026,True
Uttar Pradesh,Lucknow,Tier 2,4485.12,597.56,5534.5,4853.34,2923.55,2734.12,99.0,freelance_other,0.92,35,2193.79,FINNA Illustrative Benchmark Survey 2026 (Synthetic),2026,True
Uttar Pradesh,Lucknow,Tier 2,4945.02,632.01,5525.57,4466.15,2793.27,2953.22,99.0,freelance_other,1.0,35,3687.92,FINNA Illustrative Benchmark Survey 2026 (Synthetic),2026,True
Uttar Pradesh,Lucknow,Tier 2,5811.27,745.89,5889.21,4884.56,2828.46,2797.27,99.0,freelance_other,1.15,35,5696.14,FINNA Illustrative Benchmark Survey 2026 (Synthetic),2026,True
Uttar Pradesh,Lucknow,Tier 2,5647.78,647.72,5579.23,4595.29,3711.18,2654.42,99.0,freelance_other,0.92,45,5144.6,FINNA Illustrative Benchmark Survey 2026 (Synthetic),2026,True
Uttar Pradesh,Lucknow,Tier 2,6166.81,831.68,5838.03,4873.12,3606.56,2791.95,99.0,freelance_other,1.0,45,6235.21,FINNA Illustrative Benchmark Survey 2026 (Synthetic),2026,True
Uttar Pradesh,Lucknow,Tier 2,7063.28,757.01,5807.27,4735.37,3668.61,2686.72,99.0,freelance_other,1.15,45,8895.92,FINNA Illustrative Benchmark Survey 2026 (Synthetic),2026,True
Uttar Pradesh,Lucknow,Tier 2,6327.71,754.14,6019.42,4528.68,4161.45,2723.62,99.0,freelance_other,0.92,55,6477.78,FINNA Illustrative Benchmark Survey 2026 (Synthetic),2026,True
Uttar Pradesh,Lucknow,Tier 2,7083.85,1096.06,5716.47,4601.23,4286.78,2946.6,99.0,freelance_other,1.0,55,8529.29,FINNA Illustrative Benchmark Survey 2026 (Synthetic),2026,True
Uttar Pradesh,Lucknow,Tier 2,8208.32,1198.3,5616.28,4509.42,4363.08,2814.69,99.0,freelance_other,1.15,55,11855.06,FINNA Illustrative Benchmark Survey 2026 (Synthetic),2026,True
Uttar Pradesh,Lucknow,Tier 2,7746.5,1158.95,5907.28,4606.5,5044.23,2863.28,99.0,freelance_other,0.92,65,9828.69,FINNA Illustrative Benchmark Survey 2026 (Synthetic),2026,True
Uttar Pradesh,Lucknow,Tier 2,7912.11,1066.57,5987.52,4471.06,4977.71,2757.33,99.0,freelance_other,1.0,65,10442.78,FINNA Illustrative Benchmark Survey 2026 (Synthetic),2026,True
Uttar Pradesh,Lucknow,Tier 2,9391.59,1130.92,6038.26,4513.14,4833.12,2706.29,99.0,freelance_other,1.15,65,14673.6,FINNA Illustrative Benchmark Survey 2026 (Synthetic),2026,True
Uttar Pradesh,Lucknow,Tier 2,3288.48,505.85,5865.79,4855.77,2727.64,2810.78,99.0,mixed,0.92,25,1000.0,FINNA Illustrative Benchmark Survey 2026 (Synthetic),2026,True
Uttar Pradesh,Lucknow,Tier 2,3680.8,535.11,5576.1,4681.43,2629.81,2907.13,99.0,mixed,1.0,25,1000.0,FINNA Illustrative Benchmark Survey 2026 (Synthetic),2026,True
Uttar Pradesh,Lucknow,Tier 2,4358.48,561.25,5690.71,4635.41,2791.09,2930.95,99.0,mixed,1.15,25,1835.64,FINNA Illustrative Benchmark Survey 2026 (Synthetic),2026,True
Uttar Pradesh,Lucknow,Tier 2,4478.81,653.08,5708.39,4798.65,3545.87,2905.7,99.0,mixed,0.92,35,1582.51,FINNA Illustrative Benchmark Survey 2026 (Synthetic),2026,True
Uttar Pradesh,Lucknow,Tier 2,4723.24,715.14,5592.57,4571.49,3574.34,2675.75,99.0,mixed,1.0,35,2624.36,FINNA Illustrative Benchmark Survey 2026 (Synthetic),2026,True
Uttar Pradesh,Lucknow,Tier 2,5367.85,759.28,5964.74,4501.54,3765.76,2886.46,99.0,mixed,1.15,35,3980.79,FINNA Illustrative Benchmark Survey 2026 (Synthetic),2026,True
Uttar Pradesh,Lucknow,Tier 2,5261.25,560.16,5969.97,4706.34,4457.1,2671.96,99.0,mixed,0.92,45,3234.3,FINNA Illustrative Benchmark Survey 2026 (Synthetic),2026,True
Uttar Pradesh,Lucknow,Tier 2,5818.71,605.0,5897.2,4819.64,4724.36,2941.15,99.0,mixed,1.0,45,4428.23,FINNA Illustrative Benchmark Survey 2026 (Synthetic),2026,True
Uttar Pradesh,Lucknow,Tier 2,6665.52,1026.96,5617.17,4630.22,4468.75,2916.21,99.0,mixed,1.15,45,7299.08,FINNA Illustrative Benchmark Survey 2026 (Synthetic),2026,True
Uttar Pradesh,Lucknow,Tier 2,6665.47,1046.0,5711.75,4540.46,5534.76,2876.79,99.0,mixed,0.92,55,6628.52,FINNA Illustrative Benchmark Survey 2026 (Synthetic),2026,True
Uttar Pradesh,Lucknow,Tier 2,6853.2,919.8,5567.48,4736.72,5319.3,2704.91,99.0,mixed,1.0,55,7374.86,FINNA Illustrative Benchmark Survey 2026 (Synthetic),2026,True
Uttar Pradesh,Lucknow,Tier 2,7848.81,917.62,6032.96,4717.45,5744.17,2665.16,99.0,mixed,1.15,55,9636.64,FINNA Illustrative Benchmark Survey 2026 (Synthetic),2026,True
Uttar Pradesh,Lucknow,Tier 2,7214.14,939.65,5920.5,4637.24,6478.39,2779.73,99.0,mixed,0.92,65,7423.89,FINNA Illustrative Benchmark Survey 2026 (Synthetic),2026,True
Uttar Pradesh,Lucknow,Tier 2,8318.94,922.16,5715.8,4643.42,6285.36,2708.46,99.0,mixed,1.0,65,10834.18,FINNA Illustrative Benchmark Survey 2026 (Synthetic),2026,True
Uttar Pradesh,Lucknow,Tier 2,8942.99,1422.62,5581.7,4516.85,6245.04,2888.12,99.0,mixed,1.15,65,12669.43,FINNA Illustrative Benchmark Survey 2026 (Synthetic),2026,True
Uttar Pradesh,Kanpur,Tier 2,3002.78,400.65,4865.71,4324.37,2398.52,2532.49,94.0,delivery,0.92,25,1000.0,FINNA Illustrative Benchmark Survey 2026 (Synthetic),2026,True
Uttar Pradesh,Kanpur,Tier 2,3237.08,384.31,5342.85,4375.34,2485.27,2534.66,94.0,delivery,1.0,25,1000.0,FINNA Illustrative Benchmark Survey 2026 (Synthetic),2026,True
Uttar Pradesh,Kanpur,Tier 2,3797.98,422.82,4880.5,4550.07,2469.78,2655.89,94.0,delivery,1.15,25,1227.86,FINNA Illustrative Benchmark Survey 2026 (Synthetic),2026,True
Uttar Pradesh,Kanpur,Tier 2,3793.19,606.62,5095.74,4226.28,3333.2,2649.47,94.0,delivery,0.92,35,1000.0,FINNA Illustrative Benchmark Survey 2026 (Synthetic),2026,True
Uttar Pradesh,Kanpur,Tier 2,4091.12,444.3,5049.32,4439.85,3243.07,2732.69,94.0,delivery,1.0,35,1462.25,FINNA Illustrative Benchmark Survey 2026 (Synthetic),2026,True
Uttar Pradesh,Kanpur,Tier 2,5052.37,524.85,5342.36,4329.0,3375.25,2753.09,94.0,delivery,1.15,35,3950.09,FINNA Illustrative Benchmark Survey 2026 (Synthetic),2026,True
Uttar Pradesh,Kanpur,Tier 2,4639.62,697.27,5214.85,4302.55,4271.73,2625.56,94.0,delivery,0.92,45,2388.66,FINNA Illustrative Benchmark Survey 2026 (Synthetic),2026,True
Uttar Pradesh,Kanpur,Tier 2,5105.56,752.4,5173.35,4356.1,4191.88,2632.19,94.0,delivery,1.0,45,3739.81,FINNA Illustrative Benchmark Survey 2026 (Synthetic),2026,True
Uttar Pradesh,Kanpur,Tier 2,5934.29,765.95,4987.23,4517.92,4068.3,2522.22,94.0,delivery,1.15,45,6239.87,FINNA Illustrative Benchmark Survey 2026 (Synthetic),2026,True
Uttar Pradesh,Kanpur,Tier 2,5638.45,776.43,4913.65,4223.83,4851.37,2465.29,94.0,delivery,0.92,55,5174.23,FINNA Illustrative Benchmark Survey 2026 (Synthetic),2026,True
Uttar Pradesh,Kanpur,Tier 2,6217.43,984.37,5040.14,4478.85,4891.57,2638.05,94.0,delivery,1.0,55,6417.36,FINNA Illustrative Benchmark Survey 2026 (Synthetic),2026,True
Uttar Pradesh,Kanpur,Tier 2,6821.94,713.51,5228.32,4517.73,5149.18,2507.0,94.0,delivery,1.15,55,7888.9,FINNA Illustrative Benchmark Survey 2026 (Synthetic),2026,True
Uttar Pradesh,Kanpur,Tier 2,6551.51,847.86,4978.45,4331.19,6015.89,2614.55,94.0,delivery,0.92,65,6778.17,FINNA Illustrative Benchmark Survey 2026 (Synthetic),2026,True
Uttar Pradesh,Kanpur,Tier 2,7284.58,742.27,5064.51,4582.57,5793.19,2542.14,94.0,delivery,1.0,65,8813.88,FINNA Illustrative Benchmark Survey 2026 (Synthetic),2026,True
Uttar Pradesh,Kanpur,Tier 2,8004.57,1021.22,4861.76,4424.93,6016.21,2538.55,94.0,delivery,1.15,65,10931.92,FINNA Illustrative Benchmark Survey 2026 (Synthetic),2026,True
Uttar Pradesh,Kanpur,Tier 2,3363.46,435.53,4913.59,4494.92,2942.99,2478.13,94.0,ride_hailing,0.92,25,1000.0,FINNA Illustrative Benchmark Survey 2026 (Synthetic),2026,True
Uttar Pradesh,Kanpur,Tier 2,3647.01,509.14,5194.54,4431.77,2940.27,2710.56,94.0,ride_hailing,1.0,25,1000.0,FINNA Illustrative Benchmark Survey 2026 (Synthetic),2026,True
Uttar Pradesh,Kanpur,Tier 2,4138.36,511.02,5097.29,4607.18,2973.51,2554.06,94.0,ride_hailing,1.15,25,1746.59,FINNA Illustrative Benchmark Survey 2026 (Synthetic),2026,True
Uttar Pradesh,Kanpur,Tier 2,4526.9,539.74,4859.35,4199.85,4095.35,2552.85,94.0,ride_hailing,0.92,35,2531.15,FINNA Illustrative Benchmark Survey 2026 (Synthetic),2026,True
Uttar Pradesh,Kanpur,Tier 2,4831.17,490.91,5299.58,4330.15,3859.4,2551.68,94.0,ride_hailing,1.0,35,3170.8,FINNA Illustrative Benchmark Survey 2026 (Synthetic),2026,True
Uttar Pradesh,Kanpur,Tier 2,5388.11,652.37,5182.23,4288.95,4035.1,2628.87,94.0,ride_hailing,1.15,35,4676.99,FINNA Illustrative Benchmark Survey 2026 (Synthetic),2026,True
Uttar Pradesh,Kanpur,Tier 2,5533.99,575.15,5000.51,4328.54,4807.88,2545.75,94.0,ride_hailing,0.92,45,4731.67,FINNA Illustrative Benchmark Survey 2026 (Synthetic),2026,True
Uttar Pradesh,Kanpur,Tier 2,5805.79,881.33,5134.71,4576.62,4906.65,2661.14,94.0,ride_hailing,1.0,45,5108.97,FINNA Illustrative Benchmark Survey 2026 (Synthetic),2026,True
Uttar Pradesh,Kanpur,Tier 2,6744.75,1073.4,5037.65,4351.73,5029.02,2696.2,94.0,ride_hailing,1.15,45,7858.61,FINNA Illustrative Benchmark Survey 2026 (Synthetic),2026,True
Uttar Pradesh,Kanpur,Tier 2,6114.34,859.11,5016.34,4401.22,6116.64,2549.94,94.0,ride_hailing,0.92,55,5454.12,FINNA Illustrative Benchmark Survey 2026 (Synthetic),2026,True
Uttar Pradesh,Kanpur,Tier 2,6928.76,843.92,5067.36,4398.66,6156.14,2689.59,94.0,ride_hailing,1.0,55,7598.36,FINNA Illustrative Benchmark Survey 2026 (Synthetic),2026,True
Uttar Pradesh,Kanpur,Tier 2,8110.55,1071.81,4991.55,4200.91,6227.48,2569.43,94.0,ride_hailing,1.15,55,11134.05,FINNA Illustrative Benchmark Survey 2026 (Synthetic),2026,True
Uttar Pradesh,Kanpur,Tier 2,7084.91,1024.29,4891.9,4551.44,6735.77,2549.09,94.0,ride_hailing,0.92,65,7767.15,FINNA Illustrative Benchmark Survey 2026 (Synthetic),2026,True
Uttar Pradesh,Kanpur,Tier 2,7601.08,1125.5,5087.39,4272.29,7126.12,2647.28,94.0,ride_hailing,1.0,65,8956.74,FINNA Illustrative Benchmark Survey 2026 (Synthetic),2026,True
Uttar Pradesh,Kanpur,Tier 2,8911.16,1321.06,5065.78,4417.58,6794.43,2569.52,94.0,ride_hailing,1.15,65,12829.71,FINNA Illustrative Benchmark Survey 2026 (Synthetic),2026,True
Uttar Pradesh,Kanpur,Tier 2,3222.64,409.9,5234.36,4259.46,1926.09,2663.44,94.0,freelance_other,0.92,25,1000.0,FINNA Illustrative Benchmark Survey 2026 (Synthetic),2026,True
Uttar Pradesh,Kanpur,Tier 2,3568.83,480.4,4953.61,4603.33,2042.06,2589.8,94.0,freelance_other,1.0,25,1000.0,FINNA Illustrative Benchmark Survey 2026 (Synthetic),2026,True
Uttar Pradesh,Kanpur,Tier 2,4127.91,544.73,5158.36,4518.41,1992.62,2620.63,94.0,freelance_other,1.15,25,2329.49,FINNA Illustrative Benchmark Survey 2026 (Synthetic),2026,True
Uttar Pradesh,Kanpur,Tier 2,4247.16,557.81,5030.78,4245.01,2635.92,2657.82,94.0,freelance_other,0.92,35,2483.44,FINNA Illustrative Benchmark Survey 2026 (Synthetic),2026,True
Uttar Pradesh,Kanpur,Tier 2,4497.11,567.19,5007.51,4545.29,2617.25,2507.51,94.0,freelance_other,1.0,35,3116.7,FINNA Illustrative Benchmark Survey 2026 (Synthetic),2026,True
Uttar Pradesh,Kanpur,Tier 2,5218.84,779.81,5174.48,4292.84,2733.71,2570.63,94.0,freelance_other,1.15,35,5086.85,FINNA Illustrative Benchmark Survey 2026 (Synthetic),2026,True
Uttar Pradesh,Kanpur,Tier 2,5006.99,558.35,4970.25,4543.98,3390.25,2618.67,94.0,freelance_other,0.92,45,4002.13,FINNA Illustrative Benchmark Survey 2026 (Synthetic),2026,True
Uttar Pradesh,Kanpur,Tier 2,5587.31,775.6,4863.87,4250.12,3301.11,2524.62,94.0,freelance_other,1.0,45,6014.67,FINNA Illustrative Benchmark Survey 2026 (Synthetic),2026,True
Uttar Pradesh,Kanpur,Tier 2,6615.23,922.96,4934.75,4555.11,3526.15,2595.58,94.0,freelance_other,1.15,45,8471.03,FINNA Illustrative Benchmark Survey 2026 (Synthetic),2026,True
Uttar Pradesh,Kanpur,Tier 2,5856.92,887.76,4887.8,4444.7,4192.64,2724.98,94.0,freelance_other,0.92,55,5921.72,FINNA Illustrative Benchmark Survey 2026 (Synthetic),2026,True
Uttar Pradesh,Kanpur,Tier 2,6571.24,800.42,5180.29,4219.73,4217.4,2669.96,94.0,freelance_other,1.0,55,7907.96,FINNA Illustrative Benchmark Survey 2026 (Synthetic),2026,True
Uttar Pradesh,Kanpur,Tier 2,7394.64,789.13,5219.59,4590.49,4080.15,2702.64,94.0,freelance_other,1.15,55,10026.85,FINNA Illustrative Benchmark Survey 2026 (Synthetic),2026,True
Uttar Pradesh,Kanpur,Tier 2,7236.33,1128.1,4973.42,4569.21,4634.61,2482.15,94.0,freelance_other,0.92,65,9538.05,FINNA Illustrative Benchmark Survey 2026 (Synthetic),2026,True
Uttar Pradesh,Kanpur,Tier 2,7778.73,931.56,5143.01,4351.58,4827.86,2517.61,94.0,freelance_other,1.0,65,10947.2,FINNA Illustrative Benchmark Survey 2026 (Synthetic),2026,True
Uttar Pradesh,Kanpur,Tier 2,8677.44,942.86,4934.33,4606.77,4710.88,2523.34,94.0,freelance_other,1.15,65,13518.7,FINNA Illustrative Benchmark Survey 2026 (Synthetic),2026,True
Uttar Pradesh,Kanpur,Tier 2,3154.07,408.2,5036.1,4597.43,2554.37,2576.22,94.0,mixed,0.92,25,1000.0,FINNA Illustrative Benchmark Survey 2026 (Synthetic),2026,True
Uttar Pradesh,Kanpur,Tier 2,3453.73,544.99,5293.51,4592.27,2564.02,2667.29,94.0,mixed,1.0,25,1000.0,FINNA Illustrative Benchmark Survey 2026 (Synthetic),2026,True
Uttar Pradesh,Kanpur,Tier 2,4015.21,406.6,5338.07,4446.56,2663.25,2650.61,94.0,mixed,1.15,25,1486.79,FINNA Illustrative Benchmark Survey 2026 (Synthetic),2026,True
Uttar Pradesh,Kanpur,Tier 2,4272.2,604.26,5247.29,4285.46,3524.12,2540.49,94.0,mixed,0.92,35,1885.82,FINNA Illustrative Benchmark Survey 2026 (Synthetic),2026,True
Uttar Pradesh,Kanpur,Tier 2,4650.02,566.24,5259.25,4233.7,3612.34,2711.59,94.0,mixed,1.0,35,2806.51,FINNA Illustrative Benchmark Survey 2026 (Synthetic),2026,True
Uttar Pradesh,Kanpur,Tier 2,5112.3,790.3,5045.42,4610.32,3440.68,2472.16,94.0,mixed,1.15,35,4268.99,FINNA Illustrative Benchmark Survey 2026 (Synthetic),2026,True
Uttar Pradesh,Kanpur,Tier 2,5201.96,593.69,4952.3,4571.71,4546.39,2640.98,94.0,mixed,0.92,45,3778.52,FINNA Illustrative Benchmark Survey 2026 (Synthetic),2026,True
Uttar Pradesh,Kanpur,Tier 2,5679.33,829.21,5052.21,4194.91,4528.99,2700.84,94.0,mixed,1.0,45,5274.46,FINNA Illustrative Benchmark Survey 2026 (Synthetic),2026,True
Uttar Pradesh,Kanpur,Tier 2,6562.18,841.7,5055.61,4550.11,4476.52,2717.55,94.0,mixed,1.15,45,7549.39,FINNA Illustrative Benchmark Survey 2026 (Synthetic),2026,True
Uttar Pradesh,Kanpur,Tier 2,6131.21,916.4,5201.23,4402.79,5208.47,2631.86,94.0,mixed,0.92,55,5917.46,FINNA Illustrative Benchmark Survey 2026 (Synthetic),2026,True
Uttar Pradesh,Kanpur,Tier 2,6660.82,960.94,5076.16,4192.03,5082.07,2644.18,94.0,mixed,1.0,55,7700.49,FINNA Illustrative Benchmark Survey 2026 (Synthetic),2026,True
Uttar Pradesh,Kanpur,Tier 2,7550.38,1113.39,4914.41,4356.29,5325.04,2541.88,94.0,mixed,1.15,55,10111.09,FINNA Illustrative Benchmark Survey 2026 (Synthetic),2026,True
Uttar Pradesh,Kanpur,Tier 2,6626.57,725.41,5108.35,4606.65,6288.12,2682.11,94.0,mixed,0.92,65,6505.08,FINNA Illustrative Benchmark Survey 2026 (Synthetic),2026,True
Uttar Pradesh,Kanpur,Tier 2,7658.69,1080.99,5249.25,4320.54,6115.49,2673.37,94.0,mixed,1.0,65,9622.26,FINNA Illustrative Benchmark Survey 2026 (Synthetic),2026,True
Uttar Pradesh,Kanpur,Tier 2,8405.55,1187.27,5266.65,4531.79,5978.41,2573.32,94.0,mixed,1.15,65,11729.81,FINNA Illustrative Benchmark Survey 2026 (Synthetic),2026,True
Uttar Pradesh,Noida,Tier 1,4041.96,616.74,9609.18,6438.29,3085.57,3688.21,132.0,delivery,0.92,25,1000.0,FINNA Illustrative Benchmark Survey 2026 (Synthetic),2026,True
Uttar Pradesh,Noida,Tier 1,4660.76,647.04,9316.5,6452.24,3274.78,3373.27,132.0,delivery,1.0,25,1000.0,FINNA Illustrative Benchmark Survey 2026 (Synthetic),2026,True
Uttar Pradesh,Noida,Tier 1,5267.86,580.12,9108.95,6155.92,3094.57,3327.41,132.0,delivery,1.15,25,1000.0,FINNA Illustrative Benchmark Survey 2026 (Synthetic),2026,True
Uttar Pradesh,Noida,Tier 1,5407.53,848.09,8847.96,6335.52,4248.84,3676.4,132.0,delivery,0.92,35,1000.0,FINNA Illustrative Benchmark Survey 2026 (Synthetic),2026,True
Uttar Pradesh,Noida,Tier 1,5918.52,831.06,8849.03,6332.41,4165.26,3652.01,132.0,delivery,1.0,35,1708.51,FINNA Illustrative Benchmark Survey 2026 (Synthetic),2026,True
Uttar Pradesh,Noida,Tier 1,6985.78,819.28,9194.63,5970.72,4392.75,3542.03,132.0,delivery,1.15,35,4646.39,FINNA Illustrative Benchmark Survey 2026 (Synthetic),2026,True
Uttar Pradesh,Noida,Tier 1,6982.07,816.75,9363.01,6149.37,5315.81,3351.3,132.0,delivery,0.92,45,3934.37,FINNA Illustrative Benchmark Survey 2026 (Synthetic),2026,True
Uttar Pradesh,Noida,Tier 1,7177.47,830.49,9308.27,6452.54,5299.15,3577.39,132.0,delivery,1.0,45,4186.71,FINNA Illustrative Benchmark Survey 2026 (Synthetic),2026,True
Uttar Pradesh,Noida,Tier 1,8366.9,841.87,8862.55,6090.41,5437.69,3578.48,132.0,delivery,1.15,45,7968.71,FINNA Illustrative Benchmark Survey 2026 (Synthetic),2026,True
Uttar Pradesh,Noida,Tier 1,8052.36,1147.52,9417.22,6048.86,6207.27,3314.68,132.0,delivery,0.92,55,6421.15,FINNA Illustrative Benchmark Survey 2026 (Synthetic),2026,True
Uttar Pradesh,Noida,Tier 1,8490.63,968.7,9575.57,6507.98,6640.43,3696.23,132.0,delivery,1.0,55,6723.74,FINNA Illustrative Benchmark Survey 2026 (Synthetic),2026,True
Uttar Pradesh,Noida,Tier 1,9974.32,1445.22,8781.87,6047.27,6476.38,3417.05,132.0,delivery,1.15,55,12003.05,FINNA Illustrative Benchmark Survey 2026 (Synthetic),2026,True
Uttar Pradesh,Noida,Tier 1,9003.08,1100.66,9630.61,6236.93,7503.74,3399.32,132.0,delivery,0.92,65,7938.28,FINNA Illustrative Benchmark Survey 2026 (Synthetic),2026,True
Uttar Pradesh,Noida,Tier 1,9872.06,1538.26,9547.67,5971.79,7346.77,3512.78,132.0,delivery,1.0,65,10638.56,FINNA Illustrative Benchmark Survey 2026 (Synthetic),2026,True
Uttar Pradesh,Noida,Tier 1,11024.23,1179.71,8780.63,5969.28,7677.42,3640.62,132.0,delivery,1.15,65,14083.53,FINNA Illustrative Benchmark Survey 2026 (Synthetic),2026,True
Uttar Pradesh,Noida,Tier 1,4737.3,737.0,9000.29,6433.7,3790.02,3609.86,132.0,ride_hailing,0.92,25,1000.0,FINNA Illustrative Benchmark Survey 2026 (Synthetic),2026,True
Uttar Pradesh,Noida,Tier 1,4953.71,588.4,9561.26,6085.64,3904.69,3610.74,132.0,ride_hailing,1.0,25,1000.0,FINNA Illustrative Benchmark Survey 2026 (Synthetic),2026,True
Uttar Pradesh,Noida,Tier 1,5644.52,853.35,9344.83,6384.9,3621.83,3352.42,132.0,ride_hailing,1.15,25,1128.91,FINNA Illustrative Benchmark Survey 2026 (Synthetic),2026,True
Uttar Pradesh,Noida,Tier 1,5988.83,611.77,8979.41,6327.7,5058.66,3707.98,132.0,ride_hailing,0.92,35,1207.62,FINNA Illustrative Benchmark Survey 2026 (Synthetic),2026,True
Uttar Pradesh,Noida,Tier 1,6880.77,704.92,9068.0,6329.6,5078.5,3497.06,132.0,ride_hailing,1.0,35,3783.37,FINNA Illustrative Benchmark Survey 2026 (Synthetic),2026,True
Uttar Pradesh,Noida,Tier 1,7863.08,1195.29,8853.76,5948.02,5234.28,3365.88,132.0,ride_hailing,1.15,35,6919.38,FINNA Illustrative Benchmark Survey 2026 (Synthetic),2026,True
Uttar Pradesh,Noida,Tier 1,7322.32,955.74,8990.97,6442.35,6418.7,3535.09,132.0,ride_hailing,0.92,45,4107.05,FINNA Illustrative Benchmark Survey 2026 (Synthetic),2026,True
Uttar Pradesh,Noida,Tier 1,8484.48,1116.23,9265.12,6148.18,6159.19,3612.67,132.0,ride_hailing,1.0,45,7509.21,FINNA Illustrative Benchmark Survey 2026 (Synthetic),2026,True
Uttar Pradesh,Noida,Tier 1,9535.47,1461.24,8763.89,6312.41,6467.13,3455.55,132.0,ride_hailing,1.15,45,10588.24,FINNA Illustrative Benchmark Survey 2026 (Synthetic),2026,True
Uttar Pradesh,Noida,Tier 1,8931.39,1402.88,9510.02,5985.34,7380.92,3638.89,132.0,ride_hailing,0.92,55,7902.54,FINNA Illustrative Benchmark Survey 2026 (Synthetic),2026,True
Uttar Pradesh,Noida,Tier 1,9761.4,1242.07,9618.79,6258.41,7334.94,3697.3,132.0,ride_hailing,1.0,55,9982.32,FINNA Illustrative Benchmark Survey 2026 (Synthetic),2026,True
Uttar Pradesh,Noida,Tier 1,11222.62,1762.55,9038.92,6343.56,7780.03,3692.11,132.0,ride_hailing,1.15,55,14130.56,FINNA Illustrative Benchmark Survey 2026 (Synthetic),2026,True
Uttar Pradesh,Noida,Tier 1,10225.38,1152.22,8784.79,6289.06,8750.31,3313.32,132.0,ride_hailing,0.92,65,11139.97,FINNA Illustrative Benchmark Survey 2026 (Synthetic),2026,True
Uttar Pradesh,Noida,Tier 1,10673.8,1677.0,9090.88,6137.29,8647.24,3695.32,132.0,ride_hailing,1.0,65,12120.44,FINNA Illustrative Benchmark Survey 2026 (Synthetic),2026,True
Uttar Pradesh,Noida,Tier 1,13083.1,1378.32,9524.16,5991.02,9074.33,3409.67,132.0,ride_hailing,1.15,65,18622.92,FINNA Illustrative Benchmark Survey 2026 (Synthetic),2026,True
Uttar Pradesh,Noida,Tier 1,4569.81,636.32,8850.95,6194.32,2540.31,3628.67,132.0,freelance_other,0.92,25,1000.0,FINNA Illustrative Benchmark Survey 2026 (Synthetic),2026,True
Uttar Pradesh,Noida,Tier 1,4794.85,676.54,8860.78,6302.62,2621.98,3505.31,132.0,freelance_other,1.0,25,1000.0,FINNA Illustrative Benchmark Survey 2026 (Synthetic),2026,True
Uttar Pradesh,Noida,Tier 1,5594.49,856.66,9178.32,6239.1,2538.42,3607.73,132.0,freelance_other,1.15,25,1729.37,FINNA Illustrative Benchmark Survey 2026 (Synthetic),2026,True
Uttar Pradesh,Noida,Tier 1,6049.35,827.75,9139.38,6154.13,3330.36,3433.53,132.0,freelance_other,0.92,35,2688.59,FINNA Illustrative Benchmark Survey 2026 (Synthetic),2026,True
Uttar Pradesh,Noida,Tier 1,6397.04,725.77,9371.34,5986.14,3456.18,3554.42,132.0,freelance_other,1.0,35,3465.22,FINNA Illustrative Benchmark Survey 2026 (Synthetic),2026,True
Uttar Pradesh,Noida,Tier 1,7392.69,868.21,9142.37,6452.47,3451.28,3352.41,132.0,freelance_other,1.15,35,6247.68,FINNA Illustrative Benchmark Survey 2026 (Synthetic),2026,True
Uttar Pradesh,Noida,Tier 1,7037.3,1084.97,9514.21,6214.32,4264.07,3310.05,132.0,freelance_other,0.92,45,4659.76,FINNA Illustrative Benchmark Survey 2026 (Synthetic),2026,True
Uttar Pradesh,Noida,Tier 1,7616.91,782.3,8839.02,6153.45,4194.37,3567.56,132.0,freelance_other,1.0,45,6647.43,FINNA Illustrative Benchmark Survey 2026 (Synthetic),2026,True
Uttar Pradesh,Noida,Tier 1,9116.27,1050.22,8974.47,5940.7,4336.19,3337.85,132.0,freelance_other,1.15,45,10974.76,FINNA Illustrative Benchmark Survey 2026 (Synthetic),2026,True
Uttar Pradesh,Noida,Tier 1,8661.15,959.42,8907.63,6133.63,5019.95,3658.24,132.0,freelance_other,0.92,55,8959.16,FINNA Illustrative Benchmark Survey 2026 (Synthetic),2026,True
Uttar Pradesh,Noida,Tier 1,9143.7,1236.53,9158.6,6305.56,5244.51,3401.33,132.0,freelance_other,1.0,55,10063.44,FINNA Illustrative Benchmark Survey 2026 (Synthetic),2026,True
Uttar Pradesh,Noida,Tier 1,11087.35,1688.39,8912.22,6004.75,5295.7,3543.7,132.0,freelance_other,1.15,55,15763.71,FINNA Illustrative Benchmark Survey 2026 (Synthetic),2026,True
Uttar Pradesh,Noida,Tier 1,10097.46,1074.17,9231.63,5893.63,5850.51,3362.13,132.0,freelance_other,0.92,65,12599.67,FINNA Illustrative Benchmark Survey 2026 (Synthetic),2026,True
Uttar Pradesh,Noida,Tier 1,10639.12,1505.52,9539.28,6488.8,6084.79,3494.42,132.0,freelance_other,1.0,65,13299.06,FINNA Illustrative Benchmark Survey 2026 (Synthetic),2026,True
Uttar Pradesh,Noida,Tier 1,12373.62,1960.42,9071.87,6307.76,6127.47,3455.9,132.0,freelance_other,1.15,65,18599.6,FINNA Illustrative Benchmark Survey 2026 (Synthetic),2026,True
Uttar Pradesh,Noida,Tier 1,4326.95,465.17,8752.77,5959.39,3177.34,3697.62,132.0,mixed,0.92,25,1000.0,FINNA Illustrative Benchmark Survey 2026 (Synthetic),2026,True
Uttar Pradesh,Noida,Tier 1,4915.9,553.3,9336.73,6292.84,3288.37,3552.94,132.0,mixed,1.0,25,1000.0,FINNA Illustrative Benchmark Survey 2026 (Synthetic),2026,True
Uttar Pradesh,Noida,Tier 1,5622.95,626.71,9016.84,6177.32,3298.47,3299.16,132.0,mixed,1.15,25,1661.13,FINNA Illustrative Benchmark Survey 2026 (Synthetic),2026,True
Uttar Pradesh,Noida,Tier 1,5638.45,615.41,9386.39,6487.6,4464.17,3651.11,132.0,mixed,0.92,35,1000.0,FINNA Illustrative Benchmark Survey 2026 (Synthetic),2026,True
Uttar Pradesh,Noida,Tier 1,6339.88,710.58,9263.88,6406.98,4313.63,3293.31,132.0,mixed,1.0,35,2713.02,FINNA Illustrative Benchmark Survey 2026 (Synthetic),2026,True
Uttar Pradesh,Noida,Tier 1,7317.04,1044.77,9641.13,6416.14,4559.24,3540.25,132.0,mixed,1.15,35,4891.92,FINNA Illustrative Benchmark Survey 2026 (Synthetic),2026,True
Uttar Pradesh,Noida,Tier 1,7149.89,839.73,9188.5,6191.38,5650.86,3546.83,132.0,mixed,0.92,45,4147.94,FINNA Illustrative Benchmark Survey 2026 (Synthetic),2026,True
Uttar Pradesh,Noida,Tier 1,7848.6,1169.45,9188.87,6332.86,5622.7,3467.24,132.0,mixed,1.0,45,6092.3,FINNA Illustrative Benchmark Survey 2026 (Synthetic),2026,True
Uttar Pradesh,Noida,Tier 1,8767.6,910.17,9561.45,6148.63,5598.03,3497.81,132.0,mixed,1.15,45,8552.56,FINNA Illustrative Benchmark Survey 2026 (Synthetic),2026,True
Uttar Pradesh,Noida,Tier 1,8686.99,1049.44,9381.71,5902.9,6606.47,3370.72,132.0,mixed,0.92,55,8029.36,FINNA Illustrative Benchmark Survey 2026 (Synthetic),2026,True
Uttar Pradesh,Noida,Tier 1,9008.08,1026.26,8942.13,6453.62,6633.97,3542.88,132.0,mixed,1.0,55,8731.05,FINNA Illustrative Benchmark Survey 2026 (Synthetic),2026,True
Uttar Pradesh,Noida,Tier 1,10777.75,1502.61,8860.67,6071.9,6834.09,3693.12,132.0,mixed,1.15,55,13785.12,FINNA Illustrative Benchmark Survey 2026 (Synthetic),2026,True
Uttar Pradesh,Noida,Tier 1,9880.8,1387.13,9415.82,6383.5,7998.07,3644.7,132.0,mixed,0.92,65,9972.15,FINNA Illustrative Benchmark Survey 2026 (Synthetic),2026,True
Uttar Pradesh,Noida,Tier 1,10563.22,1235.34,9429.31,6303.58,7579.0,3373.78,132.0,mixed,1.0,65,12384.5,FINNA Illustrative Benchmark Survey 2026 (Synthetic),2026,True
Uttar Pradesh,Noida,Tier 1,12132.21,1286.67,9122.71,6506.14,7688.08,3377.96,132.0,mixed,1.15,65,16794.43,FINNA Illustrative Benchmark Survey 2026 (Synthetic),2026,True
Haryana,Gurugram,Tier 1,4325.76,437.28,11211.38,6604.22,3189.29,3845.61,142.0,delivery,0.92,25,1000.0,FINNA Illustrative Benchmark Survey 2026 (Synthetic),2026,True
Haryana,Gurugram,Tier 1,5032.65,512.92,10328.76,6653.52,3309.68,3531.59,142.0,delivery,1.0,25,1000.0,FINNA Illustrative Benchmark Survey 2026 (Synthetic),2026,True
Haryana,Gurugram,Tier 1,5486.66,633.54,10627.55,6603.01,3159.93,3867.7,142.0,delivery,1.15,25,1000.0,FINNA Illustrative Benchmark Survey 2026 (Synthetic),2026,True
Haryana,Gurugram,Tier 1,5804.47,633.1,11005.35,6710.31,4498.67,3791.64,142.0,delivery,0.92,35,1000.0,FINNA Illustrative Benchmark Survey 2026 (Synthetic),2026,True
Haryana,Gurugram,Tier 1,6648.2,839.47,10753.71,6928.87,4300.34,3525.02,142.0,delivery,1.0,35,2131.2,FINNA Illustrative Benchmark Survey 2026 (Synthetic),2026,True
Haryana,Gurugram,Tier 1,7458.5,1095.87,11283.17,6916.82,4275.85,3524.8,142.0,delivery,1.15,35,4091.53,FINNA Illustrative Benchmark Survey 2026 (Synthetic),2026,True
Haryana,Gurugram,Tier 1,7343.54,1118.07,11243.86,6470.21,5472.45,3674.03,142.0,delivery,0.92,45,3209.04,FINNA Illustrative Benchmark Survey 2026 (Synthetic),2026,True
Haryana,Gurugram,Tier 1,7903.73,1137.77,10367.24,6798.55,5491.37,3539.17,142.0,delivery,1.0,45,5217.43,FINNA Illustrative Benchmark Survey 2026 (Synthetic),2026,True
Haryana,Gurugram,Tier 1,9338.36,1179.87,10709.01,6880.25,5451.61,3837.26,142.0,delivery,1.15,45,8812.03,FINNA Illustrative Benchmark Survey 2026 (Synthetic),2026,True
Haryana,Gurugram,Tier 1,8459.21,1102.25,10352.05,6614.53,6802.45,3638.13,142.0,delivery,0.92,55,5993.79,FINNA Illustrative Benchmark Survey 2026 (Synthetic),2026,True
Haryana,Gurugram,Tier 1,9435.94,1029.43,11073.79,6647.55,6521.57,3833.99,142.0,delivery,1.0,55,8307.47,FINNA Illustrative Benchmark Survey 2026 (Synthetic),2026,True
Haryana,Gurugram,Tier 1,10635.78,1324.78,10755.45,6936.1,6823.66,3638.63,142.0,delivery,1.15,55,11634.41,FINNA Illustrative Benchmark Survey 2026 (Synthetic),2026,True
Haryana,Gurugram,Tier 1,9456.2,1028.22,10270.74,6905.19,8023.1,3515.64,142.0,delivery,0.92,65,7949.94,FINNA Illustrative Benchmark Survey 2026 (Synthetic),2026,True
Haryana,Gurugram,Tier 1,10522.02,1672.12,10437.47,6406.18,7908.77,3771.12,142.0,delivery,1.0,65,11073.92,FINNA Illustrative Benchmark Survey 2026 (Synthetic),2026,True
Haryana,Gurugram,Tier 1,12421.3,1914.75,10322.43,6788.18,7880.37,3771.2,142.0,delivery,1.15,65,16264.33,FINNA Illustrative Benchmark Survey 2026 (Synthetic),2026,True
Haryana,Gurugram,Tier 1,5034.96,592.83,10694.16,6821.18,3920.12,3613.12,142.0,ride_hailing,0.92,25,1000.0,FINNA Illustrative Benchmark Survey 2026 (Synthetic),2026,True
Haryana,Gurugram,Tier 1,5570.23,860.9,10268.53,6552.45,3912.06,3886.68,142.0,ride_hailing,1.0,25,1000.0,FINNA Illustrative Benchmark Survey 2026 (Synthetic),2026,True
Haryana,Gurugram,Tier 1,6384.45,809.37,10481.54,6729.76,3993.42,3767.5,142.0,ride_hailing,1.15,25,1737.09,FINNA Illustrative Benchmark Survey 2026 (Synthetic),2026,True
Haryana,Gurugram,Tier 1,6728.86,1031.27,11104.09,6636.02,5155.96,3611.88,142.0,ride_hailing,0.92,35,1708.21,FINNA Illustrative Benchmark Survey 2026 (Synthetic),2026,True
Haryana,Gurugram,Tier 1,6933.52,832.5,11043.11,6860.83,5125.82,3918.41,142.0,ride_hailing,1.0,35,1998.08,FINNA Illustrative Benchmark Survey 2026 (Synthetic),2026,True
Haryana,Gurugram,Tier 1,8137.14,859.03,10855.93,6714.3,5392.57,3549.05,142.0,ride_hailing,1.15,35,5669.28,FINNA Illustrative Benchmark Survey 2026 (Synthetic),2026,True
Haryana,Gurugram,Tier 1,7832.72,1157.64,10899.9,6526.7,6770.3,3800.57,142.0,ride_hailing,0.92,45,3846.83,FINNA Illustrative Benchmark Survey 2026 (Synthetic),2026,True
Haryana,Gurugram,Tier 1,9192.69,980.18,10324.74,6614.9,6692.3,3635.39,142.0,ride_hailing,1.0,45,8149.06,FINNA Illustrative Benchmark Survey 2026 (Synthetic),2026,True
Haryana,Gurugram,Tier 1,9807.05,1363.75,10394.73,6564.63,6750.54,3679.2,142.0,ride_hailing,1.15,45,9799.03,FINNA Illustrative Benchmark Survey 2026 (Synthetic),2026,True
Haryana,Gurugram,Tier 1,9966.89,1478.32,11328.12,6743.95,8186.72,3756.72,142.0,ride_hailing,0.92,55,8541.73,FINNA Illustrative Benchmark Survey 2026 (Synthetic),2026,True
Haryana,Gurugram,Tier 1,10458.35,1419.54,10638.36,6555.64,8117.17,3795.4,142.0,ride_hailing,1.0,55,10515.76,FINNA Illustrative Benchmark Survey 2026 (Synthetic),2026,True
Haryana,Gurugram,Tier 1,12160.63,1737.28,10821.24,6530.91,7827.05,3736.57,142.0,ride_hailing,1.15,55,15430.84,FINNA Illustrative Benchmark Survey 2026 (Synthetic),2026,True
Haryana,Gurugram,Tier 1,11289.17,1373.62,10365.83,6841.8,9466.3,3514.38,142.0,ride_hailing,0.92,65,12150.97,FINNA Illustrative Benchmark Survey 2026 (Synthetic),2026,True
Haryana,Gurugram,Tier 1,11542.93,1769.65,10774.35,6663.93,9127.49,3711.66,142.0,ride_hailing,1.0,65,12807.25,FINNA Illustrative Benchmark Survey 2026 (Synthetic),2026,True
Haryana,Gurugram,Tier 1,13853.28,1816.67,10686.37,6541.67,9223.08,3666.0,142.0,ride_hailing,1.15,65,19413.93,FINNA Illustrative Benchmark Survey 2026 (Synthetic),2026,True
Haryana,Gurugram,Tier 1,4824.23,751.91,10788.7,7017.09,2723.06,3542.09,142.0,freelance_other,0.92,25,1000.0,FINNA Illustrative Benchmark Survey 2026 (Synthetic),2026,True
Haryana,Gurugram,Tier 1,5111.82,729.3,10399.74,6837.03,2731.44,3530.42,142.0,freelance_other,1.0,25,1000.0,FINNA Illustrative Benchmark Survey 2026 (Synthetic),2026,True
Haryana,Gurugram,Tier 1,5920.04,760.14,11066.22,6997.53,2626.55,3900.61,142.0,freelance_other,1.15,25,1000.0,FINNA Illustrative Benchmark Survey 2026 (Synthetic),2026,True
Haryana,Gurugram,Tier 1,6439.56,801.84,10390.54,6748.08,3460.92,3546.07,142.0,freelance_other,0.92,35,2429.5,FINNA Illustrative Benchmark Survey 2026 (Synthetic),2026,True
Haryana,Gurugram,Tier 1,6871.69,1095.77,10587.52,6690.57,3676.77,3541.11,142.0,freelance_other,1.0,35,3417.99,FINNA Illustrative Benchmark Survey 2026 (Synthetic),2026,True
Haryana,Gurugram,Tier 1,8041.79,827.65,11225.79,6960.67,3511.31,3841.69,142.0,freelance_other,1.15,35,6032.97,FINNA Illustrative Benchmark Survey 2026 (Synthetic),2026,True
Haryana,Gurugram,Tier 1,7842.4,841.8,10636.54,6948.19,4475.29,3732.44,142.0,freelance_other,0.92,45,5307.34,FINNA Illustrative Benchmark Survey 2026 (Synthetic),2026,True
Haryana,Gurugram,Tier 1,8576.89,1320.99,11103.86,6683.4,4584.3,3746.94,142.0,freelance_other,1.0,45,7162.63,FINNA Illustrative Benchmark Survey 2026 (Synthetic),2026,True
Haryana,Gurugram,Tier 1,10017.42,1305.13,10757.81,6666.45,4486.65,3862.66,142.0,freelance_other,1.15,45,11441.21,FINNA Illustrative Benchmark Survey 2026 (Synthetic),2026,True
Haryana,Gurugram,Tier 1,9124.02,1350.25,10977.66,6639.45,5281.37,3653.56,142.0,freelance_other,0.92,55,8420.73,FINNA Illustrative Benchmark Survey 2026 (Synthetic),2026,True
Haryana,Gurugram,Tier 1,10091.04,1589.19,11221.25,6858.06,5459.72,3862.48,142.0,freelance_other,1.0,55,10590.25,FINNA Illustrative Benchmark Survey 2026 (Synthetic),2026,True
Haryana,Gurugram,Tier 1,11758.5,1579.4,11119.85,6838.96,5423.08,3532.96,142.0,freelance_other,1.15,55,15599.65,FINNA Illustrative Benchmark Survey 2026 (Synthetic),2026,True
Haryana,Gurugram,Tier 1,10662.29,1189.33,10928.2,6751.49,6047.92,3731.19,142.0,freelance_other,0.92,65,12160.8,FINNA Illustrative Benchmark Survey 2026 (Synthetic),2026,True
Haryana,Gurugram,Tier 1,11248.06,1445.94,11228.61,6445.59,6491.15,3557.81,142.0,freelance_other,1.0,65,13637.61,FINNA Illustrative Benchmark Survey 2026 (Synthetic),2026,True
Haryana,Gurugram,Tier 1,12754.42,1877.52,10524.91,6837.76,6466.8,3675.24,142.0,freelance_other,1.15,65,18019.25,FINNA Illustrative Benchmark Survey 2026 (Synthetic),2026,True
Haryana,Gurugram,Tier 1,4874.52,664.94,10693.94,6395.14,3534.44,3488.33,142.0,mixed,0.92,25,1000.0,FINNA Illustrative Benchmark Survey 2026 (Synthetic),2026,True
Haryana,Gurugram,Tier 1,5145.36,642.64,11188.42,6577.65,3368.25,3528.9,142.0,mixed,1.0,25,1000.0,FINNA Illustrative Benchmark Survey 2026 (Synthetic),2026,True
Haryana,Gurugram,Tier 1,5756.5,633.73,10415.56,6536.22,3322.2,3614.22,142.0,mixed,1.15,25,1000.0,FINNA Illustrative Benchmark Survey 2026 (Synthetic),2026,True
Haryana,Gurugram,Tier 1,6222.84,685.45,10923.63,6582.94,4473.96,3503.97,142.0,mixed,0.92,35,1000.0,FINNA Illustrative Benchmark Survey 2026 (Synthetic),2026,True
Haryana,Gurugram,Tier 1,6754.51,805.15,10705.85,6582.23,4603.54,3845.52,142.0,mixed,1.0,35,2281.43,FINNA Illustrative Benchmark Survey 2026 (Synthetic),2026,True
Haryana,Gurugram,Tier 1,7599.05,852.26,11072.3,6757.64,4647.23,3812.06,142.0,mixed,1.15,35,4299.53,FINNA Illustrative Benchmark Survey 2026 (Synthetic),2026,True
Haryana,Gurugram,Tier 1,7633.23,816.03,10325.48,6676.43,5786.66,3692.97,142.0,mixed,0.92,45,4270.72,FINNA Illustrative Benchmark Survey 2026 (Synthetic),2026,True
Haryana,Gurugram,Tier 1,8312.03,947.77,11217.05,6545.34,6046.16,3777.74,142.0,mixed,1.0,45,5463.12,FINNA Illustrative Benchmark Survey 2026 (Synthetic),2026,True
Haryana,Gurugram,Tier 1,9434.66,1257.47,11108.03,6569.09,5786.51,3515.26,142.0,mixed,1.15,45,9017.57,FINNA Illustrative Benchmark Survey 2026 (Synthetic),2026,True
Haryana,Gurugram,Tier 1,9180.72,1030.14,11305.34,6615.11,7255.14,3825.22,142.0,mixed,0.92,55,6988.61,FINNA Illustrative Benchmark Survey 2026 (Synthetic),2026,True
Haryana,Gurugram,Tier 1,9901.44,1241.89,11244.41,6667.67,6705.19,3684.31,142.0,mixed,1.0,55,9471.58,FINNA Illustrative Benchmark Survey 2026 (Synthetic),2026,True
Haryana,Gurugram,Tier 1,11651.7,1367.38,11309.85,6365.36,7226.2,3692.09,142.0,mixed,1.15,55,14207.93,FINNA Illustrative Benchmark Survey 2026 (Synthetic),2026,True
Haryana,Gurugram,Tier 1,10496.93,1578.42,10670.57,6600.45,8202.92,3737.81,142.0,mixed,0.92,65,10555.97,FINNA Illustrative Benchmark Survey 2026 (Synthetic),2026,True
Haryana,Gurugram,Tier 1,11330.43,1163.96,11058.32,6742.26,7987.61,3653.52,142.0,mixed,1.0,65,12752.38,FINNA Illustrative Benchmark Survey 2026 (Synthetic),2026,True
Haryana,Gurugram,Tier 1,12626.55,1368.45,10861.0,6552.24,8072.89,3749.04,142.0,mixed,1.15,65,16534.56,FINNA Illustrative Benchmark Survey 2026 (Synthetic),2026,True
Haryana,Faridabad,Tier 2,3592.55,427.87,6618.37,4921.32,2670.09,3090.97,108.0,delivery,0.92,25,1000.0,FINNA Illustrative Benchmark Survey 2026 (Synthetic),2026,True
Haryana,Faridabad,Tier 2,3752.84,430.66,6813.96,4920.81,2713.3,3035.82,108.0,delivery,1.0,25,1000.0,FINNA Illustrative Benchmark Survey 2026 (Synthetic),2026,True
Haryana,Faridabad,Tier 2,4164.37,589.3,6595.19,4751.02,2716.94,3144.52,108.0,delivery,1.15,25,1000.0,FINNA Illustrative Benchmark Survey 2026 (Synthetic),2026,True
Haryana,Faridabad,Tier 2,4629.97,577.77,6756.92,5101.65,3762.15,3013.73,108.0,delivery,0.92,35,1000.0,FINNA Illustrative Benchmark Survey 2026 (Synthetic),2026,True
Haryana,Faridabad,Tier 2,5078.09,705.58,6225.39,4765.47,3782.68,3061.78,108.0,delivery,1.0,35,2699.33,FINNA Illustrative Benchmark Survey 2026 (Synthetic),2026,True
Haryana,Faridabad,Tier 2,5787.26,701.3,6703.31,5163.73,3642.91,2883.79,108.0,delivery,1.15,35,4332.31,FINNA Illustrative Benchmark Survey 2026 (Synthetic),2026,True
Haryana,Faridabad,Tier 2,5732.31,812.97,6180.48,4981.35,4781.24,2980.05,108.0,delivery,0.92,45,3833.56,FINNA Illustrative Benchmark Survey 2026 (Synthetic),2026,True
Haryana,Faridabad,Tier 2,5964.1,603.49,6357.74,5210.7,4567.45,2852.39,108.0,delivery,1.0,45,4443.58,FINNA Illustrative Benchmark Survey 2026 (Synthetic),2026,True
Haryana,Faridabad,Tier 2,7078.66,836.63,6641.58,4867.13,4617.71,2950.68,108.0,delivery,1.15,45,7522.77,FINNA Illustrative Benchmark Survey 2026 (Synthetic),2026,True
Haryana,Faridabad,Tier 2,6499.74,1002.72,6634.53,4854.54,5399.92,3115.6,108.0,delivery,0.92,55,5290.53,FINNA Illustrative Benchmark Survey 2026 (Synthetic),2026,True
Haryana,Faridabad,Tier 2,7131.28,1085.34,6544.92,4997.01,5557.41,3057.54,108.0,delivery,1.0,55,6969.02,FINNA Illustrative Benchmark Survey 2026 (Synthetic),2026,True
Haryana,Faridabad,Tier 2,8313.19,1171.69,6542.34,4782.68,5369.89,2843.42,108.0,delivery,1.15,55,10697.56,FINNA Illustrative Benchmark Survey 2026 (Synthetic),2026,True
Haryana,Faridabad,Tier 2,7441.14,998.56,6323.18,5011.54,6577.64,2889.07,108.0,delivery,0.92,65,7422.16,FINNA Illustrative Benchmark Survey 2026 (Synthetic),2026,True
Haryana,Faridabad,Tier 2,8364.2,1334.23,6625.44,5016.47,6305.25,3021.64,108.0,delivery,1.0,65,9911.32,FINNA Illustrative Benchmark Survey 2026 (Synthetic),2026,True
Haryana,Faridabad,Tier 2,9448.84,1476.6,6591.63,5221.54,6201.79,3157.95,108.0,delivery,1.15,65,12831.37,FINNA Illustrative Benchmark Survey 2026 (Synthetic),2026,True
Haryana,Faridabad,Tier 2,3860.67,616.57,6353.12,5090.09,3231.88,2950.13,108.0,ride_hailing,0.92,25,1000.0,FINNA Illustrative Benchmark Survey 2026 (Synthetic),2026,True
Haryana,Faridabad,Tier 2,4306.57,659.03,6320.96,4888.97,3219.82,2981.59,108.0,ride_hailing,1.0,25,1000.0,FINNA Illustrative Benchmark Survey 2026 (Synthetic),2026,True
Haryana,Faridabad,Tier 2,4659.94,520.41,6228.18,5035.91,3117.5,3085.48,108.0,ride_hailing,1.15,25,1761.81,FINNA Illustrative Benchmark Survey 2026 (Synthetic),2026,True
Haryana,Faridabad,Tier 2,5310.53,666.1,6223.39,4874.99,4268.9,2931.89,108.0,ride_hailing,0.92,35,3052.03,FINNA Illustrative Benchmark Survey 2026 (Synthetic),2026,True
Haryana,Faridabad,Tier 2,5615.71,594.16,6486.98,5154.03,4419.12,3045.47,108.0,ride_hailing,1.0,35,3386.78,FINNA Illustrative Benchmark Survey 2026 (Synthetic),2026,True
Haryana,Faridabad,Tier 2,6308.87,725.68,6245.1,4869.18,4330.78,2839.6,108.0,ride_hailing,1.15,35,5871.29,FINNA Illustrative Benchmark Survey 2026 (Synthetic),2026,True
Haryana,Faridabad,Tier 2,6201.76,915.67,6788.31,5137.87,5552.61,3095.08,108.0,ride_hailing,0.92,45,4081.84,FINNA Illustrative Benchmark Survey 2026 (Synthetic),2026,True
Haryana,Faridabad,Tier 2,6900.51,929.75,6230.6,4780.34,5294.67,2932.78,108.0,ride_hailing,1.0,45,6916.53,FINNA Illustrative Benchmark Survey 2026 (Synthetic),2026,True
Haryana,Faridabad,Tier 2,8075.34,839.04,6257.9,5209.56,5474.44,2928.53,108.0,ride_hailing,1.15,45,9812.26,FINNA Illustrative Benchmark Survey 2026 (Synthetic),2026,True
Haryana,Faridabad,Tier 2,7484.47,777.99,6615.42,5029.63,6480.57,2957.32,108.0,ride_hailing,0.92,55,7361.13,FINNA Illustrative Benchmark Survey 2026 (Synthetic),2026,True
Haryana,Faridabad,Tier 2,7793.57,1130.99,6326.52,5049.79,6672.86,2823.82,108.0,ride_hailing,1.0,55,8367.56,FINNA Illustrative Benchmark Survey 2026 (Synthetic),2026,True
Haryana,Faridabad,Tier 2,9176.08,1355.4,6746.96,5059.62,6504.13,3157.53,108.0,ride_hailing,1.15,55,11871.72,FINNA Illustrative Benchmark Survey 2026 (Synthetic),2026,True
Haryana,Faridabad,Tier 2,8689.82,1105.73,6388.33,4846.24,7414.22,3034.26,108.0,ride_hailing,0.92,65,10363.52,FINNA Illustrative Benchmark Survey 2026 (Synthetic),2026,True
Haryana,Faridabad,Tier 2,8916.85,1314.03,6300.85,5036.61,7741.76,2912.26,108.0,ride_hailing,1.0,65,10802.01,FINNA Illustrative Benchmark Survey 2026 (Synthetic),2026,True
Haryana,Faridabad,Tier 2,10554.73,1514.37,6464.01,4871.58,7839.57,2841.78,108.0,ride_hailing,1.15,65,15395.28,FINNA Illustrative Benchmark Survey 2026 (Synthetic),2026,True
Haryana,Faridabad,Tier 2,3686.59,465.07,6798.83,5127.19,2170.28,3138.68,108.0,freelance_other,0.92,25,1000.0,FINNA Illustrative Benchmark Survey 2026 (Synthetic),2026,True
Haryana,Faridabad,Tier 2,4158.13,452.59,6375.64,4921.45,2180.44,2822.91,108.0,freelance_other,1.0,25,1107.77,FINNA Illustrative Benchmark Survey 2026 (Synthetic),2026,True
Haryana,Faridabad,Tier 2,4711.08,662.84,6212.26,5003.55,2262.65,3129.13,108.0,freelance_other,1.15,25,2464.4,FINNA Illustrative Benchmark Survey 2026 (Synthetic),2026,True
Haryana,Faridabad,Tier 2,4901.47,547.61,6305.24,5204.25,3050.99,2942.96,108.0,freelance_other,0.92,35,2417.95,FINNA Illustrative Benchmark Survey 2026 (Synthetic),2026,True
Haryana,Faridabad,Tier 2,5433.11,769.8,6813.25,5049.88,2942.63,3028.23,108.0,freelance_other,1.0,35,3699.39,FINNA Illustrative Benchmark Survey 2026 (Synthetic),2026,True
Haryana,Faridabad,Tier 2,6393.68,875.72,6447.15,4831.14,2972.01,3104.11,108.0,freelance_other,1.15,35,6714.65,FINNA Illustrative Benchmark Survey 2026 (Synthetic),2026,True
Haryana,Faridabad,Tier 2,5838.98,660.76,6177.4,4861.51,3659.3,3044.61,108.0,freelance_other,0.92,45,4900.98,FINNA Illustrative Benchmark Survey 2026 (Synthetic),2026,True
Haryana,Faridabad,Tier 2,6450.45,929.35,6794.18,4915.76,3811.83,2893.91,108.0,freelance_other,1.0,45,6184.6,FINNA Illustrative Benchmark Survey 2026 (Synthetic),2026,True
Haryana,Faridabad,Tier 2,7384.82,1177.09,6410.83,4786.87,3599.38,2861.47,108.0,freelance_other,1.15,45,9306.52,FINNA Illustrative Benchmark Survey 2026 (Synthetic),2026,True
Haryana,Faridabad,Tier 2,7025.33,784.48,6555.7,5132.77,4316.82,2830.69,108.0,freelance_other,0.92,55,7529.4,FINNA Illustrative Benchmark Survey 2026 (Synthetic),2026,True
Haryana,Faridabad,Tier 2,7578.6,837.05,6750.5,5109.42,4422.88,3019.62,108.0,freelance_other,1.0,55,8783.4,FINNA Illustrative Benchmark Survey 2026 (Synthetic),2026,True
Haryana,Faridabad,Tier 2,8701.61,881.38,6722.87,5205.32,4308.61,3063.88,108.0,freelance_other,1.15,55,11945.24,FINNA Illustrative Benchmark Survey 2026 (Synthetic),2026,True
Haryana,Faridabad,Tier 2,8114.63,1194.84,6247.13,5218.06,5125.98,2906.45,108.0,freelance_other,0.92,65,10165.17,FINNA Illustrative Benchmark Survey 2026 (Synthetic),2026,True
Haryana,Faridabad,Tier 2,9127.04,1274.63,6786.76,5238.55,5414.5,3137.4,108.0,freelance_other,1.0,65,12312.87,FINNA Illustrative Benchmark Survey 2026 (Synthetic),2026,True
Haryana,Faridabad,Tier 2,10552.55,1096.65,6268.88,5212.08,5330.02,2889.01,108.0,freelance_other,1.15,65,16895.16,FINNA Illustrative Benchmark Survey 2026 (Synthetic),2026,True
Haryana,Faridabad,Tier 2,3637.87,445.48,6564.71,5238.49,2793.4,2836.63,108.0,mixed,0.92,25,1000.0,FINNA Illustrative Benchmark Survey 2026 (Synthetic),2026,True
Haryana,Faridabad,Tier 2,4030.18,448.74,6523.05,5144.79,2812.36,2839.17,108.0,mixed,1.0,25,1000.0,FINNA Illustrative Benchmark Survey 2026 (Synthetic),2026,True
Haryana,Faridabad,Tier 2,4700.68,716.25,6728.48,5234.19,2939.7,2895.33,108.0,mixed,1.15,25,1661.56,FINNA Illustrative Benchmark Survey 2026 (Synthetic),2026,True
Haryana,Faridabad,Tier 2,4678.78,600.01,6606.28,4782.44,3862.91,3090.47,108.0,mixed,0.92,35,1246.06,FINNA Illustrative Benchmark Survey 2026 (Synthetic),2026,True
Haryana,Faridabad,Tier 2,5322.9,694.9,6499.08,4982.13,3805.22,2954.6,108.0,mixed,1.0,35,3124.63,FINNA Illustrative Benchmark Survey 2026 (Synthetic),2026,True
Haryana,Faridabad,Tier 2,6145.27,878.4,6496.61,4884.17,3829.66,3151.63,108.0,mixed,1.15,35,5360.52,FINNA Illustrative Benchmark Survey 2026 (Synthetic),2026,True
Haryana,Faridabad,Tier 2,5988.69,612.02,6317.69,4851.5,4980.62,2962.52,108.0,mixed,0.92,45,4432.15,FINNA Illustrative Benchmark Survey 2026 (Synthetic),2026,True
Haryana,Faridabad,Tier 2,6365.65,976.0,6546.39,5217.75,4791.25,3018.2,108.0,mixed,1.0,45,5193.29,FINNA Illustrative Benchmark Survey 2026 (Synthetic),2026,True
Haryana,Faridabad,Tier 2,7218.37,758.23,6463.93,4925.79,4872.51,2987.49,108.0,mixed,1.15,45,7803.78,FINNA Illustrative Benchmark Survey 2026 (Synthetic),2026,True
Haryana,Faridabad,Tier 2,7080.68,889.09,6478.91,4954.48,5939.27,2934.13,108.0,mixed,0.92,55,6729.16,FINNA Illustrative Benchmark Survey 2026 (Synthetic),2026,True
Haryana,Faridabad,Tier 2,7550.79,836.43,6326.96,5072.68,5732.67,2849.67,108.0,mixed,1.0,55,8263.41,FINNA Illustrative Benchmark Survey 2026 (Synthetic),2026,True
Haryana,Faridabad,Tier 2,9006.16,1177.71,6593.38,5142.94,5995.91,2855.43,108.0,mixed,1.15,55,11965.86,FINNA Illustrative Benchmark Survey 2026 (Synthetic),2026,True
Haryana,Faridabad,Tier 2,7766.48,794.49,6305.2,4848.32,6646.64,2928.98,108.0,mixed,0.92,65,8384.82,FINNA Illustrative Benchmark Survey 2026 (Synthetic),2026,True
Haryana,Faridabad,Tier 2,8962.27,1263.79,6353.4,5102.82,7007.17,3179.43,108.0,mixed,1.0,65,11156.48,FINNA Illustrative Benchmark Survey 2026 (Synthetic),2026,True
Haryana,Faridabad,Tier 2,10255.8,1480.83,6768.05,4754.27,6630.6,3116.03,108.0,mixed,1.15,65,15040.13,FINNA Illustrative Benchmark Survey 2026 (Synthetic),2026,True
Kerala,Kochi,Tier 2,3660.43,454.73,6636.86,5342.38,2818.51,2989.92,112.0,delivery,0.92,25,1000.0,FINNA Illustrative Benchmark Survey 2026 (Synthetic),2026,True
Kerala,Kochi,Tier 2,3894.54,567.32,6465.02,5245.68,2723.1,3089.69,112.0,delivery,1.0,25,1000.0,FINNA Illustrative Benchmark Survey 2026 (Synthetic),2026,True
Kerala,Kochi,Tier 2,4465.05,584.7,6891.6,5436.54,2833.47,2986.1,112.0,delivery,1.15,25,1000.0,FINNA Illustrative Benchmark Survey 2026 (Synthetic),2026,True
Kerala,Kochi,Tier 2,4826.76,573.34,6490.86,5443.17,3828.2,2895.45,112.0,delivery,0.92,35,1457.42,FINNA Illustrative Benchmark Survey 2026 (Synthetic),2026,True
Kerala,Kochi,Tier 2,5106.23,681.72,6616.05,5341.08,3656.48,3159.61,112.0,delivery,1.0,35,2168.89,FINNA Illustrative Benchmark Survey 2026 (Synthetic),2026,True
Kerala,Kochi,Tier 2,5664.5,841.88,6923.98,5215.11,3744.15,3066.87,112.0,delivery,1.15,35,3625.16,FINNA Illustrative Benchmark Survey 2026 (Synthetic),2026,True
Kerala,Kochi,Tier 2,5751.19,843.81,6725.19,5207.82,4544.78,3102.73,112.0,delivery,0.92,45,3459.39,FINNA Illustrative Benchmark Survey 2026 (Synthetic),2026,True
Kerala,Kochi,Tier 2,6512.76,711.33,7003.27,5210.03,4774.08,3037.08,112.0,delivery,1.0,45,5314.26,FINNA Illustrative Benchmark Survey 2026 (Synthetic),2026,True
Kerala,Kochi,Tier 2,7307.5,1110.86,7021.72,5143.23,4683.66,3012.42,112.0,delivery,1.15,45,7657.29,FINNA Illustrative Benchmark Survey 2026 (Synthetic),2026,True
Kerala,Kochi,Tier 2,6662.33,709.66,6746.58,5274.31,5839.02,2853.57,112.0,delivery,0.92,55,5287.37,FINNA Illustrative Benchmark Survey 2026 (Synthetic),2026,True
Kerala,Kochi,Tier 2,7191.74,957.76,6386.48,5400.18,5655.11,2887.21,112.0,delivery,1.0,55,7027.32,FINNA Illustrative Benchmark Survey 2026 (Synthetic),2026,True
Kerala,Kochi,Tier 2,8246.71,1301.16,6555.16,5158.51,5732.52,2845.19,112.0,delivery,1.15,55,10020.97,FINNA Illustrative Benchmark Survey 2026 (Synthetic),2026,True
Kerala,Kochi,Tier 2,7558.38,990.99,6480.12,5490.64,6531.67,2876.53,112.0,delivery,0.92,65,7376.74,FINNA Illustrative Benchmark Survey 2026 (Synthetic),2026,True
Kerala,Kochi,Tier 2,8251.94,1090.8,6685.43,5071.44,6818.1,3131.65,112.0,delivery,1.0,65,9115.78,FINNA Illustrative Benchmark Survey 2026 (Synthetic),2026,True
Kerala,Kochi,Tier 2,9504.77,1067.77,6654.57,5411.13,6565.31,3037.34,112.0,delivery,1.15,65,12666.75,FINNA Illustrative Benchmark Survey 2026 (Synthetic),2026,True
Kerala,Kochi,Tier 2,4149.72,561.25,6701.66,5397.96,3254.65,2822.68,112.0,ride_hailing,0.92,25,1000.0,FINNA Illustrative Benchmark Survey 2026 (Synthetic),2026,True
Kerala,Kochi,Tier 2,4232.92,439.54,6632.49,5463.01,3321.04,3147.71,112.0,ride_hailing,1.0,25,1000.0,FINNA Illustrative Benchmark Survey 2026 (Synthetic),2026,True
Kerala,Kochi,Tier 2,5163.13,658.88,6751.01,5425.76,3257.96,3137.16,112.0,ride_hailing,1.15,25,2459.9,FINNA Illustrative Benchmark Survey 2026 (Synthetic),2026,True
Kerala,Kochi,Tier 2,5264.14,747.61,6841.8,5192.65,4526.91,3111.59,112.0,ride_hailing,0.92,35,2028.5,FINNA Illustrative Benchmark Survey 2026 (Synthetic),2026,True
Kerala,Kochi,Tier 2,5592.73,642.87,6967.98,5423.62,4471.21,3147.9,112.0,ride_hailing,1.0,35,2733.78,FINNA Illustrative Benchmark Survey 2026 (Synthetic),2026,True
Kerala,Kochi,Tier 2,6436.03,863.18,6628.68,5536.21,4392.92,3133.39,112.0,ride_hailing,1.15,35,5314.93,FINNA Illustrative Benchmark Survey 2026 (Synthetic),2026,True
Kerala,Kochi,Tier 2,6374.04,877.61,6560.57,5520.64,5714.12,3080.07,112.0,ride_hailing,0.92,45,4370.73,FINNA Illustrative Benchmark Survey 2026 (Synthetic),2026,True
Kerala,Kochi,Tier 2,6896.4,893.84,7029.9,5328.0,5847.89,2847.55,112.0,ride_hailing,1.0,45,5725.25,FINNA Illustrative Benchmark Survey 2026 (Synthetic),2026,True
Kerala,Kochi,Tier 2,7858.13,1147.23,6583.43,5274.0,5513.74,3002.18,112.0,ride_hailing,1.15,45,8874.03,FINNA Illustrative Benchmark Survey 2026 (Synthetic),2026,True
Kerala,Kochi,Tier 2,7629.45,796.45,6830.31,5432.36,6674.35,3088.54,112.0,ride_hailing,0.92,55,7156.47,FINNA Illustrative Benchmark Survey 2026 (Synthetic),2026,True
Kerala,Kochi,Tier 2,8554.8,1059.09,6372.19,5095.78,6963.28,2937.76,112.0,ride_hailing,1.0,55,10187.63,FINNA Illustrative Benchmark Survey 2026 (Synthetic),2026,True
Kerala,Kochi,Tier 2,9756.06,1259.37,6410.72,5325.67,6599.49,3162.01,112.0,ride_hailing,1.15,55,13484.8,FINNA Illustrative Benchmark Survey 2026 (Synthetic),2026,True
Kerala,Kochi,Tier 2,8523.52,1271.93,6928.85,5125.41,7529.7,2856.19,112.0,ride_hailing,0.92,65,9403.35,FINNA Illustrative Benchmark Survey 2026 (Synthetic),2026,True
Kerala,Kochi,Tier 2,9382.13,1239.18,6626.87,5076.12,7996.8,3063.86,112.0,ride_hailing,1.0,65,11609.63,FINNA Illustrative Benchmark Survey 2026 (Synthetic),2026,True
Kerala,Kochi,Tier 2,10666.02,1295.76,6510.17,5053.26,7941.32,2897.82,112.0,ride_hailing,1.15,65,15457.84,FINNA Illustrative Benchmark Survey 2026 (Synthetic),2026,True
Kerala,Kochi,Tier 2,3926.55,589.73,6908.71,5374.74,2292.67,3142.92,112.0,freelance_other,0.92,25,1000.0,FINNA Illustrative Benchmark Survey 2026 (Synthetic),2026,True
Kerala,Kochi,Tier 2,4165.08,493.56,6400.12,5037.47,2302.76,3096.16,112.0,freelance_other,1.0,25,1000.0,FINNA Illustrative Benchmark Survey 2026 (Synthetic),2026,True
Kerala,Kochi,Tier 2,4997.9,612.14,6524.82,5083.43,2239.53,3176.14,112.0,freelance_other,1.15,25,3001.04,FINNA Illustrative Benchmark Survey 2026 (Synthetic),2026,True
Kerala,Kochi,Tier 2,5027.56,560.72,6813.2,5151.9,3144.01,3106.89,112.0,freelance_other,0.92,35,2309.67,FINNA Illustrative Benchmark Survey 2026 (Synthetic),2026,True
Kerala,Kochi,Tier 2,5683.26,625.57,6476.92,5255.31,2954.97,2937.77,112.0,freelance_other,1.0,35,4539.3,FINNA Illustrative Benchmark Survey 2026 (Synthetic),2026,True
Kerala,Kochi,Tier 2,6399.03,712.68,6503.77,5322.1,3157.84,2863.49,112.0,freelance_other,1.15,35,6409.39,FINNA Illustrative Benchmark Survey 2026 (Synthetic),2026,True
Kerala,Kochi,Tier 2,6116.35,742.49,6481.33,5248.13,3768.77,2960.11,112.0,freelance_other,0.92,45,5216.55,FINNA Illustrative Benchmark Survey 2026 (Synthetic),2026,True
Kerala,Kochi,Tier 2,6781.56,705.02,6911.11,5379.47,3784.91,2844.24,112.0,freelance_other,1.0,45,6788.88,FINNA Illustrative Benchmark Survey 2026 (Synthetic),2026,True
Kerala,Kochi,Tier 2,7648.43,903.22,6766.24,5556.04,3703.15,3013.03,112.0,freelance_other,1.15,45,9151.51,FINNA Illustrative Benchmark Survey 2026 (Synthetic),2026,True
Kerala,Kochi,Tier 2,7668.88,1158.21,6479.88,5543.29,4618.73,3173.31,112.0,freelance_other,0.92,55,8704.18,FINNA Illustrative Benchmark Survey 2026 (Synthetic),2026,True
Kerala,Kochi,Tier 2,8146.95,1146.06,7016.49,5402.67,4520.55,3048.73,112.0,freelance_other,1.0,55,9937.1,FINNA Illustrative Benchmark Survey 2026 (Synthetic),2026,True
Kerala,Kochi,Tier 2,9507.47,1132.13,6935.54,5290.53,4521.68,3039.07,112.0,freelance_other,1.15,55,13897.34,FINNA Illustrative Benchmark Survey 2026 (Synthetic),2026,True
Kerala,Kochi,Tier 2,8520.23,1047.5,6794.2,5158.19,5362.79,3175.82,112.0,freelance_other,0.92,65,10661.04,FINNA Illustrative Benchmark Survey 2026 (Synthetic),2026,True
Kerala,Kochi,Tier 2,9001.77,1233.07,6965.84,5198.69,5426.88,3092.61,112.0,freelance_other,1.0,65,11890.87,FINNA Illustrative Benchmark Survey 2026 (Synthetic),2026,True
Kerala,Kochi,Tier 2,10679.68,1106.37,6615.93,5192.21,5177.12,2893.58,112.0,freelance_other,1.15,65,17136.71,FINNA Illustrative Benchmark Survey 2026 (Synthetic),2026,True
Kerala,Kochi,Tier 2,3653.86,567.83,6765.71,5536.31,2972.31,2938.33,112.0,mixed,0.92,25,1000.0,FINNA Illustrative Benchmark Survey 2026 (Synthetic),2026,True
Kerala,Kochi,Tier 2,4050.84,561.51,6874.53,5311.06,3027.91,3053.3,112.0,mixed,1.0,25,1000.0,FINNA Illustrative Benchmark Survey 2026 (Synthetic),2026,True
Kerala,Kochi,Tier 2,4662.38,472.87,6932.45,5210.57,2856.35,3014.15,112.0,mixed,1.15,25,1413.48,FINNA Illustrative Benchmark Survey 2026 (Synthetic),2026,True
Kerala,Kochi,Tier 2,5162.25,722.2,6531.39,5399.3,4017.31,3038.9,112.0,mixed,0.92,35,2187.67,FINNA Illustrative Benchmark Survey 2026 (Synthetic),2026,True
Kerala,Kochi,Tier 2,5382.83,642.16,6661.38,5038.2,4064.8,2845.19,112.0,mixed,1.0,35,3053.75,FINNA Illustrative Benchmark Survey 2026 (Synthetic),2026,True
Kerala,Kochi,Tier 2,6095.75,841.59,6459.83,5143.24,3819.04,3033.35,112.0,mixed,1.15,35,5160.44,FINNA Illustrative Benchmark Survey 2026 (Synthetic),2026,True
Kerala,Kochi,Tier 2,6306.56,983.25,6523.33,5076.43,5039.1,2932.13,112.0,mixed,0.92,45,5028.67,FINNA Illustrative Benchmark Survey 2026 (Synthetic),2026,True
Kerala,Kochi,Tier 2,6796.43,779.52,6483.21,5166.95,4865.0,2981.38,112.0,mixed,1.0,45,6455.8,FINNA Illustrative Benchmark Survey 2026 (Synthetic),2026,True
Kerala,Kochi,Tier 2,7763.01,902.93,6888.46,5077.41,5137.13,2963.37,112.0,mixed,1.15,45,8805.85,FINNA Illustrative Benchmark Survey 2026 (Synthetic),2026,True
Kerala,Kochi,Tier 2,7050.15,891.72,6703.55,5424.51,6053.3,3115.06,112.0,mixed,0.92,55,5999.97,FINNA Illustrative Benchmark Survey 2026 (Synthetic),2026,True
Kerala,Kochi,Tier 2,8057.33,815.31,6620.55,5487.64,6052.6,3151.75,112.0,mixed,1.0,55,8824.2,FINNA Illustrative Benchmark Survey 2026 (Synthetic),2026,True
Kerala,Kochi,Tier 2,9122.25,995.86,6851.85,5171.36,5912.56,2983.3,112.0,mixed,1.15,55,12077.18,FINNA Illustrative Benchmark Survey 2026 (Synthetic),2026,True
Kerala,Kochi,Tier 2,8222.98,1121.3,6413.2,5107.43,6874.9,2875.7,112.0,mixed,0.92,65,9317.28,FINNA Illustrative Benchmark Survey 2026 (Synthetic),2026,True
Kerala,Kochi,Tier 2,8804.03,887.18,6700.47,5419.43,6887.14,3153.25,112.0,mixed,1.0,65,10374.75,FINNA Illustrative Benchmark Survey 2026 (Synthetic),2026,True
Kerala,Kochi,Tier 2,10748.13,1700.67,6615.01,5294.46,6969.62,3031.79,112.0,mixed,1.15,65,16008.54,FINNA Illustrative Benchmark Survey 2026 (Synthetic),2026,True
Kerala,Thiruvananthapuram,Tier 2,3327.64,340.52,6357.18,4942.41,2674.15,2793.59,106.0,delivery,0.92,25,1000.0,FINNA Illustrative Benchmark Survey 2026 (Synthetic),2026,True
Kerala,Thiruvananthapuram,Tier 2,3625.01,418.02,6351.98,5111.12,2662.23,2896.04,106.0,delivery,1.0,25,1000.0,FINNA Illustrative Benchmark Survey 2026 (Synthetic),2026,True
Kerala,Thiruvananthapuram,Tier 2,4253.3,603.06,6192.05,5213.26,2710.34,2810.34,106.0,delivery,1.15,25,1000.0,FINNA Illustrative Benchmark Survey 2026 (Synthetic),2026,True
Kerala,Thiruvananthapuram,Tier 2,4252.65,632.74,6179.88,5088.21,3657.93,2950.58,106.0,delivery,0.92,35,1000.0,FINNA Illustrative Benchmark Survey 2026 (Synthetic),2026,True
Kerala,Thiruvananthapuram,Tier 2,4709.57,599.66,6210.45,4877.14,3630.47,3057.22,106.0,delivery,1.0,35,1701.15,FINNA Illustrative Benchmark Survey 2026 (Synthetic),2026,True
Kerala,Thiruvananthapuram,Tier 2,5672.28,571.43,6265.29,5072.2,3721.14,2864.39,106.0,delivery,1.15,35,4314.67,FINNA Illustrative Benchmark Survey 2026 (Synthetic),2026,True
Kerala,Thiruvananthapuram,Tier 2,5465.41,842.0,6111.31,4844.41,4487.17,3014.75,106.0,delivery,0.92,45,3384.93,FINNA Illustrative Benchmark Survey 2026 (Synthetic),2026,True
Kerala,Thiruvananthapuram,Tier 2,5783.36,683.21,6385.29,5079.24,4472.66,2833.18,106.0,delivery,1.0,45,4076.53,FINNA Illustrative Benchmark Survey 2026 (Synthetic),2026,True
Kerala,Thiruvananthapuram,Tier 2,6737.02,1027.96,6238.87,4794.44,4564.19,2996.29,106.0,delivery,1.15,45,6875.38,FINNA Illustrative Benchmark Survey 2026 (Synthetic),2026,True
Kerala,Thiruvananthapuram,Tier 2,6319.21,686.03,6251.73,5215.01,5364.55,2833.22,106.0,delivery,0.92,55,5003.49,FINNA Illustrative Benchmark Survey 2026 (Synthetic),2026,True
Kerala,Thiruvananthapuram,Tier 2,7226.28,1076.6,5795.96,4784.92,5493.65,2908.69,106.0,delivery,1.0,55,7999.27,FINNA Illustrative Benchmark Survey 2026 (Synthetic),2026,True
Kerala,Thiruvananthapuram,Tier 2,8097.46,1165.89,5899.09,4937.33,5496.99,2794.91,106.0,delivery,1.15,55,10356.89,FINNA Illustrative Benchmark Survey 2026 (Synthetic),2026,True
Kerala,Thiruvananthapuram,Tier 2,7151.59,1122.15,6069.9,5157.19,6128.11,2746.53,106.0,delivery,0.92,65,7062.03,FINNA Illustrative Benchmark Survey 2026 (Synthetic),2026,True
Kerala,Thiruvananthapuram,Tier 2,7773.94,1131.5,5953.2,5201.14,6240.34,2944.14,106.0,delivery,1.0,65,8659.52,FINNA Illustrative Benchmark Survey 2026 (Synthetic),2026,True
Kerala,Thiruvananthapuram,Tier 2,9264.16,1409.09,5896.34,4896.56,6224.71,2822.31,106.0,delivery,1.15,65,13178.03,FINNA Illustrative Benchmark Survey 2026 (Synthetic),2026,True
Kerala,Thiruvananthapuram,Tier 2,3706.94,500.95,6086.52,5086.4,3065.76,2747.25,106.0,ride_hailing,0.92,25,1000.0,FINNA Illustrative Benchmark Survey 2026 (Synthetic),2026,True
Kerala,Thiruvananthapuram,Tier 2,4163.02,418.11,6150.29,5243.81,3064.75,2907.77,106.0,ride_hailing,1.0,25,1000.0,FINNA Illustrative Benchmark Survey 2026 (Synthetic),2026,True
Kerala,Thiruvananthapuram,Tier 2,4507.94,613.89,6397.01,5130.68,3276.37,2890.68,106.0,ride_hailing,1.15,25,1186.02,FINNA Illustrative Benchmark Survey 2026 (Synthetic),2026,True
Kerala,Thiruvananthapuram,Tier 2,4882.7,614.08,6021.18,5195.08,4458.24,3010.26,106.0,ride_hailing,0.92,35,1597.27,FINNA Illustrative Benchmark Survey 2026 (Synthetic),2026,True
Kerala,Thiruvananthapuram,Tier 2,5567.1,778.86,6025.85,4778.62,4237.57,2840.93,106.0,ride_hailing,1.0,35,4044.67,FINNA Illustrative Benchmark Survey 2026 (Synthetic),2026,True
Kerala,Thiruvananthapuram,Tier 2,5986.2,762.73,6220.97,5112.61,4420.01,2774.32,106.0,ride_hailing,1.15,35,4805.02,FINNA Illustrative Benchmark Survey 2026 (Synthetic),2026,True
Kerala,Thiruvananthapuram,Tier 2,6128.92,932.46,5965.48,5099.63,5510.47,2854.21,106.0,ride_hailing,0.92,45,4620.48,FINNA Illustrative Benchmark Survey 2026 (Synthetic),2026,True
Kerala,Thiruvananthapuram,Tier 2,6670.57,930.76,6084.87,4956.56,5240.81,3069.19,106.0,ride_hailing,1.0,45,6195.89,FINNA Illustrative Benchmark Survey 2026 (Synthetic),2026,True
Kerala,Thiruvananthapuram,Tier 2,7877.36,1171.81,5805.14,4930.1,5179.67,3007.03,106.0,ride_hailing,1.15,45,9871.57,FINNA Illustrative Benchmark Survey 2026 (Synthetic),2026,True
Kerala,Thiruvananthapuram,Tier 2,7066.7,895.06,6165.13,4950.08,6496.93,2754.32,106.0,ride_hailing,0.92,55,6651.03,FINNA Illustrative Benchmark Survey 2026 (Synthetic),2026,True
Kerala,Thiruvananthapuram,Tier 2,7745.0,1207.36,6362.82,5243.44,6622.88,3041.01,106.0,ride_hailing,1.0,55,7972.7,FINNA Illustrative Benchmark Survey 2026 (Synthetic),2026,True
Kerala,Thiruvananthapuram,Tier 2,9126.31,1073.54,5914.0,4821.58,6449.26,2925.02,106.0,ride_hailing,1.15,55,12614.59,FINNA Illustrative Benchmark Survey 2026 (Synthetic),2026,True
Kerala,Thiruvananthapuram,Tier 2,8453.48,1101.3,5873.0,5148.41,7364.65,2960.23,106.0,ride_hailing,0.92,65,9917.23,FINNA Illustrative Benchmark Survey 2026 (Synthetic),2026,True
Kerala,Thiruvananthapuram,Tier 2,8968.4,1367.57,5897.51,4973.14,7253.49,2956.6,106.0,ride_hailing,1.0,65,11539.08,FINNA Illustrative Benchmark Survey 2026 (Synthetic),2026,True
Kerala,Thiruvananthapuram,Tier 2,10060.65,1133.82,6254.48,5079.87,7237.78,2877.34,106.0,ride_hailing,1.15,65,14373.54,FINNA Illustrative Benchmark Survey 2026 (Synthetic),2026,True
Kerala,Thiruvananthapuram,Tier 2,3682.75,403.68,6361.67,5201.32,2199.37,2802.69,106.0,freelance_other,0.92,25,1000.0,FINNA Illustrative Benchmark Survey 2026 (Synthetic),2026,True
Kerala,Thiruvananthapuram,Tier 2,3858.77,496.15,6342.48,4811.55,2090.73,2912.02,106.0,freelance_other,1.0,25,1000.0,FINNA Illustrative Benchmark Survey 2026 (Synthetic),2026,True
Kerala,Thiruvananthapuram,Tier 2,4606.93,485.69,6216.99,5185.97,2227.87,2992.69,106.0,freelance_other,1.15,25,2160.92,FINNA Illustrative Benchmark Survey 2026 (Synthetic),2026,True
Kerala,Thiruvananthapuram,Tier 2,4808.94,666.71,6024.98,5108.72,2970.16,2858.81,106.0,freelance_other,0.92,35,2509.03,FINNA Illustrative Benchmark Survey 2026 (Synthetic),2026,True
Kerala,Thiruvananthapuram,Tier 2,5244.29,701.23,6317.25,5154.22,2850.66,2766.26,106.0,freelance_other,1.0,35,3652.6,FINNA Illustrative Benchmark Survey 2026 (Synthetic),2026,True
Kerala,Thiruvananthapuram,Tier 2,5766.44,607.49,6246.75,5218.61,2972.17,2766.4,106.0,freelance_other,1.15,35,5047.09,FINNA Illustrative Benchmark Survey 2026 (Synthetic),2026,True
Kerala,Thiruvananthapuram,Tier 2,5800.21,876.99,6376.98,5038.46,3509.29,2747.54,106.0,freelance_other,0.92,45,4837.72,FINNA Illustrative Benchmark Survey 2026 (Synthetic),2026,True
Kerala,Thiruvananthapuram,Tier 2,6390.15,963.81,6392.71,4909.82,3615.53,2962.4,106.0,freelance_other,1.0,45,6362.78,FINNA Illustrative Benchmark Survey 2026 (Synthetic),2026,True
Kerala,Thiruvananthapuram,Tier 2,7501.65,984.1,6161.99,4861.07,3624.39,2913.33,106.0,freelance_other,1.15,45,9698.89,FINNA Illustrative Benchmark Survey 2026 (Synthetic),2026,True
Kerala,Thiruvananthapuram,Tier 2,6888.99,748.71,6370.16,5168.61,4378.41,2884.61,106.0,freelance_other,0.92,55,7167.9,FINNA Illustrative Benchmark Survey 2026 (Synthetic),2026,True
Kerala,Thiruvananthapuram,Tier 2,7572.69,823.55,6200.86,5150.65,4449.57,2934.41,106.0,freelance_other,1.0,55,9135.27,FINNA Illustrative Benchmark Survey 2026 (Synthetic),2026,True
Kerala,Thiruvananthapuram,Tier 2,8506.4,1356.09,5870.31,5248.42,4450.81,2892.44,106.0,freelance_other,1.15,55,11940.98,FINNA Illustrative Benchmark Survey 2026 (Synthetic),2026,True
Kerala,Thiruvananthapuram,Tier 2,8133.74,1054.96,6224.53,4938.35,5284.71,2841.93,106.0,freelance_other,0.92,65,10354.22,FINNA Illustrative Benchmark Survey 2026 (Synthetic),2026,True
Kerala,Thiruvananthapuram,Tier 2,8840.47,995.76,6241.92,5155.21,5170.42,2744.29,106.0,freelance_other,1.0,65,12328.81,FINNA Illustrative Benchmark Survey 2026 (Synthetic),2026,True
Kerala,Thiruvananthapuram,Tier 2,10196.3,1129.15,6092.38,4945.9,5286.03,2955.42,106.0,freelance_other,1.15,65,16165.66,FINNA Illustrative Benchmark Survey 2026 (Synthetic),2026,True
Kerala,Thiruvananthapuram,Tier 2,3652.29,582.41,6129.25,4918.71,2826.53,3070.63,106.0,mixed,0.92,25,1000.0,FINNA Illustrative Benchmark Survey 2026 (Synthetic),2026,True
Kerala,Thiruvananthapuram,Tier 2,3941.82,486.67,6116.99,4891.52,2830.65,2793.89,106.0,mixed,1.0,25,1000.0,FINNA Illustrative Benchmark Survey 2026 (Synthetic),2026,True
Kerala,Thiruvananthapuram,Tier 2,4568.11,564.74,5874.85,5126.13,2804.79,3006.16,106.0,mixed,1.15,25,1929.19,FINNA Illustrative Benchmark Survey 2026 (Synthetic),2026,True
Kerala,Thiruvananthapuram,Tier 2,4813.2,686.24,6074.09,4831.85,3663.13,2968.19,106.0,mixed,0.92,35,2147.53,FINNA Illustrative Benchmark Survey 2026 (Synthetic),2026,True
Kerala,Thiruvananthapuram,Tier 2,5004.26,543.91,5928.06,5124.19,3843.54,2729.18,106.0,mixed,1.0,35,2628.26,FINNA Illustrative Benchmark Survey 2026 (Synthetic),2026,True
Kerala,Thiruvananthapuram,Tier 2,5958.51,801.66,6208.77,5244.24,3666.16,3056.74,106.0,mixed,1.15,35,4955.88,FINNA Illustrative Benchmark Survey 2026 (Synthetic),2026,True
Kerala,Thiruvananthapuram,Tier 2,5720.13,860.88,6359.85,4798.02,4909.42,2788.51,106.0,mixed,0.92,45,3843.04,FINNA Illustrative Benchmark Survey 2026 (Synthetic),2026,True
Kerala,Thiruvananthapuram,Tier 2,6030.09,957.68,6191.56,5046.7,4907.74,2944.19,106.0,mixed,1.0,45,4563.06,FINNA Illustrative Benchmark Survey 2026 (Synthetic),2026,True
Kerala,Thiruvananthapuram,Tier 2,7136.86,728.24,5941.92,4994.31,4801.13,3058.19,106.0,mixed,1.15,45,7869.58,FINNA Illustrative Benchmark Survey 2026 (Synthetic),2026,True
Kerala,Thiruvananthapuram,Tier 2,6865.71,841.2,6216.99,5147.66,5738.11,2996.65,106.0,mixed,0.92,55,6258.92,FINNA Illustrative Benchmark Survey 2026 (Synthetic),2026,True
Kerala,Thiruvananthapuram,Tier 2,7587.82,1054.85,5962.88,5076.6,5606.11,2767.76,106.0,mixed,1.0,55,8737.24,FINNA Illustrative Benchmark Survey 2026 (Synthetic),2026,True
Kerala,Thiruvananthapuram,Tier 2,8195.41,1060.1,6202.96,5004.87,5450.05,2925.4,106.0,mixed,1.15,55,10336.85,FINNA Illustrative Benchmark Survey 2026 (Synthetic),2026,True
Kerala,Thiruvananthapuram,Tier 2,7823.78,910.87,6249.67,5147.17,6417.54,2894.5,106.0,mixed,0.92,65,8559.26,FINNA Illustrative Benchmark Survey 2026 (Synthetic),2026,True
Kerala,Thiruvananthapuram,Tier 2,8552.78,1077.82,6143.57,4799.72,6355.58,3042.29,106.0,mixed,1.0,65,10850.05,FINNA Illustrative Benchmark Survey 2026 (Synthetic),2026,True
Kerala,Thiruvananthapuram,Tier 2,9952.87,1105.7,6290.85,4759.87,6615.08,2912.67,106.0,mixed,1.15,65,14636.35,FINNA Illustrative Benchmark Survey 2026 (Synthetic),2026,True
Madhya Pradesh,Indore,Tier 2,3377.58,436.77,5911.15,4840.67,2642.76,2897.46,101.0,delivery,0.92,25,1000.0,FINNA Illustrative Benchmark Survey 2026 (Synthetic),2026,True
Madhya Pradesh,Indore,Tier 2,3474.11,504.37,6174.75,4990.85,2531.95,2833.3,101.0,delivery,1.0,25,1000.0,FINNA Illustrative Benchmark Survey 2026 (Synthetic),2026,True
Madhya Pradesh,Indore,Tier 2,4013.63,534.95,6077.3,4619.06,2521.17,2701.29,101.0,delivery,1.15,25,1000.0,FINNA Illustrative Benchmark Survey 2026 (Synthetic),2026,True
Madhya Pradesh,Indore,Tier 2,4224.59,565.04,6107.36,4576.8,3652.34,2802.07,101.0,delivery,0.92,35,1000.0,FINNA Illustrative Benchmark Survey 2026 (Synthetic),2026,True
Madhya Pradesh,Indore,Tier 2,4668.35,619.33,5854.6,5013.71,3376.63,2733.0,101.0,delivery,1.0,35,2103.41,FINNA Illustrative Benchmark Survey 2026 (Synthetic),2026,True
Madhya Pradesh,Indore,Tier 2,5621.6,737.37,6066.85,4876.4,3501.79,2825.9,101.0,delivery,1.15,35,4595.88,FINNA Illustrative Benchmark Survey 2026 (Synthetic),2026,True
Madhya Pradesh,Indore,Tier 2,5419.28,711.88,6186.75,4729.02,4423.48,2702.51,101.0,delivery,0.92,45,3525.42,FINNA Illustrative Benchmark Survey 2026 (Synthetic),2026,True
Madhya Pradesh,Indore,Tier 2,5613.94,837.52,5744.89,4650.28,4339.34,2911.76,101.0,delivery,1.0,45,4330.36,FINNA Illustrative Benchmark Survey 2026 (Synthetic),2026,True
Madhya Pradesh,Indore,Tier 2,6914.08,941.2,5732.46,4732.35,4278.93,2841.1,101.0,delivery,1.15,45,8029.53,FINNA Illustrative Benchmark Survey 2026 (Synthetic),2026,True
Madhya Pradesh,Indore,Tier 2,6076.21,700.58,5830.25,4993.76,5240.68,2659.97,101.0,delivery,0.92,55,4930.46,FINNA Illustrative Benchmark Survey 2026 (Synthetic),2026,True
Madhya Pradesh,Indore,Tier 2,6702.94,841.36,6014.76,4817.23,5101.42,2878.18,101.0,delivery,1.0,55,6637.89,FINNA Illustrative Benchmark Survey 2026 (Synthetic),2026,True
Madhya Pradesh,Indore,Tier 2,8174.61,1159.23,5718.65,4738.63,5349.4,2907.69,101.0,delivery,1.15,55,10843.1,FINNA Illustrative Benchmark Survey 2026 (Synthetic),2026,True
Madhya Pradesh,Indore,Tier 2,7274.47,910.63,5695.56,5036.38,6107.41,2640.71,101.0,delivery,0.92,65,7811.96,FINNA Illustrative Benchmark Survey 2026 (Synthetic),2026,True
Madhya Pradesh,Indore,Tier 2,7906.2,827.4,5678.53,4612.8,6163.77,2654.16,101.0,delivery,1.0,65,9830.98,FINNA Illustrative Benchmark Survey 2026 (Synthetic),2026,True
Madhya Pradesh,Indore,Tier 2,9118.51,1110.35,5801.78,4691.16,6321.2,2707.86,101.0,delivery,1.15,65,12974.75,FINNA Illustrative Benchmark Survey 2026 (Synthetic),2026,True
Madhya Pradesh,Indore,Tier 2,3546.0,434.84,6176.58,4741.74,2995.5,2943.01,101.0,ride_hailing,0.92,25,1000.0,FINNA Illustrative Benchmark Survey 2026 (Synthetic),2026,True
Madhya Pradesh,Indore,Tier 2,3907.58,561.52,5785.86,4954.24,3090.67,2809.73,101.0,ride_hailing,1.0,25,1000.0,FINNA Illustrative Benchmark Survey 2026 (Synthetic),2026,True
Madhya Pradesh,Indore,Tier 2,4687.37,712.12,5930.41,4851.58,3191.38,2689.37,101.0,ride_hailing,1.15,25,2361.82,FINNA Illustrative Benchmark Survey 2026 (Synthetic),2026,True
Madhya Pradesh,Indore,Tier 2,5037.07,621.44,5808.65,4915.82,4344.02,2810.65,101.0,ride_hailing,0.92,35,2555.39,FINNA Illustrative Benchmark Survey 2026 (Synthetic),2026,True
Madhya Pradesh,Indore,Tier 2,5326.26,804.15,5886.35,4621.23,4022.95,2804.56,101.0,ride_hailing,1.0,35,3722.95,FINNA Illustrative Benchmark Survey 2026 (Synthetic),2026,True
Madhya Pradesh,Indore,Tier 2,5911.64,635.99,5828.49,4913.0,4037.47,2875.74,101.0,ride_hailing,1.15,35,5162.76,FINNA Illustrative Benchmark Survey 2026 (Synthetic),2026,True
Madhya Pradesh,Indore,Tier 2,6203.18,883.64,5751.98,4852.18,5336.85,2693.52,101.0,ride_hailing,0.92,45,5346.41,FINNA Illustrative Benchmark Survey 2026 (Synthetic),2026,True
Madhya Pradesh,Indore,Tier 2,6748.69,998.19,5901.32,4692.4,5219.66,2948.4,101.0,ride_hailing,1.0,45,6799.03,FINNA Illustrative Benchmark Survey 2026 (Synthetic),2026,True
Madhya Pradesh,Indore,Tier 2,7698.33,1145.83,5785.06,4971.8,5437.93,2768.59,101.0,ride_hailing,1.15,45,9340.75,FINNA Illustrative Benchmark Survey 2026 (Synthetic),2026,True
Madhya Pradesh,Indore,Tier 2,6939.71,731.5,5651.89,4910.38,6513.01,2687.48,101.0,ride_hailing,0.92,55,6686.02,FINNA Illustrative Benchmark Survey 2026 (Synthetic),2026,True
Madhya Pradesh,Indore,Tier 2,7386.75,1068.16,5931.95,4796.57,6477.54,2955.29,101.0,ride_hailing,1.0,55,7685.13,FINNA Illustrative Benchmark Survey 2026 (Synthetic),2026,True
Madhya Pradesh,Indore,Tier 2,8753.02,1142.45,6036.17,4790.23,6296.74,2967.31,101.0,ride_hailing,1.15,55,11576.58,FINNA Illustrative Benchmark Survey 2026 (Synthetic),2026,True
Madhya Pradesh,Indore,Tier 2,8330.42,1181.86,5844.23,4855.82,7549.81,2882.63,101.0,ride_hailing,0.92,65,9709.85,FINNA Illustrative Benchmark Survey 2026 (Synthetic),2026,True
Madhya Pradesh,Indore,Tier 2,8932.61,1269.82,6047.3,4677.23,7449.29,2951.49,101.0,ride_hailing,1.0,65,11409.38,FINNA Illustrative Benchmark Survey 2026 (Synthetic),2026,True
Madhya Pradesh,Indore,Tier 2,10360.73,1583.33,5916.59,4852.41,7372.33,2956.12,101.0,ride_hailing,1.15,65,15446.93,FINNA Illustrative Benchmark Survey 2026 (Synthetic),2026,True
Madhya Pradesh,Indore,Tier 2,3608.59,551.81,5913.87,4668.03,2031.91,2914.04,101.0,freelance_other,0.92,25,1000.0,FINNA Illustrative Benchmark Survey 2026 (Synthetic),2026,True
Madhya Pradesh,Indore,Tier 2,3872.61,608.58,5854.41,4741.97,2082.08,2670.05,101.0,freelance_other,1.0,25,1000.0,FINNA Illustrative Benchmark Survey 2026 (Synthetic),2026,True
Madhya Pradesh,Indore,Tier 2,4595.98,528.47,5923.08,4927.88,2039.1,2732.52,101.0,freelance_other,1.15,25,2780.71,FINNA Illustrative Benchmark Survey 2026 (Synthetic),2026,True
Madhya Pradesh,Indore,Tier 2,4612.2,520.18,6040.44,4833.04,2782.97,2734.42,101.0,freelance_other,0.92,35,2326.97,FINNA Illustrative Benchmark Survey 2026 (Synthetic),2026,True
Madhya Pradesh,Indore,Tier 2,5274.07,730.87,6092.18,4577.01,2838.92,2839.56,101.0,freelance_other,1.0,35,4217.88,FINNA Illustrative Benchmark Survey 2026 (Synthetic),2026,True
Madhya Pradesh,Indore,Tier 2,5856.57,710.66,5968.16,4717.7,2814.05,2633.73,101.0,freelance_other,1.15,35,5996.45,FINNA Illustrative Benchmark Survey 2026 (Synthetic),2026,True
Madhya Pradesh,Indore,Tier 2,5942.77,660.65,5814.17,4608.64,3567.73,2660.47,101.0,freelance_other,0.92,45,5902.77,FINNA Illustrative Benchmark Survey 2026 (Synthetic),2026,True
Madhya Pradesh,Indore,Tier 2,6271.18,684.95,5678.07,4793.96,3471.65,2852.63,101.0,freelance_other,1.0,45,6732.63,FINNA Illustrative Benchmark Survey 2026 (Synthetic),2026,True
Madhya Pradesh,Indore,Tier 2,7045.75,871.71,5781.58,4765.6,3479.23,2904.68,101.0,freelance_other,1.15,45,8825.05,FINNA Illustrative Benchmark Survey 2026 (Synthetic),2026,True
Madhya Pradesh,Indore,Tier 2,6580.97,831.27,6100.22,4637.68,4226.61,2777.81,101.0,freelance_other,0.92,55,6989.63,FINNA Illustrative Benchmark Survey 2026 (Synthetic),2026,True
Madhya Pradesh,Indore,Tier 2,7301.24,1111.47,5722.09,4650.99,4119.35,2764.57,101.0,freelance_other,1.0,55,9332.29,FINNA Illustrative Benchmark Survey 2026 (Synthetic),2026,True
Madhya Pradesh,Indore,Tier 2,8657.77,1333.81,5699.58,4655.52,4269.56,2855.52,101.0,freelance_other,1.15,55,13005.18,FINNA Illustrative Benchmark Survey 2026 (Synthetic),2026,True
Madhya Pradesh,Indore,Tier 2,7645.05,957.66,5929.57,4943.91,5055.71,2741.16,101.0,freelance_other,0.92,65,9381.27,FINNA Illustrative Benchmark Survey 2026 (Synthetic),2026,True
Madhya Pradesh,Indore,Tier 2,8647.62,1322.27,5901.1,5003.31,5106.9,2762.65,101.0,freelance_other,1.0,65,12135.65,FINNA Illustrative Benchmark Survey 2026 (Synthetic),2026,True
Madhya Pradesh,Indore,Tier 2,9434.72,1004.54,5617.48,4634.66,4970.49,2889.84,101.0,freelance_other,1.15,65,14780.91,FINNA Illustrative Benchmark Survey 2026 (Synthetic),2026,True
Madhya Pradesh,Indore,Tier 2,3419.37,481.1,5806.86,5028.69,2773.76,2777.93,101.0,mixed,0.92,25,1000.0,FINNA Illustrative Benchmark Survey 2026 (Synthetic),2026,True
Madhya Pradesh,Indore,Tier 2,3732.79,482.11,6053.93,4678.92,2646.38,2803.78,101.0,mixed,1.0,25,1000.0,FINNA Illustrative Benchmark Survey 2026 (Synthetic),2026,True
Madhya Pradesh,Indore,Tier 2,4278.74,624.71,6114.86,5037.24,2667.04,2907.72,101.0,mixed,1.15,25,1170.05,FINNA Illustrative Benchmark Survey 2026 (Synthetic),2026,True
Madhya Pradesh,Indore,Tier 2,4491.76,639.57,6082.87,4896.55,3685.47,2692.88,101.0,mixed,0.92,35,1359.51,FINNA Illustrative Benchmark Survey 2026 (Synthetic),2026,True
Madhya Pradesh,Indore,Tier 2,5200.2,704.48,5979.34,4670.1,3576.39,2644.89,101.0,mixed,1.0,35,3669.99,FINNA Illustrative Benchmark Survey 2026 (Synthetic),2026,True
Madhya Pradesh,Indore,Tier 2,5979.24,931.24,5856.52,4855.9,3564.2,2649.12,101.0,mixed,1.15,35,5826.84,FINNA Illustrative Benchmark Survey 2026 (Synthetic),2026,True
Madhya Pradesh,Indore,Tier 2,5614.21,664.65,5978.65,4671.09,4559.45,2793.01,101.0,mixed,0.92,45,4099.76,FINNA Illustrative Benchmark Survey 2026 (Synthetic),2026,True
Madhya Pradesh,Indore,Tier 2,6152.85,852.98,5784.53,4689.24,4538.89,2749.94,101.0,mixed,1.0,45,5771.51,FINNA Illustrative Benchmark Survey 2026 (Synthetic),2026,True
Madhya Pradesh,Indore,Tier 2,7023.86,837.18,5633.06,4579.63,4454.47,2882.24,101.0,mixed,1.15,45,8361.54,FINNA Illustrative Benchmark Survey 2026 (Synthetic),2026,True
Madhya Pradesh,Indore,Tier 2,6514.2,835.92,6141.0,4608.37,5394.94,2950.64,101.0,mixed,0.92,55,5922.5,FINNA Illustrative Benchmark Survey 2026 (Synthetic),2026,True
Madhya Pradesh,Indore,Tier 2,7168.55,847.76,5662.16,4566.56,5557.4,2921.62,101.0,mixed,1.0,55,8015.85,FINNA Illustrative Benchmark Survey 2026 (Synthetic),2026,True
Madhya Pradesh,Indore,Tier 2,8222.25,1187.93,5818.22,4933.83,5547.26,2756.86,101.0,mixed,1.15,55,10755.01,FINNA Illustrative Benchmark Survey 2026 (Synthetic),2026,True
Madhya Pradesh,Indore,Tier 2,7738.65,871.39,5831.59,4985.85,6242.25,2881.51,101.0,mixed,0.92,65,8818.65,FINNA Illustrative Benchmark Survey 2026 (Synthetic),2026,True
Madhya Pradesh,Indore,Tier 2,8059.24,1089.56,6143.18,4874.09,6273.1,2868.77,101.0,mixed,1.0,65,9579.29,FINNA Illustrative Benchmark Survey 2026 (Synthetic),2026,True
Madhya Pradesh,Indore,Tier 2,9883.8,1032.79,5927.48,4724.59,6548.36,2964.52,101.0,mixed,1.15,65,14710.74,FINNA Illustrative Benchmark Survey 2026 (Synthetic),2026,True
Madhya Pradesh,Bhopal,Tier 2,2994.88,429.01,5058.22,4361.27,2546.71,2619.82,95.0,delivery,0.92,25,1000.0,FINNA Illustrative Benchmark Survey 2026 (Synthetic),2026,True
Madhya Pradesh,Bhopal,Tier 2,3435.4,519.45,5515.61,4713.81,2616.59,2683.31,95.0,delivery,1.0,25,1000.0,FINNA Illustrative Benchmark Survey 2026 (Synthetic),2026,True
Madhya Pradesh,Bhopal,Tier 2,3901.7,603.4,5070.89,4463.55,2623.98,2701.25,95.0,delivery,1.15,25,1322.55,FINNA Illustrative Benchmark Survey 2026 (Synthetic),2026,True
Madhya Pradesh,Bhopal,Tier 2,3888.17,528.59,5404.25,4333.02,3308.69,2721.44,95.0,delivery,0.92,35,1000.0,FINNA Illustrative Benchmark Survey 2026 (Synthetic),2026,True
Madhya Pradesh,Bhopal,Tier 2,4497.85,637.02,5427.58,4453.87,3484.28,2819.96,95.0,delivery,1.0,35,2138.5,FINNA Illustrative Benchmark Survey 2026 (Synthetic),2026,True
Madhya Pradesh,Bhopal,Tier 2,5244.14,576.49,5432.89,4447.87,3510.29,2667.88,95.0,delivery,1.15,35,4321.33,FINNA Illustrative Benchmark Survey 2026 (Synthetic),2026,True
Madhya Pradesh,Bhopal,Tier 2,4877.18,541.58,5119.8,4373.01,4372.75,2822.85,95.0,delivery,0.92,45,2879.36,FINNA Illustrative Benchmark Survey 2026 (Synthetic),2026,True
Madhya Pradesh,Bhopal,Tier 2,5525.56,703.55,5410.11,4511.28,4237.29,2609.39,95.0,delivery,1.0,45,4652.44,FINNA Illustrative Benchmark Survey 2026 (Synthetic),2026,True
Madhya Pradesh,Bhopal,Tier 2,6313.46,840.5,5125.69,4295.53,4214.84,2550.67,95.0,delivery,1.15,45,7247.86,FINNA Illustrative Benchmark Survey 2026 (Synthetic),2026,True
Madhya Pradesh,Bhopal,Tier 2,5691.73,870.93,5526.44,4396.7,5277.03,2746.14,95.0,delivery,0.92,55,4354.27,FINNA Illustrative Benchmark Survey 2026 (Synthetic),2026,True
Madhya Pradesh,Bhopal,Tier 2,6238.04,931.99,5318.34,4275.63,5094.2,2734.07,95.0,delivery,1.0,55,6232.51,FINNA Illustrative Benchmark Survey 2026 (Synthetic),2026,True
Madhya Pradesh,Bhopal,Tier 2,7244.08,760.59,5408.89,4522.17,5248.76,2670.3,95.0,delivery,1.15,55,8785.89,FINNA Illustrative Benchmark Survey 2026 (Synthetic),2026,True
Madhya Pradesh,Bhopal,Tier 2,6776.3,809.62,5065.35,4642.16,6149.15,2609.05,95.0,delivery,0.92,65,7069.18,FINNA Illustrative Benchmark Survey 2026 (Synthetic),2026,True
Madhya Pradesh,Bhopal,Tier 2,7572.14,837.51,5549.95,4516.82,6223.39,2790.13,95.0,delivery,1.0,65,8909.6,FINNA Illustrative Benchmark Survey 2026 (Synthetic),2026,True
Madhya Pradesh,Bhopal,Tier 2,8583.9,913.21,5430.26,4446.89,6067.58,2819.89,95.0,delivery,1.15,65,11962.38,FINNA Illustrative Benchmark Survey 2026 (Synthetic),2026,True
Madhya Pradesh,Bhopal,Tier 2,3473.1,462.11,5467.93,4374.29,2963.74,2726.46,95.0,ride_hailing,0.92,25,1000.0,FINNA Illustrative Benchmark Survey 2026 (Synthetic),2026,True
Madhya Pradesh,Bhopal,Tier 2,3826.93,555.57,5117.49,4379.28,3074.26,2657.44,95.0,ride_hailing,1.0,25,1000.0,FINNA Illustrative Benchmark Survey 2026 (Synthetic),2026,True
Madhya Pradesh,Bhopal,Tier 2,4433.42,468.26,5131.2,4358.26,3107.13,2599.19,95.0,ride_hailing,1.15,25,2600.6,FINNA Illustrative Benchmark Survey 2026 (Synthetic),2026,True
Madhya Pradesh,Bhopal,Tier 2,4524.51,650.48,5378.21,4284.47,3977.33,2595.59,95.0,ride_hailing,0.92,35,2181.09,FINNA Illustrative Benchmark Survey 2026 (Synthetic),2026,True
Madhya Pradesh,Bhopal,Tier 2,4880.02,665.97,5071.81,4307.42,4004.25,2832.56,95.0,ride_hailing,1.0,35,3194.39,FINNA Illustrative Benchmark Survey 2026 (Synthetic),2026,True
Madhya Pradesh,Bhopal,Tier 2,5872.92,622.61,5314.19,4602.04,4188.27,2733.47,95.0,ride_hailing,1.15,35,5584.65,FINNA Illustrative Benchmark Survey 2026 (Synthetic),2026,True
Madhya Pradesh,Bhopal,Tier 2,5509.8,557.83,5473.08,4618.55,5184.24,2552.17,95.0,ride_hailing,0.92,45,3919.11,FINNA Illustrative Benchmark Survey 2026 (Synthetic),2026,True
Madhya Pradesh,Bhopal,Tier 2,5926.24,622.35,5110.6,4557.32,4925.53,2851.1,95.0,ride_hailing,1.0,45,5340.44,FINNA Illustrative Benchmark Survey 2026 (Synthetic),2026,True
Madhya Pradesh,Bhopal,Tier 2,7209.83,766.98,5425.15,4427.28,5210.06,2603.55,95.0,ride_hailing,1.15,45,8809.14,FINNA Illustrative Benchmark Survey 2026 (Synthetic),2026,True
Madhya Pradesh,Bhopal,Tier 2,6549.11,876.08,5270.49,4348.41,6056.81,2588.06,95.0,ride_hailing,0.92,55,6561.02,FINNA Illustrative Benchmark Survey 2026 (Synthetic),2026,True
Madhya Pradesh,Bhopal,Tier 2,6876.44,973.17,5367.57,4330.38,6299.03,2571.31,95.0,ride_hailing,1.0,55,7284.35,FINNA Illustrative Benchmark Survey 2026 (Synthetic),2026,True
Madhya Pradesh,Bhopal,Tier 2,8065.9,1054.15,5478.34,4338.83,6341.88,2545.78,95.0,ride_hailing,1.15,55,10543.34,FINNA Illustrative Benchmark Survey 2026 (Synthetic),2026,True
Madhya Pradesh,Bhopal,Tier 2,7478.51,813.98,5382.34,4376.65,7351.85,2662.66,95.0,ride_hailing,0.92,65,8195.49,FINNA Illustrative Benchmark Survey 2026 (Synthetic),2026,True
Madhya Pradesh,Bhopal,Tier 2,8427.81,1258.84,5094.58,4351.3,6912.95,2570.96,95.0,ride_hailing,1.0,65,11415.71,FINNA Illustrative Benchmark Survey 2026 (Synthetic),2026,True
Madhya Pradesh,Bhopal,Tier 2,9745.86,1183.52,5361.32,4328.26,7377.15,2836.04,95.0,ride_hailing,1.15,65,14492.92,FINNA Illustrative Benchmark Survey 2026 (Synthetic),2026,True
Madhya Pradesh,Bhopal,Tier 2,3418.32,465.82,5129.38,4513.72,2069.69,2758.14,95.0,freelance_other,0.92,25,1000.0,FINNA Illustrative Benchmark Survey 2026 (Synthetic),2026,True
Madhya Pradesh,Bhopal,Tier 2,3500.81,490.24,5194.83,4642.9,2028.42,2571.67,95.0,freelance_other,1.0,25,1000.0,FINNA Illustrative Benchmark Survey 2026 (Synthetic),2026,True
Madhya Pradesh,Bhopal,Tier 2,4279.74,597.9,5529.43,4639.82,2088.03,2562.74,95.0,freelance_other,1.15,25,2412.32,FINNA Illustrative Benchmark Survey 2026 (Synthetic),2026,True
Madhya Pradesh,Bhopal,Tier 2,4192.34,653.95,5113.78,4570.13,2739.57,2664.55,95.0,freelance_other,0.92,35,1992.12,FINNA Illustrative Benchmark Survey 2026 (Synthetic),2026,True
Madhya Pradesh,Bhopal,Tier 2,4829.94,710.64,5288.57,4305.29,2796.85,2848.91,95.0,freelance_other,1.0,35,3688.11,FINNA Illustrative Benchmark Survey 2026 (Synthetic),2026,True
Madhya Pradesh,Bhopal,Tier 2,5361.07,565.2,5562.23,4356.84,2753.97,2641.46,95.0,freelance_other,1.15,35,5134.31,FINNA Illustrative Benchmark Survey 2026 (Synthetic),2026,True
Madhya Pradesh,Bhopal,Tier 2,5332.75,755.15,5254.39,4632.08,3438.57,2797.89,95.0,freelance_other,0.92,45,4529.12,FINNA Illustrative Benchmark Survey 2026 (Synthetic),2026,True
Madhya Pradesh,Bhopal,Tier 2,5903.83,677.49,5256.89,4498.7,3494.42,2710.52,95.0,freelance_other,1.0,45,6241.99,FINNA Illustrative Benchmark Survey 2026 (Synthetic),2026,True
Madhya Pradesh,Bhopal,Tier 2,6879.25,846.68,5342.91,4464.83,3506.71,2762.69,95.0,freelance_other,1.15,45,8911.51,FINNA Illustrative Benchmark Survey 2026 (Synthetic),2026,True
Madhya Pradesh,Bhopal,Tier 2,6450.75,917.2,5159.65,4276.29,4339.78,2543.56,95.0,freelance_other,0.92,55,7548.1,FINNA Illustrative Benchmark Survey 2026 (Synthetic),2026,True
Madhya Pradesh,Bhopal,Tier 2,6907.23,1087.59,5523.08,4301.81,4124.51,2813.0,95.0,freelance_other,1.0,55,8544.84,FINNA Illustrative Benchmark Survey 2026 (Synthetic),2026,True
Madhya Pradesh,Bhopal,Tier 2,8138.38,1213.76,5191.19,4339.86,4292.82,2852.87,95.0,freelance_other,1.15,55,12065.59,FINNA Illustrative Benchmark Survey 2026 (Synthetic),2026,True
Madhya Pradesh,Bhopal,Tier 2,7493.34,858.36,5473.75,4300.14,4711.55,2849.7,95.0,freelance_other,0.92,65,9822.16,FINNA Illustrative Benchmark Survey 2026 (Synthetic),2026,True
Madhya Pradesh,Bhopal,Tier 2,8013.12,982.79,5048.96,4709.21,4802.33,2765.25,95.0,freelance_other,1.0,65,11291.19,FINNA Illustrative Benchmark Survey 2026 (Synthetic),2026,True
Madhya Pradesh,Bhopal,Tier 2,9185.19,959.17,5478.84,4666.71,4669.77,2656.34,95.0,freelance_other,1.15,65,14495.14,FINNA Illustrative Benchmark Survey 2026 (Synthetic),2026,True
Madhya Pradesh,Bhopal,Tier 2,3142.57,328.79,5336.67,4641.17,2582.78,2597.11,95.0,mixed,0.92,25,1000.0,FINNA Illustrative Benchmark Survey 2026 (Synthetic),2026,True
Madhya Pradesh,Bhopal,Tier 2,3603.77,522.14,5405.24,4409.78,2638.43,2647.3,95.0,mixed,1.0,25,1000.0,FINNA Illustrative Benchmark Survey 2026 (Synthetic),2026,True
Madhya Pradesh,Bhopal,Tier 2,4156.64,589.06,5186.99,4345.15,2738.27,2548.41,95.0,mixed,1.15,25,2066.63,FINNA Illustrative Benchmark Survey 2026 (Synthetic),2026,True
Madhya Pradesh,Bhopal,Tier 2,4371.47,569.16,5040.76,4649.71,3648.82,2821.82,95.0,mixed,0.92,35,1798.78,FINNA Illustrative Benchmark Survey 2026 (Synthetic),2026,True
Madhya Pradesh,Bhopal,Tier 2,4678.2,700.66,5522.15,4500.84,3657.29,2675.27,95.0,mixed,1.0,35,2535.69,FINNA Illustrative Benchmark Survey 2026 (Synthetic),2026,True
Madhya Pradesh,Bhopal,Tier 2,5209.65,825.14,5311.4,4715.07,3489.18,2606.64,95.0,mixed,1.15,35,4183.07,FINNA Illustrative Benchmark Survey 2026 (Synthetic),2026,True
Madhya Pradesh,Bhopal,Tier 2,5316.23,601.45,5132.36,4610.7,4531.39,2810.72,95.0,mixed,0.92,45,3857.17,FINNA Illustrative Benchmark Survey 2026 (Synthetic),2026,True
Madhya Pradesh,Bhopal,Tier 2,5868.96,751.85,5200.99,4563.85,4628.07,2591.4,95.0,mixed,1.0,45,5478.39,FINNA Illustrative Benchmark Survey 2026 (Synthetic),2026,True
Madhya Pradesh,Bhopal,Tier 2,6742.34,935.83,5138.21,4323.78,4357.67,2733.43,95.0,mixed,1.15,45,8216.81,FINNA Illustrative Benchmark Survey 2026 (Synthetic),2026,True
Madhya Pradesh,Bhopal,Tier 2,6380.12,648.75,5184.57,4518.71,5214.83,2731.46,95.0,mixed,0.92,55,6484.63,FINNA Illustrative Benchmark Survey 2026 (Synthetic),2026,True
Madhya Pradesh,Bhopal,Tier 2,6886.29,816.35,5327.4,4562.28,5200.59,2625.21,95.0,mixed,1.0,55,7866.4,FINNA Illustrative Benchmark Survey 2026 (Synthetic),2026,True
Madhya Pradesh,Bhopal,Tier 2,8055.89,1078.59,5333.78,4630.6,5206.35,2639.92,95.0,mixed,1.15,55,11096.38,FINNA Illustrative Benchmark Survey 2026 (Synthetic),2026,True
Madhya Pradesh,Bhopal,Tier 2,7371.98,740.95,5224.02,4402.08,6228.07,2601.14,95.0,mixed,0.92,65,8752.49,FINNA Illustrative Benchmark Survey 2026 (Synthetic),2026,True
Madhya Pradesh,Bhopal,Tier 2,7894.37,1133.17,5551.14,4591.2,6076.99,2669.96,95.0,mixed,1.0,65,9940.67,FINNA Illustrative Benchmark Survey 2026 (Synthetic),2026,True
Madhya Pradesh,Bhopal,Tier 2,9071.12,962.08,5462.97,4342.58,6323.03,2661.8,95.0,mixed,1.15,65,13316.92,FINNA Illustrative Benchmark Survey 2026 (Synthetic),2026,True
Chandigarh,Chandigarh,Tier 2,3775.71,570.59,7048.89,5308.35,2899.07,3347.92,116.0,delivery,0.92,25,1000.0,FINNA Illustrative Benchmark Survey 2026 (Synthetic),2026,True
Chandigarh,Chandigarh,Tier 2,3943.26,564.31,7476.77,5669.11,2943.52,3303.23,116.0,delivery,1.0,25,1000.0,FINNA Illustrative Benchmark Survey 2026 (Synthetic),2026,True
Chandigarh,Chandigarh,Tier 2,4560.15,719.68,7211.74,5625.8,2942.86,3365.21,116.0,delivery,1.15,25,1000.0,FINNA Illustrative Benchmark Survey 2026 (Synthetic),2026,True
Chandigarh,Chandigarh,Tier 2,4878.52,717.73,7084.09,5423.17,4048.1,3173.47,116.0,delivery,0.92,35,1000.0,FINNA Illustrative Benchmark Survey 2026 (Synthetic),2026,True
Chandigarh,Chandigarh,Tier 2,5538.74,811.15,7119.1,5339.85,3970.78,3036.8,116.0,delivery,1.0,35,2935.54,FINNA Illustrative Benchmark Survey 2026 (Synthetic),2026,True
Chandigarh,Chandigarh,Tier 2,6004.76,826.66,7198.22,5667.6,3823.49,3342.26,116.0,delivery,1.15,35,3879.88,FINNA Illustrative Benchmark Survey 2026 (Synthetic),2026,True
Chandigarh,Chandigarh,Tier 2,6094.9,963.83,7402.64,5272.94,4774.76,3128.47,116.0,delivery,0.92,45,3777.87,FINNA Illustrative Benchmark Survey 2026 (Synthetic),2026,True
Chandigarh,Chandigarh,Tier 2,6829.18,749.08,7041.68,5424.83,4772.83,3076.81,116.0,delivery,1.0,45,6015.23,FINNA Illustrative Benchmark Survey 2026 (Synthetic),2026,True
Chandigarh,Chandigarh,Tier 2,7755.12,895.54,7180.75,5365.81,5083.7,3257.71,116.0,delivery,1.15,45,8249.6,FINNA Illustrative Benchmark Survey 2026 (Synthetic),2026,True
Chandigarh,Chandigarh,Tier 2,6952.16,746.93,7249.49,5246.78,6081.62,3161.96,116.0,delivery,0.92,55,5435.95,FINNA Illustrative Benchmark Survey 2026 (Synthetic),2026,True
Chandigarh,Chandigarh,Tier 2,8002.7,1240.65,6932.87,5426.7,6074.92,3373.59,116.0,delivery,1.0,55,8348.35,FINNA Illustrative Benchmark Survey 2026 (Synthetic),2026,True
Chandigarh,Chandigarh,Tier 2,8857.15,1248.26,7204.28,5369.56,6089.44,3270.1,116.0,delivery,1.15,55,10671.75,FINNA Illustrative Benchmark Survey 2026 (Synthetic),2026,True
Chandigarh,Chandigarh,Tier 2,8288.14,1149.0,7373.55,5359.65,7047.54,3011.05,116.0,delivery,0.92,65,8512.31,FINNA Illustrative Benchmark Survey 2026 (Synthetic),2026,True
Chandigarh,Chandigarh,Tier 2,9174.77,1077.48,6953.91,5444.6,6636.24,3157.08,116.0,delivery,1.0,65,11397.7,FINNA Illustrative Benchmark Survey 2026 (Synthetic),2026,True
Chandigarh,Chandigarh,Tier 2,10230.19,1080.41,7175.43,5578.37,7090.91,3186.5,116.0,delivery,1.15,65,13822.58,FINNA Illustrative Benchmark Survey 2026 (Synthetic),2026,True
Chandigarh,Chandigarh,Tier 2,4060.62,584.35,7500.57,5732.37,3535.76,3084.6,116.0,ride_hailing,0.92,25,1000.0,FINNA Illustrative Benchmark Survey 2026 (Synthetic),2026,True
Chandigarh,Chandigarh,Tier 2,4502.43,535.96,7557.44,5492.46,3517.5,3190.87,116.0,ride_hailing,1.0,25,1000.0,FINNA Illustrative Benchmark Survey 2026 (Synthetic),2026,True
Chandigarh,Chandigarh,Tier 2,5156.64,527.51,6952.13,5483.48,3500.31,3130.95,116.0,ride_hailing,1.15,25,2119.9,FINNA Illustrative Benchmark Survey 2026 (Synthetic),2026,True
Chandigarh,Chandigarh,Tier 2,5326.66,724.77,7113.81,5740.05,4633.82,3173.16,116.0,ride_hailing,0.92,35,1562.34,FINNA Illustrative Benchmark Survey 2026 (Synthetic),2026,True
Chandigarh,Chandigarh,Tier 2,6002.59,619.74,7464.97,5748.95,4754.59,3111.62,116.0,ride_hailing,1.0,35,3192.21,FINNA Illustrative Benchmark Survey 2026 (Synthetic),2026,True
Chandigarh,Chandigarh,Tier 2,6992.79,734.35,6889.87,5447.79,4610.14,3281.49,116.0,ride_hailing,1.15,35,6532.17,FINNA Illustrative Benchmark Survey 2026 (Synthetic),2026,True
Chandigarh,Chandigarh,Tier 2,7002.64,920.75,7322.14,5367.7,6030.36,3043.5,116.0,ride_hailing,0.92,45,5562.53,FINNA Illustrative Benchmark Survey 2026 (Synthetic),2026,True
Chandigarh,Chandigarh,Tier 2,7629.51,919.52,7382.29,5315.49,5804.16,3168.93,116.0,ride_hailing,1.0,45,7387.19,FINNA Illustrative Benchmark Survey 2026 (Synthetic),2026,True
Chandigarh,Chandigarh,Tier 2,8484.14,1199.06,6955.7,5608.18,5806.71,3274.07,116.0,ride_hailing,1.15,45,9809.58,FINNA Illustrative Benchmark Survey 2026 (Synthetic),2026,True
Chandigarh,Chandigarh,Tier 2,7945.92,799.33,7403.81,5553.42,6800.19,3264.5,116.0,ride_hailing,0.92,55,7399.54,FINNA Illustrative Benchmark Survey 2026 (Synthetic),2026,True
Chandigarh,Chandigarh,Tier 2,8795.38,1050.38,7550.18,5741.43,7174.62,3290.9,116.0,ride_hailing,1.0,55,9312.46,FINNA Illustrative Benchmark Survey 2026 (Synthetic),2026,True
Chandigarh,Chandigarh,Tier 2,9874.17,1076.58,7170.23,5306.12,7243.01,3051.63,116.0,ride_hailing,1.15,55,12989.71,FINNA Illustrative Benchmark Survey 2026 (Synthetic),2026,True
Chandigarh,Chandigarh,Tier 2,9539.68,1186.58,7214.9,5227.02,8147.37,3327.68,116.0,ride_hailing,0.92,65,11303.4,FINNA Illustrative Benchmark Survey 2026 (Synthetic),2026,True
Chandigarh,Chandigarh,Tier 2,9694.25,1230.78,7538.01,5278.6,7995.6,3383.95,116.0,ride_hailing,1.0,65,11556.96,FINNA Illustrative Benchmark Survey 2026 (Synthetic),2026,True
Chandigarh,Chandigarh,Tier 2,11419.11,1516.06,6959.59,5432.66,8080.31,3373.71,116.0,ride_hailing,1.15,65,16639.01,FINNA Illustrative Benchmark Survey 2026 (Synthetic),2026,True
Chandigarh,Chandigarh,Tier 2,4202.62,565.72,6850.35,5672.58,2262.71,3352.32,116.0,freelance_other,0.92,25,1000.0,FINNA Illustrative Benchmark Survey 2026 (Synthetic),2026,True
Chandigarh,Chandigarh,Tier 2,4402.68,669.5,7343.51,5581.9,2345.52,3165.59,116.0,freelance_other,1.0,25,1000.0,FINNA Illustrative Benchmark Survey 2026 (Synthetic),2026,True
Chandigarh,Chandigarh,Tier 2,5002.38,663.06,7216.68,5645.79,2281.01,3075.51,116.0,freelance_other,1.15,25,2236.86,FINNA Illustrative Benchmark Survey 2026 (Synthetic),2026,True
Chandigarh,Chandigarh,Tier 2,5305.93,586.91,7268.32,5523.52,3156.11,3332.52,116.0,freelance_other,0.92,35,2401.23,FINNA Illustrative Benchmark Survey 2026 (Synthetic),2026,True
Chandigarh,Chandigarh,Tier 2,5888.05,743.36,7043.94,5566.21,3294.67,3337.09,116.0,freelance_other,1.0,35,4064.68,FINNA Illustrative Benchmark Survey 2026 (Synthetic),2026,True
Chandigarh,Chandigarh,Tier 2,6934.98,1028.85,6914.74,5582.29,3215.94,3165.93,116.0,freelance_other,1.15,35,7247.22,FINNA Illustrative Benchmark Survey 2026 (Synthetic),2026,True
Chandigarh,Chandigarh,Tier 2,6555.87,951.28,7507.6,5279.84,3977.14,3231.19,116.0,freelance_other,0.92,45,5454.25,FINNA Illustrative Benchmark Survey 2026 (Synthetic),2026,True
Chandigarh,Chandigarh,Tier 2,6861.49,805.5,7142.86,5347.58,3980.5,3154.33,116.0,freelance_other,1.0,45,6555.24,FINNA Illustrative Benchmark Survey 2026 (Synthetic),2026,True
Chandigarh,Chandigarh,Tier 2,7997.56,1025.08,6929.6,5757.19,4127.32,3166.57,116.0,freelance_other,1.15,45,9521.69,FINNA Illustrative Benchmark Survey 2026 (Synthetic),2026,True
Chandigarh,Chandigarh,Tier 2,7928.86,1127.72,7373.63,5229.18,4737.78,3093.99,116.0,freelance_other,0.92,55,9033.3,FINNA Illustrative Benchmark Survey 2026 (Synthetic),2026,True
Chandigarh,Chandigarh,Tier 2,8257.46,1261.55,7030.44,5686.17,4898.77,3167.25,116.0,freelance_other,1.0,55,9731.91,FINNA Illustrative Benchmark Survey 2026 (Synthetic),2026,True
Chandigarh,Chandigarh,Tier 2,9463.58,1457.5,7138.48,5233.54,4653.06,3151.77,116.0,freelance_other,1.15,55,13520.29,FINNA Illustrative Benchmark Survey 2026 (Synthetic),2026,True
Chandigarh,Chandigarh,Tier 2,9090.27,1356.29,7271.96,5409.3,5766.53,3389.25,116.0,freelance_other,0.92,65,11390.49,FINNA Illustrative Benchmark Survey 2026 (Synthetic),2026,True
Chandigarh,Chandigarh,Tier 2,9437.54,1495.0,6978.72,5579.44,5708.41,3315.71,116.0,freelance_other,1.0,65,12533.47,FINNA Illustrative Benchmark Survey 2026 (Synthetic),2026,True
Chandigarh,Chandigarh,Tier 2,11151.08,1201.33,7298.12,5762.55,5417.02,3355.2,116.0,freelance_other,1.15,65,17193.34,FINNA Illustrative Benchmark Survey 2026 (Synthetic),2026,True
Chandigarh,Chandigarh,Tier 2,3980.28,502.49,6911.7,5665.64,3047.15,3250.47,116.0,mixed,0.92,25,1000.0,FINNA Illustrative Benchmark Survey 2026 (Synthetic),2026,True
Chandigarh,Chandigarh,Tier 2,4418.68,665.37,7291.67,5368.13,3059.0,3372.3,116.0,mixed,1.0,25,1000.0,FINNA Illustrative Benchmark Survey 2026 (Synthetic),2026,True
Chandigarh,Chandigarh,Tier 2,4850.74,512.22,7154.94,5570.89,3068.84,3018.68,116.0,mixed,1.15,25,1423.73,FINNA Illustrative Benchmark Survey 2026 (Synthetic),2026,True
Chandigarh,Chandigarh,Tier 2,5324.66,826.58,6896.72,5435.32,4203.39,3058.13,116.0,mixed,0.92,35,2250.44,FINNA Illustrative Benchmark Survey 2026 (Synthetic),2026,True
Chandigarh,Chandigarh,Tier 2,5672.05,782.12,7097.85,5356.85,4254.71,3122.02,116.0,mixed,1.0,35,3073.56,FINNA Illustrative Benchmark Survey 2026 (Synthetic),2026,True
Chandigarh,Chandigarh,Tier 2,6565.65,753.18,7401.62,5657.33,4212.64,3261.15,116.0,mixed,1.15,35,5132.74,FINNA Illustrative Benchmark Survey 2026 (Synthetic),2026,True
Chandigarh,Chandigarh,Tier 2,6320.45,986.61,7291.76,5576.11,5202.82,3047.71,116.0,mixed,0.92,45,4061.95,FINNA Illustrative Benchmark Survey 2026 (Synthetic),2026,True
Chandigarh,Chandigarh,Tier 2,6973.12,946.63,6917.1,5380.35,5333.21,3043.63,116.0,mixed,1.0,45,6187.56,FINNA Illustrative Benchmark Survey 2026 (Synthetic),2026,True
Chandigarh,Chandigarh,Tier 2,8041.7,978.54,7443.59,5439.94,5166.29,3016.43,116.0,mixed,1.15,45,8940.3,FINNA Illustrative Benchmark Survey 2026 (Synthetic),2026,True
Chandigarh,Chandigarh,Tier 2,7328.7,1154.66,6894.95,5603.04,6131.54,3128.42,116.0,mixed,0.92,55,6483.96,FINNA Illustrative Benchmark Survey 2026 (Synthetic),2026,True
Chandigarh,Chandigarh,Tier 2,8516.71,1264.84,6969.46,5230.58,6034.15,3225.84,116.0,mixed,1.0,55,10021.26,FINNA Illustrative Benchmark Survey 2026 (Synthetic),2026,True
Chandigarh,Chandigarh,Tier 2,9565.34,974.58,7542.66,5771.56,6185.38,3243.78,116.0,mixed,1.15,55,12138.45,FINNA Illustrative Benchmark Survey 2026 (Synthetic),2026,True
Chandigarh,Chandigarh,Tier 2,8733.82,956.38,7374.02,5734.62,7021.28,3019.35,116.0,mixed,0.92,65,9534.31,FINNA Illustrative Benchmark Survey 2026 (Synthetic),2026,True
Chandigarh,Chandigarh,Tier 2,9097.22,1189.05,6949.69,5701.78,6976.33,3091.31,116.0,mixed,1.0,65,10836.7,FINNA Illustrative Benchmark Survey 2026 (Synthetic),2026,True
Chandigarh,Chandigarh,Tier 2,10726.76,1214.12,7363.98,5741.92,7064.32,3192.92,116.0,mixed,1.15,65,15004.43,FINNA Illustrative Benchmark Survey 2026 (Synthetic),2026,True
Punjab,Ludhiana,Tier 2,3297.01,398.65,5628.84,4505.39,2586.21,2698.64,98.0,delivery,0.92,25,1000.0,FINNA Illustrative Benchmark Survey 2026 (Synthetic),2026,True
Punjab,Ludhiana,Tier 2,3461.82,429.25,5428.11,4449.56,2574.42,2825.49,98.0,delivery,1.0,25,1000.0,FINNA Illustrative Benchmark Survey 2026 (Synthetic),2026,True
Punjab,Ludhiana,Tier 2,3907.41,482.84,5646.84,4722.57,2498.23,2795.29,98.0,delivery,1.15,25,1000.0,FINNA Illustrative Benchmark Survey 2026 (Synthetic),2026,True
Punjab,Ludhiana,Tier 2,4344.73,561.64,5814.4,4564.92,3501.42,2802.35,98.0,delivery,0.92,35,1384.23,FINNA Illustrative Benchmark Survey 2026 (Synthetic),2026,True
Punjab,Ludhiana,Tier 2,4601.92,627.88,5560.42,4630.89,3398.93,2742.99,98.0,delivery,1.0,35,2335.5,FINNA Illustrative Benchmark Survey 2026 (Synthetic),2026,True
Punjab,Ludhiana,Tier 2,5057.99,556.56,5338.91,4605.22,3457.41,2633.09,98.0,delivery,1.15,35,3813.2,FINNA Illustrative Benchmark Survey 2026 (Synthetic),2026,True
Punjab,Ludhiana,Tier 2,5286.65,733.29,5860.48,4532.04,4143.11,2596.29,98.0,delivery,0.92,45,3743.53,FINNA Illustrative Benchmark Survey 2026 (Synthetic),2026,True
Punjab,Ludhiana,Tier 2,5520.56,814.03,5520.34,4403.41,4359.06,2658.52,98.0,delivery,1.0,45,4525.75,FINNA Illustrative Benchmark Survey 2026 (Synthetic),2026,True
Punjab,Ludhiana,Tier 2,6584.01,706.72,5498.41,4375.01,4246.06,2688.78,98.0,delivery,1.15,45,7605.33,FINNA Illustrative Benchmark Survey 2026 (Synthetic),2026,True
Punjab,Ludhiana,Tier 2,6216.95,956.94,5634.52,4547.37,5199.13,2708.83,98.0,delivery,0.92,55,5739.2,FINNA Illustrative Benchmark Survey 2026 (Synthetic),2026,True
Punjab,Ludhiana,Tier 2,6391.92,745.83,5660.43,4776.35,5305.62,2562.24,98.0,delivery,1.0,55,6092.04,FINNA Illustrative Benchmark Survey 2026 (Synthetic),2026,True
Punjab,Ludhiana,Tier 2,7830.36,981.18,5743.47,4516.18,5082.92,2601.87,98.0,delivery,1.15,55,10374.66,FINNA Illustrative Benchmark Survey 2026 (Synthetic),2026,True
Punjab,Ludhiana,Tier 2,7133.83,926.82,5874.55,4563.77,5813.57,2593.45,98.0,delivery,0.92,65,7828.69,FINNA Illustrative Benchmark Survey 2026 (Synthetic),2026,True
Punjab,Ludhiana,Tier 2,7465.96,918.1,5642.79,4501.12,6062.71,2815.38,98.0,delivery,1.0,65,8648.64,FINNA Illustrative Benchmark Survey 2026 (Synthetic),2026,True
Punjab,Ludhiana,Tier 2,9046.31,1399.45,5479.24,4757.16,5947.22,2828.25,98.0,delivery,1.15,65,13103.12,FINNA Illustrative Benchmark Survey 2026 (Synthetic),2026,True
Punjab,Ludhiana,Tier 2,3682.62,376.91,5681.07,4401.95,2921.79,2798.01,98.0,ride_hailing,0.92,25,1000.0,FINNA Illustrative Benchmark Survey 2026 (Synthetic),2026,True
Punjab,Ludhiana,Tier 2,3942.49,459.22,5742.07,4554.16,3033.23,2639.47,98.0,ride_hailing,1.0,25,1000.0,FINNA Illustrative Benchmark Survey 2026 (Synthetic),2026,True
Punjab,Ludhiana,Tier 2,4494.33,555.5,5710.02,4579.11,3103.82,2851.36,98.0,ride_hailing,1.15,25,2090.49,FINNA Illustrative Benchmark Survey 2026 (Synthetic),2026,True
Punjab,Ludhiana,Tier 2,4553.43,557.5,5666.07,4383.47,3939.7,2541.37,98.0,ride_hailing,0.92,35,2070.73,FINNA Illustrative Benchmark Survey 2026 (Synthetic),2026,True
Punjab,Ludhiana,Tier 2,4942.73,590.02,5705.06,4570.41,3979.71,2599.94,98.0,ride_hailing,1.0,35,2955.49,FINNA Illustrative Benchmark Survey 2026 (Synthetic),2026,True
Punjab,Ludhiana,Tier 2,6058.45,739.94,5825.61,4825.2,4229.51,2819.24,98.0,ride_hailing,1.15,35,5546.79,FINNA Illustrative Benchmark Survey 2026 (Synthetic),2026,True
Punjab,Ludhiana,Tier 2,5659.31,832.47,5382.05,4805.69,4950.77,2644.7,98.0,ride_hailing,0.92,45,4369.04,FINNA Illustrative Benchmark Survey 2026 (Synthetic),2026,True
Punjab,Ludhiana,Tier 2,6328.57,941.37,5471.15,4448.36,4976.48,2687.26,98.0,ride_hailing,1.0,45,6382.65,FINNA Illustrative Benchmark Survey 2026 (Synthetic),2026,True
Punjab,Ludhiana,Tier 2,6997.16,1061.56,5741.7,4778.39,5315.99,2671.91,98.0,ride_hailing,1.15,45,7663.31,FINNA Illustrative Benchmark Survey 2026 (Synthetic),2026,True
Punjab,Ludhiana,Tier 2,6773.36,727.07,5615.45,4635.83,6218.65,2854.34,98.0,ride_hailing,0.92,55,6502.85,FINNA Illustrative Benchmark Survey 2026 (Synthetic),2026,True
Punjab,Ludhiana,Tier 2,7288.48,1048.46,5446.47,4491.35,6039.36,2564.83,98.0,ride_hailing,1.0,55,8461.12,FINNA Illustrative Benchmark Survey 2026 (Synthetic),2026,True
Punjab,Ludhiana,Tier 2,8542.7,1301.67,5689.31,4708.22,5994.99,2563.28,98.0,ride_hailing,1.15,55,11722.16,FINNA Illustrative Benchmark Survey 2026 (Synthetic),2026,True
Punjab,Ludhiana,Tier 2,8095.39,838.81,5327.35,4469.42,7317.32,2598.89,98.0,ride_hailing,0.92,65,9971.04,FINNA Illustrative Benchmark Survey 2026 (Synthetic),2026,True
Punjab,Ludhiana,Tier 2,8211.05,923.9,5650.69,4612.72,7340.13,2784.4,98.0,ride_hailing,1.0,65,9857.84,FINNA Illustrative Benchmark Survey 2026 (Synthetic),2026,True
Punjab,Ludhiana,Tier 2,9604.42,1222.08,5406.24,4602.08,7371.9,2608.89,98.0,ride_hailing,1.15,65,14038.72,FINNA Illustrative Benchmark Survey 2026 (Synthetic),2026,True
Punjab,Ludhiana,Tier 2,3398.7,538.71,5806.0,4606.19,2099.32,2598.9,98.0,freelance_other,0.92,25,1000.0,FINNA Illustrative Benchmark Survey 2026 (Synthetic),2026,True
Punjab,Ludhiana,Tier 2,3668.6,403.0,5492.0,4770.12,2077.7,2585.72,98.0,freelance_other,1.0,25,1000.0,FINNA Illustrative Benchmark Survey 2026 (Synthetic),2026,True
Punjab,Ludhiana,Tier 2,4424.5,640.23,5454.71,4781.29,2001.91,2547.26,98.0,freelance_other,1.15,25,2842.39,FINNA Illustrative Benchmark Survey 2026 (Synthetic),2026,True
Punjab,Ludhiana,Tier 2,4586.59,583.22,5468.72,4796.39,2687.05,2677.8,98.0,freelance_other,0.92,35,2749.48,FINNA Illustrative Benchmark Survey 2026 (Synthetic),2026,True
Punjab,Ludhiana,Tier 2,4784.12,622.56,5604.44,4394.45,2728.97,2569.69,98.0,freelance_other,1.0,35,3521.5,FINNA Illustrative Benchmark Survey 2026 (Synthetic),2026,True
Punjab,Ludhiana,Tier 2,5727.23,824.26,5556.65,4505.24,2757.9,2730.47,98.0,freelance_other,1.15,35,6011.62,FINNA Illustrative Benchmark Survey 2026 (Synthetic),2026,True
Punjab,Ludhiana,Tier 2,5577.32,722.92,5562.8,4683.33,3525.8,2848.71,98.0,freelance_other,0.92,45,4893.95,FINNA Illustrative Benchmark Survey 2026 (Synthetic),2026,True
Punjab,Ludhiana,Tier 2,5912.32,610.08,5339.99,4492.44,3363.96,2570.73,98.0,freelance_other,1.0,45,6391.6,FINNA Illustrative Benchmark Survey 2026 (Synthetic),2026,True
Punjab,Ludhiana,Tier 2,6803.0,933.46,5720.86,4550.28,3373.84,2775.79,98.0,freelance_other,1.15,45,8473.54,FINNA Illustrative Benchmark Survey 2026 (Synthetic),2026,True
Punjab,Ludhiana,Tier 2,6758.54,784.64,5435.2,4731.43,4123.93,2631.31,98.0,freelance_other,0.92,55,8022.7,FINNA Illustrative Benchmark Survey 2026 (Synthetic),2026,True
Punjab,Ludhiana,Tier 2,7184.7,1034.83,5372.78,4601.49,4241.78,2692.47,98.0,freelance_other,1.0,55,9230.8,FINNA Illustrative Benchmark Survey 2026 (Synthetic),2026,True
Punjab,Ludhiana,Tier 2,8071.53,1246.24,5453.63,4514.95,4031.03,2598.7,98.0,freelance_other,1.15,55,11928.42,FINNA Illustrative Benchmark Survey 2026 (Synthetic),2026,True
Punjab,Ludhiana,Tier 2,7763.0,842.36,5327.13,4588.32,4787.73,2595.51,98.0,freelance_other,0.92,65,10604.81,FINNA Illustrative Benchmark Survey 2026 (Synthetic),2026,True
Punjab,Ludhiana,Tier 2,8022.0,839.25,5700.35,4762.42,4888.63,2852.13,98.0,freelance_other,1.0,65,10745.62,FINNA Illustrative Benchmark Survey 2026 (Synthetic),2026,True
Punjab,Ludhiana,Tier 2,9465.51,1223.88,5458.61,4420.32,4975.94,2721.79,98.0,freelance_other,1.15,65,15215.85,FINNA Illustrative Benchmark Survey 2026 (Synthetic),2026,True
Punjab,Ludhiana,Tier 2,3504.86,526.15,5614.15,4446.96,2582.11,2568.43,98.0,mixed,0.92,25,1000.0,FINNA Illustrative Benchmark Survey 2026 (Synthetic),2026,True
Punjab,Ludhiana,Tier 2,3608.51,520.24,5573.47,4708.01,2761.36,2621.38,98.0,mixed,1.0,25,1000.0,FINNA Illustrative Benchmark Survey 2026 (Synthetic),2026,True
Punjab,Ludhiana,Tier 2,4211.13,513.16,5327.59,4532.21,2701.92,2826.8,98.0,mixed,1.15,25,1849.69,FINNA Illustrative Benchmark Survey 2026 (Synthetic),2026,True
Punjab,Ludhiana,Tier 2,4541.7,687.69,5825.21,4644.04,3485.62,2760.19,98.0,mixed,0.92,35,1917.83,FINNA Illustrative Benchmark Survey 2026 (Synthetic),2026,True
Punjab,Ludhiana,Tier 2,4918.73,497.99,5868.04,4763.88,3642.91,2583.89,98.0,mixed,1.0,35,2885.6,FINNA Illustrative Benchmark Survey 2026 (Synthetic),2026,True
Punjab,Ludhiana,Tier 2,5554.15,636.85,5734.97,4817.71,3556.6,2779.17,98.0,mixed,1.15,35,4654.66,FINNA Illustrative Benchmark Survey 2026 (Synthetic),2026,True
Punjab,Ludhiana,Tier 2,5327.36,837.93,5677.69,4814.11,4646.07,2757.93,98.0,mixed,0.92,45,3361.58,FINNA Illustrative Benchmark Survey 2026 (Synthetic),2026,True
Punjab,Ludhiana,Tier 2,6125.58,777.68,5856.65,4612.38,4425.32,2758.02,98.0,mixed,1.0,45,5766.4,FINNA Illustrative Benchmark Survey 2026 (Synthetic),2026,True
Punjab,Ludhiana,Tier 2,7038.29,868.96,5553.68,4827.21,4441.2,2551.32,98.0,mixed,1.15,45,8516.55,FINNA Illustrative Benchmark Survey 2026 (Synthetic),2026,True
Punjab,Ludhiana,Tier 2,6448.25,777.64,5662.93,4569.39,5383.27,2851.68,98.0,mixed,0.92,55,6144.87,FINNA Illustrative Benchmark Survey 2026 (Synthetic),2026,True
Punjab,Ludhiana,Tier 2,7161.39,840.06,5862.9,4599.51,5482.9,2689.09,98.0,mixed,1.0,55,8043.37,FINNA Illustrative Benchmark Survey 2026 (Synthetic),2026,True
Punjab,Ludhiana,Tier 2,7822.21,1235.91,5669.33,4675.59,5317.84,2631.4,98.0,mixed,1.15,55,10124.41,FINNA Illustrative Benchmark Survey 2026 (Synthetic),2026,True
Punjab,Ludhiana,Tier 2,7560.13,763.09,5342.93,4500.19,6326.0,2555.23,98.0,mixed,0.92,65,9107.16,FINNA Illustrative Benchmark Survey 2026 (Synthetic),2026,True
Punjab,Ludhiana,Tier 2,7900.4,994.02,5689.74,4370.3,6154.38,2651.47,98.0,mixed,1.0,65,9972.85,FINNA Illustrative Benchmark Survey 2026 (Synthetic),2026,True
Punjab,Ludhiana,Tier 2,9068.81,1374.29,5692.58,4723.69,6105.95,2565.87,98.0,mixed,1.15,65,13116.91,FINNA Illustrative Benchmark Survey 2026 (Synthetic),2026,True
Punjab,Amritsar,Tier 2,3011.73,481.14,5236.23,4538.35,2391.59,2512.28,96.0,delivery,0.92,25,1000.0,FINNA Illustrative Benchmark Survey 2026 (Synthetic),2026,True
Punjab,Amritsar,Tier 2,3327.65,403.57,5568.32,4561.67,2459.26,2745.67,96.0,delivery,1.0,25,1000.0,FINNA Illustrative Benchmark Survey 2026 (Synthetic),2026,True
Punjab,Amritsar,Tier 2,3711.73,429.36,5293.09,4414.83,2487.25,2655.82,96.0,delivery,1.15,25,1000.0,FINNA Illustrative Benchmark Survey 2026 (Synthetic),2026,True
Punjab,Amritsar,Tier 2,3985.39,536.79,5498.99,4364.78,3252.17,2616.94,96.0,delivery,0.92,35,1000.0,FINNA Illustrative Benchmark Survey 2026 (Synthetic),2026,True
Punjab,Amritsar,Tier 2,4324.42,454.65,5436.0,4557.74,3362.08,2561.3,96.0,delivery,1.0,35,1824.95,FINNA Illustrative Benchmark Survey 2026 (Synthetic),2026,True
Punjab,Amritsar,Tier 2,5205.49,657.0,5204.85,4473.86,3299.76,2735.68,96.0,delivery,1.15,35,4436.65,FINNA Illustrative Benchmark Survey 2026 (Synthetic),2026,True
Punjab,Amritsar,Tier 2,5052.5,647.24,5360.94,4464.23,4169.85,2452.63,96.0,delivery,0.92,45,3529.29,FINNA Illustrative Benchmark Survey 2026 (Synthetic),2026,True
Punjab,Amritsar,Tier 2,5425.45,854.23,5357.3,4615.14,4238.71,2538.35,96.0,delivery,1.0,45,4382.75,FINNA Illustrative Benchmark Survey 2026 (Synthetic),2026,True
Punjab,Amritsar,Tier 2,6082.15,795.13,5198.73,4519.47,4222.03,2535.52,96.0,delivery,1.15,45,6408.97,FINNA Illustrative Benchmark Survey 2026 (Synthetic),2026,True
Punjab,Amritsar,Tier 2,5976.22,738.42,5347.59,4277.68,5155.11,2716.97,96.0,delivery,0.92,55,5446.79,FINNA Illustrative Benchmark Survey 2026 (Synthetic),2026,True
Punjab,Amritsar,Tier 2,6345.6,655.25,5159.53,4648.45,5091.68,2548.05,96.0,delivery,1.0,55,6518.68,FINNA Illustrative Benchmark Survey 2026 (Synthetic),2026,True
Punjab,Amritsar,Tier 2,7084.95,832.02,5389.99,4424.09,4854.59,2675.03,96.0,delivery,1.15,55,8667.19,FINNA Illustrative Benchmark Survey 2026 (Synthetic),2026,True
Punjab,Amritsar,Tier 2,6810.11,983.12,5158.63,4367.28,5681.16,2675.01,96.0,delivery,0.92,65,7543.7,FINNA Illustrative Benchmark Survey 2026 (Synthetic),2026,True
Punjab,Amritsar,Tier 2,7297.69,827.65,5494.87,4658.52,5754.49,2541.0,96.0,delivery,1.0,65,8547.58,FINNA Illustrative Benchmark Survey 2026 (Synthetic),2026,True
Punjab,Amritsar,Tier 2,8724.03,875.78,5391.88,4584.5,5667.39,2444.01,96.0,delivery,1.15,65,12796.73,FINNA Illustrative Benchmark Survey 2026 (Synthetic),2026,True
Punjab,Amritsar,Tier 2,3464.71,371.63,5182.31,4366.93,2939.76,2703.81,96.0,ride_hailing,0.92,25,1000.0,FINNA Illustrative Benchmark Survey 2026 (Synthetic),2026,True
Punjab,Amritsar,Tier 2,3718.19,384.23,5195.78,4457.05,3059.71,2699.92,96.0,ride_hailing,1.0,25,1000.0,FINNA Illustrative Benchmark Survey 2026 (Synthetic),2026,True
Punjab,Amritsar,Tier 2,4412.65,586.01,5573.71,4581.59,3030.63,2636.55,96.0,ride_hailing,1.15,25,2134.79,FINNA Illustrative Benchmark Survey 2026 (Synthetic),2026,True
Punjab,Amritsar,Tier 2,4503.44,622.25,5229.8,4643.35,4038.1,2497.28,96.0,ride_hailing,0.92,35,2009.39,FINNA Illustrative Benchmark Survey 2026 (Synthetic),2026,True
Punjab,Amritsar,Tier 2,5016.83,666.24,5387.13,4405.52,4041.31,2743.24,96.0,ride_hailing,1.0,35,3344.69,FINNA Illustrative Benchmark Survey 2026 (Synthetic),2026,True
Punjab,Amritsar,Tier 2,5656.75,792.3,5341.24,4588.94,3862.59,2574.07,96.0,ride_hailing,1.15,35,5282.48,FINNA Illustrative Benchmark Survey 2026 (Synthetic),2026,True
Punjab,Amritsar,Tier 2,5530.7,562.35,5376.82,4528.89,4804.41,2538.46,96.0,ride_hailing,0.92,45,4354.58,FINNA Illustrative Benchmark Survey 2026 (Synthetic),2026,True
Punjab,Amritsar,Tier 2,6118.21,939.72,5464.73,4294.18,5162.82,2744.39,96.0,ride_hailing,1.0,45,5736.72,FINNA Illustrative Benchmark Survey 2026 (Synthetic),2026,True
Punjab,Amritsar,Tier 2,6937.34,994.7,5279.53,4716.79,4943.1,2711.02,96.0,ride_hailing,1.15,45,8052.36,FINNA Illustrative Benchmark Survey 2026 (Synthetic),2026,True
Punjab,Amritsar,Tier 2,6561.06,793.43,5511.36,4450.78,5780.19,2648.65,96.0,ride_hailing,0.92,55,6511.97,FINNA Illustrative Benchmark Survey 2026 (Synthetic),2026,True
Punjab,Amritsar,Tier 2,7045.27,1008.55,5313.22,4596.83,6127.08,2530.84,96.0,ride_hailing,1.0,55,7759.73,FINNA Illustrative Benchmark Survey 2026 (Synthetic),2026,True
Punjab,Amritsar,Tier 2,8371.48,989.31,5342.72,4687.27,6059.25,2561.48,96.0,ride_hailing,1.15,55,11438.56,FINNA Illustrative Benchmark Survey 2026 (Synthetic),2026,True
Punjab,Amritsar,Tier 2,7505.36,1047.29,5441.06,4692.34,7114.84,2607.94,96.0,ride_hailing,0.92,65,8217.32,FINNA Illustrative Benchmark Survey 2026 (Synthetic),2026,True
Punjab,Amritsar,Tier 2,7934.08,947.68,5645.81,4431.64,7026.89,2569.98,96.0,ride_hailing,1.0,65,9542.16,FINNA Illustrative Benchmark Survey 2026 (Synthetic),2026,True
Punjab,Amritsar,Tier 2,9060.63,1369.26,5215.96,4318.44,6742.16,2735.48,96.0,ride_hailing,1.15,65,13143.32,FINNA Illustrative Benchmark Survey 2026 (Synthetic),2026,True
Punjab,Amritsar,Tier 2,3307.21,481.51,5659.92,4638.85,2040.53,2517.82,96.0,freelance_other,0.92,25,1000.0,FINNA Illustrative Benchmark Survey 2026 (Synthetic),2026,True
Punjab,Amritsar,Tier 2,3716.78,410.48,5611.94,4615.12,1990.43,2464.08,96.0,freelance_other,1.0,25,1000.0,FINNA Illustrative Benchmark Survey 2026 (Synthetic),2026,True
Punjab,Amritsar,Tier 2,4178.91,446.59,5587.27,4307.8,2045.45,2633.24,96.0,freelance_other,1.15,25,2288.6,FINNA Illustrative Benchmark Survey 2026 (Synthetic),2026,True
Punjab,Amritsar,Tier 2,4485.23,697.06,5303.43,4589.43,2685.2,2752.53,96.0,freelance_other,0.92,35,2658.8,FINNA Illustrative Benchmark Survey 2026 (Synthetic),2026,True
Punjab,Amritsar,Tier 2,4773.92,534.6,5266.35,4471.88,2665.34,2506.77,96.0,freelance_other,1.0,35,3744.48,FINNA Illustrative Benchmark Survey 2026 (Synthetic),2026,True
Punjab,Amritsar,Tier 2,5310.25,790.33,5566.68,4361.53,2729.56,2640.28,96.0,freelance_other,1.15,35,5001.97,FINNA Illustrative Benchmark Survey 2026 (Synthetic),2026,True
Punjab,Amritsar,Tier 2,5437.83,610.19,5567.4,4676.98,3361.8,2571.3,96.0,freelance_other,0.92,45,4789.41,FINNA Illustrative Benchmark Survey 2026 (Synthetic),2026,True
Punjab,Amritsar,Tier 2,5853.73,610.65,5230.06,4603.49,3511.79,2644.38,96.0,freelance_other,1.0,45,6082.01,FINNA Illustrative Benchmark Survey 2026 (Synthetic),2026,True
Punjab,Amritsar,Tier 2,6704.75,1005.34,5438.0,4488.18,3359.77,2636.97,96.0,freelance_other,1.15,45,8520.62,FINNA Illustrative Benchmark Survey 2026 (Synthetic),2026,True
Punjab,Amritsar,Tier 2,6354.82,688.05,5166.26,4467.38,4032.63,2466.11,96.0,freelance_other,0.92,55,7399.59,FINNA Illustrative Benchmark Survey 2026 (Synthetic),2026,True
Punjab,Amritsar,Tier 2,6643.1,976.16,5291.04,4328.07,3985.21,2631.66,96.0,freelance_other,1.0,55,8143.62,FINNA Illustrative Benchmark Survey 2026 (Synthetic),2026,True
Punjab,Amritsar,Tier 2,7799.45,884.78,5637.93,4690.02,3991.99,2663.42,96.0,freelance_other,1.15,55,10912.37,FINNA Illustrative Benchmark Survey 2026 (Synthetic),2026,True
Punjab,Amritsar,Tier 2,7002.99,1066.47,5652.78,4308.65,4762.34,2710.2,96.0,freelance_other,0.92,65,8377.83,FINNA Illustrative Benchmark Survey 2026 (Synthetic),2026,True
Punjab,Amritsar,Tier 2,8156.83,1060.41,5345.58,4300.49,4808.6,2478.59,96.0,freelance_other,1.0,65,11950.78,FINNA Illustrative Benchmark Survey 2026 (Synthetic),2026,True
Punjab,Amritsar,Tier 2,9046.08,1402.54,5272.05,4288.49,4672.46,2525.39,96.0,freelance_other,1.15,65,14567.24,FINNA Illustrative Benchmark Survey 2026 (Synthetic),2026,True
Punjab,Amritsar,Tier 2,3209.05,468.15,5205.22,4521.19,2640.94,2732.34,96.0,mixed,0.92,25,1000.0,FINNA Illustrative Benchmark Survey 2026 (Synthetic),2026,True
Punjab,Amritsar,Tier 2,3581.08,546.82,5257.23,4307.81,2685.34,2726.15,96.0,mixed,1.0,25,1000.0,FINNA Illustrative Benchmark Survey 2026 (Synthetic),2026,True
Punjab,Amritsar,Tier 2,4131.17,602.88,5149.1,4716.48,2685.74,2630.62,96.0,mixed,1.15,25,1758.92,FINNA Illustrative Benchmark Survey 2026 (Synthetic),2026,True
Punjab,Amritsar,Tier 2,4323.92,453.3,5427.77,4700.97,3444.89,2457.02,96.0,mixed,0.92,35,1749.75,FINNA Illustrative Benchmark Survey 2026 (Synthetic),2026,True
Punjab,Amritsar,Tier 2,4484.96,585.09,5481.18,4469.18,3454.13,2709.15,96.0,mixed,1.0,35,2149.05,FINNA Illustrative Benchmark Survey 2026 (Synthetic),2026,True
Punjab,Amritsar,Tier 2,5558.76,563.03,5159.89,4623.13,3596.73,2610.67,96.0,mixed,1.15,35,5251.36,FINNA Illustrative Benchmark Survey 2026 (Synthetic),2026,True
Punjab,Amritsar,Tier 2,5417.87,763.47,5528.48,4523.62,4242.35,2682.89,96.0,mixed,0.92,45,4213.32,FINNA Illustrative Benchmark Survey 2026 (Synthetic),2026,True
Punjab,Amritsar,Tier 2,5813.5,731.24,5360.49,4337.0,4378.16,2723.91,96.0,mixed,1.0,45,5442.38,FINNA Illustrative Benchmark Survey 2026 (Synthetic),2026,True
Punjab,Amritsar,Tier 2,6836.71,834.51,5234.57,4471.44,4244.39,2516.39,96.0,mixed,1.15,45,8538.51,FINNA Illustrative Benchmark Survey 2026 (Synthetic),2026,True
Punjab,Amritsar,Tier 2,6251.99,710.4,5533.64,4674.75,5394.56,2621.23,96.0,mixed,0.92,55,5750.51,FINNA Illustrative Benchmark Survey 2026 (Synthetic),2026,True
Punjab,Amritsar,Tier 2,7012.83,707.55,5518.71,4640.68,5092.4,2483.54,96.0,mixed,1.0,55,8209.65,FINNA Illustrative Benchmark Survey 2026 (Synthetic),2026,True
Punjab,Amritsar,Tier 2,7561.69,776.0,5318.82,4569.84,5163.09,2535.23,96.0,mixed,1.15,55,9850.84,FINNA Illustrative Benchmark Survey 2026 (Synthetic),2026,True
Punjab,Amritsar,Tier 2,7179.82,924.2,5196.08,4309.56,6003.67,2613.62,96.0,mixed,0.92,65,8427.7,FINNA Illustrative Benchmark Survey 2026 (Synthetic),2026,True
Punjab,Amritsar,Tier 2,7735.32,1114.76,5322.76,4686.8,5989.01,2666.5,96.0,mixed,1.0,65,9638.76,FINNA Illustrative Benchmark Survey 2026 (Synthetic),2026,True
Punjab,Amritsar,Tier 2,9213.49,1352.66,5288.05,4569.14,6139.25,2527.47,96.0,mixed,1.15,65,13890.83,FINNA Illustrative Benchmark Survey 2026 (Synthetic),2026,True
Andhra Pradesh,Visakhapatnam,Tier 2,3289.7,428.34,5541.32,4888.2,2641.04,2840.95,100.0,delivery,0.92,25,1000.0,FINNA Illustrative Benchmark Survey 2026 (Synthetic),2026,True
Andhra Pradesh,Visakhapatnam,Tier 2,3458.06,388.04,5589.54,4923.69,2542.31,2881.28,100.0,delivery,1.0,25,1000.0,FINNA Illustrative Benchmark Survey 2026 (Synthetic),2026,True
Andhra Pradesh,Visakhapatnam,Tier 2,3954.42,483.8,5983.5,4531.72,2697.67,2866.64,100.0,delivery,1.15,25,1000.0,FINNA Illustrative Benchmark Survey 2026 (Synthetic),2026,True
Andhra Pradesh,Visakhapatnam,Tier 2,4318.59,549.44,5576.26,4699.49,3386.1,2725.4,100.0,delivery,0.92,35,1502.96,FINNA Illustrative Benchmark Survey 2026 (Synthetic),2026,True
Andhra Pradesh,Visakhapatnam,Tier 2,4595.51,687.63,5559.01,4596.17,3548.17,2798.44,100.0,delivery,1.0,35,2207.9,FINNA Illustrative Benchmark Survey 2026 (Synthetic),2026,True
Andhra Pradesh,Visakhapatnam,Tier 2,5489.07,675.59,5535.76,4561.69,3428.5,2776.84,100.0,delivery,1.15,35,4852.17,FINNA Illustrative Benchmark Survey 2026 (Synthetic),2026,True
Andhra Pradesh,Visakhapatnam,Tier 2,5056.16,598.19,5824.1,4628.47,4242.77,2836.54,100.0,delivery,0.92,45,2834.84,FINNA Illustrative Benchmark Survey 2026 (Synthetic),2026,True
Andhra Pradesh,Visakhapatnam,Tier 2,5879.29,913.42,6036.32,4845.81,4442.09,2886.44,100.0,delivery,1.0,45,4710.33,FINNA Illustrative Benchmark Survey 2026 (Synthetic),2026,True
Andhra Pradesh,Visakhapatnam,Tier 2,6471.59,969.15,5761.76,4665.95,4490.87,2879.1,100.0,delivery,1.15,45,6645.8,FINNA Illustrative Benchmark Survey 2026 (Synthetic),2026,True
Andhra Pradesh,Visakhapatnam,Tier 2,5962.92,635.36,5735.1,4804.01,5358.13,2920.46,100.0,delivery,0.92,55,4551.13,FINNA Illustrative Benchmark Survey 2026 (Synthetic),2026,True
Andhra Pradesh,Visakhapatnam,Tier 2,6954.96,888.91,5842.11,4732.1,5290.91,2686.62,100.0,delivery,1.0,55,7516.1,FINNA Illustrative Benchmark Survey 2026 (Synthetic),2026,True
Andhra Pradesh,Visakhapatnam,Tier 2,7654.06,1107.83,6046.3,4526.98,5078.02,2900.66,100.0,delivery,1.15,55,9483.58,FINNA Illustrative Benchmark Survey 2026 (Synthetic),2026,True
Andhra Pradesh,Visakhapatnam,Tier 2,7345.3,772.23,5654.96,4720.12,6060.21,2764.59,100.0,delivery,0.92,65,8193.42,FINNA Illustrative Benchmark Survey 2026 (Synthetic),2026,True
Andhra Pradesh,Visakhapatnam,Tier 2,7777.24,946.5,5892.35,4832.74,6292.41,2836.29,100.0,delivery,1.0,65,8984.08,FINNA Illustrative Benchmark Survey 2026 (Synthetic),2026,True
Andhra Pradesh,Visakhapatnam,Tier 2,8595.56,1152.72,5696.17,4589.32,5982.23,2787.48,100.0,delivery,1.15,65,11806.32,FINNA Illustrative Benchmark Survey 2026 (Synthetic),2026,True
Andhra Pradesh,Visakhapatnam,Tier 2,3609.64,461.98,6070.21,4690.7,3178.45,2705.2,100.0,ride_hailing,0.92,25,1000.0,FINNA Illustrative Benchmark Survey 2026 (Synthetic),2026,True
Andhra Pradesh,Visakhapatnam,Tier 2,3803.26,594.56,5670.34,4751.85,3047.22,2653.52,100.0,ride_hailing,1.0,25,1000.0,FINNA Illustrative Benchmark Survey 2026 (Synthetic),2026,True
Andhra Pradesh,Visakhapatnam,Tier 2,4417.71,644.8,5670.16,4873.46,3001.0,2843.79,100.0,ride_hailing,1.15,25,1781.18,FINNA Illustrative Benchmark Survey 2026 (Synthetic),2026,True
Andhra Pradesh,Visakhapatnam,Tier 2,4644.49,636.65,5538.76,4518.79,4032.66,2861.97,100.0,ride_hailing,0.92,35,2053.0,FINNA Illustrative Benchmark Survey 2026 (Synthetic),2026,True
Andhra Pradesh,Visakhapatnam,Tier 2,5344.96,720.47,5534.33,4802.16,4040.13,2872.09,100.0,ride_hailing,1.0,35,3831.73,FINNA Illustrative Benchmark Survey 2026 (Synthetic),2026,True
Andhra Pradesh,Visakhapatnam,Tier 2,5859.21,676.43,5903.46,4868.02,4138.12,2873.36,100.0,ride_hailing,1.15,35,4931.82,FINNA Illustrative Benchmark Survey 2026 (Synthetic),2026,True
Andhra Pradesh,Visakhapatnam,Tier 2,5920.54,716.29,5554.94,4673.59,5254.63,2711.62,100.0,ride_hailing,0.92,45,4836.75,FINNA Illustrative Benchmark Survey 2026 (Synthetic),2026,True
Andhra Pradesh,Visakhapatnam,Tier 2,6295.03,769.77,5987.16,4660.51,5309.59,2926.29,100.0,ride_hailing,1.0,45,5443.05,FINNA Illustrative Benchmark Survey 2026 (Synthetic),2026,True
Andhra Pradesh,Visakhapatnam,Tier 2,7131.97,852.93,5967.14,4622.44,5211.42,2851.06,100.0,ride_hailing,1.15,45,7949.09,FINNA Illustrative Benchmark Survey 2026 (Synthetic),2026,True
Andhra Pradesh,Visakhapatnam,Tier 2,6907.55,1094.23,5870.71,4540.35,6060.06,2944.58,100.0,ride_hailing,0.92,55,6821.09,FINNA Illustrative Benchmark Survey 2026 (Synthetic),2026,True
Andhra Pradesh,Visakhapatnam,Tier 2,7773.83,789.29,5863.24,4844.78,6294.62,2894.37,100.0,ride_hailing,1.0,55,8946.39,FINNA Illustrative Benchmark Survey 2026 (Synthetic),2026,True
Andhra Pradesh,Visakhapatnam,Tier 2,8660.4,1168.19,5709.55,4565.99,6455.59,2642.95,100.0,ride_hailing,1.15,55,11781.54,FINNA Illustrative Benchmark Survey 2026 (Synthetic),2026,True
Andhra Pradesh,Visakhapatnam,Tier 2,8084.0,993.24,6088.74,4501.87,7062.37,2946.33,100.0,ride_hailing,0.92,65,9362.87,FINNA Illustrative Benchmark Survey 2026 (Synthetic),2026,True
Andhra Pradesh,Visakhapatnam,Tier 2,8440.57,1099.04,5843.17,4722.67,7261.64,2878.3,100.0,ride_hailing,1.0,65,10297.23,FINNA Illustrative Benchmark Survey 2026 (Synthetic),2026,True
Andhra Pradesh,Visakhapatnam,Tier 2,10201.34,1343.16,5539.83,4686.99,7323.84,2780.18,100.0,ride_hailing,1.15,65,15496.63,FINNA Illustrative Benchmark Survey 2026 (Synthetic),2026,True
Andhra Pradesh,Visakhapatnam,Tier 2,3432.96,515.5,5679.98,4579.69,2060.17,2889.93,100.0,freelance_other,0.92,25,1000.0,FINNA Illustrative Benchmark Survey 2026 (Synthetic),2026,True
Andhra Pradesh,Visakhapatnam,Tier 2,3759.7,478.8,5943.95,4519.25,2059.83,2878.22,100.0,freelance_other,1.0,25,1000.0,FINNA Illustrative Benchmark Survey 2026 (Synthetic),2026,True
Andhra Pradesh,Visakhapatnam,Tier 2,4504.91,548.31,5714.15,4702.65,2173.18,2851.52,100.0,freelance_other,1.15,25,2642.09,FINNA Illustrative Benchmark Survey 2026 (Synthetic),2026,True
Andhra Pradesh,Visakhapatnam,Tier 2,4647.6,589.96,5752.93,4732.59,2921.77,2674.09,100.0,freelance_other,0.92,35,2627.77,FINNA Illustrative Benchmark Survey 2026 (Synthetic),2026,True
Andhra Pradesh,Visakhapatnam,Tier 2,5024.64,736.55,5746.42,4739.84,2764.91,2719.45,100.0,freelance_other,1.0,35,3760.95,FINNA Illustrative Benchmark Survey 2026 (Synthetic),2026,True
Andhra Pradesh,Visakhapatnam,Tier 2,5662.78,672.91,5557.27,4662.88,2957.41,2825.54,100.0,freelance_other,1.15,35,5535.88,FINNA Illustrative Benchmark Survey 2026 (Synthetic),2026,True
Andhra Pradesh,Visakhapatnam,Tier 2,5723.61,837.7,6031.93,4876.91,3431.63,2672.59,100.0,freelance_other,0.92,45,5050.61,FINNA Illustrative Benchmark Survey 2026 (Synthetic),2026,True
Andhra Pradesh,Visakhapatnam,Tier 2,6039.47,804.91,6049.47,4814.14,3463.3,2643.45,100.0,freelance_other,1.0,45,5967.35,FINNA Illustrative Benchmark Survey 2026 (Synthetic),2026,True
Andhra Pradesh,Visakhapatnam,Tier 2,7040.56,995.55,6084.16,4527.22,3674.78,2940.66,100.0,freelance_other,1.15,45,8618.22,FINNA Illustrative Benchmark Survey 2026 (Synthetic),2026,True
Andhra Pradesh,Visakhapatnam,Tier 2,6892.44,835.79,5743.34,4726.76,4349.17,2671.99,100.0,freelance_other,0.92,55,8029.45,FINNA Illustrative Benchmark Survey 2026 (Synthetic),2026,True
Andhra Pradesh,Visakhapatnam,Tier 2,7487.81,1152.38,5853.06,4754.82,4445.71,2647.2,100.0,freelance_other,1.0,55,9568.93,FINNA Illustrative Benchmark Survey 2026 (Synthetic),2026,True
Andhra Pradesh,Visakhapatnam,Tier 2,8505.04,1031.64,5770.36,4657.17,4259.46,2912.49,100.0,freelance_other,1.15,55,12497.77,FINNA Illustrative Benchmark Survey 2026 (Synthetic),2026,True
Andhra Pradesh,Visakhapatnam,Tier 2,7527.62,968.25,5588.07,4551.22,5076.24,2939.89,100.0,freelance_other,0.92,65,9385.46,FINNA Illustrative Benchmark Survey 2026 (Synthetic),2026,True
Andhra Pradesh,Visakhapatnam,Tier 2,8613.19,904.62,6029.45,4743.97,4918.74,2850.2,100.0,freelance_other,1.0,65,12189.29,FINNA Illustrative Benchmark Survey 2026 (Synthetic),2026,True
Andhra Pradesh,Visakhapatnam,Tier 2,9478.5,1197.28,5805.03,4741.4,5147.34,2664.56,100.0,freelance_other,1.15,65,14744.32,FINNA Illustrative Benchmark Survey 2026 (Synthetic),2026,True
Andhra Pradesh,Visakhapatnam,Tier 2,3377.12,406.83,5837.2,4886.73,2739.44,2915.61,100.0,mixed,0.92,25,1000.0,FINNA Illustrative Benchmark Survey 2026 (Synthetic),2026,True
Andhra Pradesh,Visakhapatnam,Tier 2,3709.39,442.78,5694.78,4548.86,2644.35,2905.5,100.0,mixed,1.0,25,1000.0,FINNA Illustrative Benchmark Survey 2026 (Synthetic),2026,True
Andhra Pradesh,Visakhapatnam,Tier 2,4371.51,696.61,5632.19,4708.99,2738.42,2838.8,100.0,mixed,1.15,25,1956.65,FINNA Illustrative Benchmark Survey 2026 (Synthetic),2026,True
Andhra Pradesh,Visakhapatnam,Tier 2,4378.51,512.67,5578.76,4593.71,3666.78,2929.48,100.0,mixed,0.92,35,1423.64,FINNA Illustrative Benchmark Survey 2026 (Synthetic),2026,True
Andhra Pradesh,Visakhapatnam,Tier 2,4833.6,749.51,6083.51,4819.13,3809.92,2855.92,100.0,mixed,1.0,35,2184.66,FINNA Illustrative Benchmark Survey 2026 (Synthetic),2026,True
Andhra Pradesh,Visakhapatnam,Tier 2,5491.93,617.35,5996.5,4819.79,3545.45,2935.25,100.0,mixed,1.15,35,4213.99,FINNA Illustrative Benchmark Survey 2026 (Synthetic),2026,True
Andhra Pradesh,Visakhapatnam,Tier 2,5763.13,762.98,5973.42,4468.13,4742.89,2640.66,100.0,mixed,0.92,45,4634.01,FINNA Illustrative Benchmark Survey 2026 (Synthetic),2026,True
Andhra Pradesh,Visakhapatnam,Tier 2,5898.51,923.17,5841.28,4809.08,4627.72,2911.23,100.0,mixed,1.0,45,4778.3,FINNA Illustrative Benchmark Survey 2026 (Synthetic),2026,True
Andhra Pradesh,Visakhapatnam,Tier 2,6834.32,728.38,5919.67,4862.03,4599.45,2777.24,100.0,mixed,1.15,45,7432.24,FINNA Illustrative Benchmark Survey 2026 (Synthetic),2026,True
Andhra Pradesh,Visakhapatnam,Tier 2,6428.66,976.32,6085.98,4808.87,5364.67,2750.85,100.0,mixed,0.92,55,5736.72,FINNA Illustrative Benchmark Survey 2026 (Synthetic),2026,True
Andhra Pradesh,Visakhapatnam,Tier 2,6882.83,1015.9,5931.87,4618.74,5537.61,2724.77,100.0,mixed,1.0,55,7143.28,FINNA Illustrative Benchmark Survey 2026 (Synthetic),2026,True
Andhra Pradesh,Visakhapatnam,Tier 2,8276.69,1082.35,5960.69,4797.2,5452.49,2942.71,100.0,mixed,1.15,55,10845.24,FINNA Illustrative Benchmark Survey 2026 (Synthetic),2026,True
Andhra Pradesh,Visakhapatnam,Tier 2,7474.85,1165.64,5970.63,4614.24,6608.09,2854.14,100.0,mixed,0.92,65,8007.35,FINNA Illustrative Benchmark Survey 2026 (Synthetic),2026,True
Andhra Pradesh,Visakhapatnam,Tier 2,8415.1,859.5,5878.01,4468.75,6245.53,2758.41,100.0,mixed,1.0,65,11106.34,FINNA Illustrative Benchmark Survey 2026 (Synthetic),2026,True
Andhra Pradesh,Visakhapatnam,Tier 2,9726.66,1365.63,5663.87,4536.17,6593.91,2878.48,100.0,mixed,1.15,65,14588.61,FINNA Illustrative Benchmark Survey 2026 (Synthetic),2026,True
Andhra Pradesh,Vijayawada,Tier 2,3070.49,343.63,5706.73,4807.38,2608.93,2780.82,97.0,delivery,0.92,25,1000.0,FINNA Illustrative Benchmark Survey 2026 (Synthetic),2026,True
Andhra Pradesh,Vijayawada,Tier 2,3261.57,339.32,5531.76,4465.93,2471.14,2673.48,97.0,delivery,1.0,25,1000.0,FINNA Illustrative Benchmark Survey 2026 (Synthetic),2026,True
Andhra Pradesh,Vijayawada,Tier 2,3832.01,470.64,5546.14,4663.35,2533.26,2750.85,97.0,delivery,1.15,25,1000.0,FINNA Illustrative Benchmark Survey 2026 (Synthetic),2026,True
Andhra Pradesh,Vijayawada,Tier 2,4012.28,473.47,5352.54,4504.37,3429.44,2796.15,97.0,delivery,0.92,35,1000.0,FINNA Illustrative Benchmark Survey 2026 (Synthetic),2026,True
Andhra Pradesh,Vijayawada,Tier 2,4437.14,538.79,5489.53,4414.41,3327.07,2823.41,97.0,delivery,1.0,35,2052.96,FINNA Illustrative Benchmark Survey 2026 (Synthetic),2026,True
Andhra Pradesh,Vijayawada,Tier 2,5252.08,615.73,5758.15,4519.68,3478.16,2575.53,97.0,delivery,1.15,35,4166.49,FINNA Illustrative Benchmark Survey 2026 (Synthetic),2026,True
Andhra Pradesh,Vijayawada,Tier 2,5045.73,601.12,5287.44,4690.61,4375.54,2788.67,97.0,delivery,0.92,45,3058.74,FINNA Illustrative Benchmark Survey 2026 (Synthetic),2026,True
Andhra Pradesh,Vijayawada,Tier 2,5492.85,814.5,5494.05,4559.52,4213.69,2632.26,97.0,delivery,1.0,45,4474.94,FINNA Illustrative Benchmark Survey 2026 (Synthetic),2026,True
Andhra Pradesh,Vijayawada,Tier 2,6328.79,970.76,5655.56,4397.97,4398.61,2622.76,97.0,delivery,1.15,45,6713.69,FINNA Illustrative Benchmark Survey 2026 (Synthetic),2026,True
Andhra Pradesh,Vijayawada,Tier 2,5878.01,725.83,5468.07,4553.39,5327.26,2624.93,97.0,delivery,0.92,55,4860.79,FINNA Illustrative Benchmark Survey 2026 (Synthetic),2026,True
Andhra Pradesh,Vijayawada,Tier 2,6602.1,794.83,5675.19,4511.91,5119.92,2723.49,97.0,delivery,1.0,55,6861.78,FINNA Illustrative Benchmark Survey 2026 (Synthetic),2026,True
Andhra Pradesh,Vijayawada,Tier 2,7257.39,815.53,5568.91,4806.02,5203.88,2644.82,97.0,delivery,1.15,55,8580.56,FINNA Illustrative Benchmark Survey 2026 (Synthetic),2026,True
Andhra Pradesh,Vijayawada,Tier 2,6898.21,698.07,5622.23,4739.11,5797.35,2766.33,97.0,delivery,0.92,65,7113.75,FINNA Illustrative Benchmark Survey 2026 (Synthetic),2026,True
Andhra Pradesh,Vijayawada,Tier 2,7680.84,1121.48,5529.09,4671.27,6002.77,2655.32,97.0,delivery,1.0,65,9359.73,FINNA Illustrative Benchmark Survey 2026 (Synthetic),2026,True
Andhra Pradesh,Vijayawada,Tier 2,8344.68,913.07,5519.63,4765.47,5864.04,2797.62,97.0,delivery,1.15,65,11170.71,FINNA Illustrative Benchmark Survey 2026 (Synthetic),2026,True
Andhra Pradesh,Vijayawada,Tier 2,3614.79,433.38,5343.59,4707.33,3125.89,2549.69,97.0,ride_hailing,0.92,25,1000.0,FINNA Illustrative Benchmark Survey 2026 (Synthetic),2026,True
Andhra Pradesh,Vijayawada,Tier 2,3658.08,572.2,5281.39,4553.05,3015.95,2588.85,97.0,ride_hailing,1.0,25,1000.0,FINNA Illustrative Benchmark Survey 2026 (Synthetic),2026,True
Andhra Pradesh,Vijayawada,Tier 2,4305.29,489.94,5649.83,4483.76,2964.63,2578.06,97.0,ride_hailing,1.15,25,1927.66,FINNA Illustrative Benchmark Survey 2026 (Synthetic),2026,True
Andhra Pradesh,Vijayawada,Tier 2,4716.6,657.1,5297.16,4710.64,4012.35,2565.51,97.0,ride_hailing,0.92,35,2494.19,FINNA Illustrative Benchmark Survey 2026 (Synthetic),2026,True
Andhra Pradesh,Vijayawada,Tier 2,4841.94,693.98,5644.31,4561.07,3928.88,2807.0,97.0,ride_hailing,1.0,35,2615.82,FINNA Illustrative Benchmark Survey 2026 (Synthetic),2026,True
Andhra Pradesh,Vijayawada,Tier 2,5813.11,634.27,5629.73,4734.61,3987.59,2734.24,97.0,ride_hailing,1.15,35,5254.99,FINNA Illustrative Benchmark Survey 2026 (Synthetic),2026,True
Andhra Pradesh,Vijayawada,Tier 2,5582.05,666.63,5506.8,4380.78,5032.36,2603.66,97.0,ride_hailing,0.92,45,4320.34,FINNA Illustrative Benchmark Survey 2026 (Synthetic),2026,True
Andhra Pradesh,Vijayawada,Tier 2,6043.83,842.29,5484.27,4503.97,4958.16,2851.27,97.0,ride_hailing,1.0,45,5441.87,FINNA Illustrative Benchmark Survey 2026 (Synthetic),2026,True
Andhra Pradesh,Vijayawada,Tier 2,7118.57,918.3,5724.22,4615.27,5020.29,2543.58,97.0,ride_hailing,1.15,45,8398.03,FINNA Illustrative Benchmark Survey 2026 (Synthetic),2026,True
Andhra Pradesh,Vijayawada,Tier 2,6679.26,825.68,5430.01,4621.43,5947.06,2610.6,97.0,ride_hailing,0.92,55,6702.86,FINNA Illustrative Benchmark Survey 2026 (Synthetic),2026,True
Andhra Pradesh,Vijayawada,Tier 2,7537.85,933.49,5352.66,4540.12,6170.46,2746.27,97.0,ride_hailing,1.0,55,8989.1,FINNA Illustrative Benchmark Survey 2026 (Synthetic),2026,True
Andhra Pradesh,Vijayawada,Tier 2,8239.11,1224.17,5761.7,4413.88,5977.0,2818.2,97.0,ride_hailing,1.15,55,10857.97,FINNA Illustrative Benchmark Survey 2026 (Synthetic),2026,True
Andhra Pradesh,Vijayawada,Tier 2,7655.42,880.36,5302.73,4653.58,7120.38,2772.26,97.0,ride_hailing,0.92,65,8644.36,FINNA Illustrative Benchmark Survey 2026 (Synthetic),2026,True
Andhra Pradesh,Vijayawada,Tier 2,8372.3,953.99,5647.07,4485.93,7027.87,2647.47,97.0,ride_hailing,1.0,65,10688.42,FINNA Illustrative Benchmark Survey 2026 (Synthetic),2026,True
Andhra Pradesh,Vijayawada,Tier 2,9309.39,1110.49,5535.92,4557.01,6853.26,2761.69,97.0,ride_hailing,1.15,65,13391.16,FINNA Illustrative Benchmark Survey 2026 (Synthetic),2026,True
Andhra Pradesh,Vijayawada,Tier 2,3443.68,508.57,5525.07,4513.99,2078.29,2642.28,97.0,freelance_other,0.92,25,1000.0,FINNA Illustrative Benchmark Survey 2026 (Synthetic),2026,True
Andhra Pradesh,Vijayawada,Tier 2,3729.58,488.07,5697.26,4826.67,1984.57,2572.03,97.0,freelance_other,1.0,25,1000.0,FINNA Illustrative Benchmark Survey 2026 (Synthetic),2026,True
Andhra Pradesh,Vijayawada,Tier 2,4285.77,525.18,5641.29,4444.56,2094.09,2591.85,97.0,freelance_other,1.15,25,2460.64,FINNA Illustrative Benchmark Survey 2026 (Synthetic),2026,True
Andhra Pradesh,Vijayawada,Tier 2,4424.89,700.53,5246.48,4565.12,2706.32,2798.22,97.0,freelance_other,0.92,35,2498.36,FINNA Illustrative Benchmark Survey 2026 (Synthetic),2026,True
Andhra Pradesh,Vijayawada,Tier 2,4828.84,699.89,5525.9,4553.73,2734.34,2679.1,97.0,freelance_other,1.0,35,3520.27,FINNA Illustrative Benchmark Survey 2026 (Synthetic),2026,True
Andhra Pradesh,Vijayawada,Tier 2,5467.35,849.18,5597.18,4610.34,2805.13,2658.41,97.0,freelance_other,1.15,35,5201.67,FINNA Illustrative Benchmark Survey 2026 (Synthetic),2026,True
Andhra Pradesh,Vijayawada,Tier 2,5530.47,600.01,5512.79,4464.05,3516.78,2769.49,97.0,freelance_other,0.92,45,4994.49,FINNA Illustrative Benchmark Survey 2026 (Synthetic),2026,True
Andhra Pradesh,Vijayawada,Tier 2,5949.21,684.6,5479.58,4800.65,3604.07,2771.32,97.0,freelance_other,1.0,45,5917.9,FINNA Illustrative Benchmark Survey 2026 (Synthetic),2026,True
Andhra Pradesh,Vijayawada,Tier 2,7023.58,759.39,5513.41,4751.53,3348.34,2672.88,97.0,freelance_other,1.15,45,9181.86,FINNA Illustrative Benchmark Survey 2026 (Synthetic),2026,True
Andhra Pradesh,Vijayawada,Tier 2,6262.04,651.4,5762.34,4513.45,4070.51,2762.87,97.0,freelance_other,0.92,55,6503.55,FINNA Illustrative Benchmark Survey 2026 (Synthetic),2026,True
Andhra Pradesh,Vijayawada,Tier 2,7023.58,841.86,5258.61,4585.6,4060.08,2651.55,97.0,freelance_other,1.0,55,9006.57,FINNA Illustrative Benchmark Survey 2026 (Synthetic),2026,True
Andhra Pradesh,Vijayawada,Tier 2,8090.92,918.82,5570.85,4796.82,4099.53,2803.92,97.0,freelance_other,1.15,55,11545.67,FINNA Illustrative Benchmark Survey 2026 (Synthetic),2026,True
Andhra Pradesh,Vijayawada,Tier 2,7605.59,1027.27,5393.16,4657.27,4814.59,2620.54,97.0,freelance_other,0.92,65,10040.32,FINNA Illustrative Benchmark Survey 2026 (Synthetic),2026,True
Andhra Pradesh,Vijayawada,Tier 2,8056.82,1124.43,5267.61,4440.11,4941.68,2628.72,97.0,freelance_other,1.0,65,11445.14,FINNA Illustrative Benchmark Survey 2026 (Synthetic),2026,True
Andhra Pradesh,Vijayawada,Tier 2,9059.9,961.61,5663.29,4640.17,4955.42,2644.97,97.0,freelance_other,1.15,65,13861.59,FINNA Illustrative Benchmark Survey 2026 (Synthetic),2026,True
Andhra Pradesh,Vijayawada,Tier 2,3384.4,458.69,5377.48,4741.36,2736.18,2754.59,97.0,mixed,0.92,25,1000.0,FINNA Illustrative Benchmark Survey 2026 (Synthetic),2026,True
Andhra Pradesh,Vijayawada,Tier 2,3592.69,395.5,5655.85,4824.98,2570.37,2798.29,97.0,mixed,1.0,25,1000.0,FINNA Illustrative Benchmark Survey 2026 (Synthetic),2026,True
Andhra Pradesh,Vijayawada,Tier 2,4023.31,442.12,5706.04,4518.74,2741.41,2554.91,97.0,mixed,1.15,25,1234.89,FINNA Illustrative Benchmark Survey 2026 (Synthetic),2026,True
Andhra Pradesh,Vijayawada,Tier 2,4368.82,552.14,5590.66,4520.46,3597.16,2576.0,97.0,mixed,0.92,35,1711.26,FINNA Illustrative Benchmark Survey 2026 (Synthetic),2026,True
Andhra Pradesh,Vijayawada,Tier 2,4767.11,584.63,5437.04,4588.26,3542.88,2707.12,97.0,mixed,1.0,35,2838.09,FINNA Illustrative Benchmark Survey 2026 (Synthetic),2026,True
Andhra Pradesh,Vijayawada,Tier 2,5469.31,836.79,5688.21,4809.47,3725.25,2808.09,97.0,mixed,1.15,35,4323.21,FINNA Illustrative Benchmark Survey 2026 (Synthetic),2026,True
Andhra Pradesh,Vijayawada,Tier 2,5454.29,820.28,5533.27,4595.44,4614.26,2760.06,97.0,mixed,0.92,45,3974.13,FINNA Illustrative Benchmark Survey 2026 (Synthetic),2026,True
Andhra Pradesh,Vijayawada,Tier 2,5857.01,738.71,5416.5,4381.64,4461.54,2689.01,97.0,mixed,1.0,45,5467.91,FINNA Illustrative Benchmark Survey 2026 (Synthetic),2026,True
Andhra Pradesh,Vijayawada,Tier 2,6795.7,976.61,5342.58,4627.51,4689.64,2842.37,97.0,mixed,1.15,45,7750.13,FINNA Illustrative Benchmark Survey 2026 (Synthetic),2026,True
Andhra Pradesh,Vijayawada,Tier 2,6263.49,693.62,5636.2,4374.91,5377.68,2708.42,97.0,mixed,0.92,55,5865.41,FINNA Illustrative Benchmark Survey 2026 (Synthetic),2026,True
Andhra Pradesh,Vijayawada,Tier 2,6600.94,783.03,5276.76,4539.68,5296.28,2836.59,97.0,mixed,1.0,55,6911.29,FINNA Illustrative Benchmark Survey 2026 (Synthetic),2026,True
Andhra Pradesh,Vijayawada,Tier 2,7971.2,813.16,5376.22,4590.22,5205.58,2763.34,97.0,mixed,1.15,55,10776.96,FINNA Illustrative Benchmark Survey 2026 (Synthetic),2026,True
Andhra Pradesh,Vijayawada,Tier 2,7107.96,977.46,5759.13,4748.73,6461.69,2838.53,97.0,mixed,0.92,65,7130.1,FINNA Illustrative Benchmark Survey 2026 (Synthetic),2026,True
Andhra Pradesh,Vijayawada,Tier 2,8195.29,1130.41,5494.67,4587.79,6467.59,2781.19,97.0,mixed,1.0,65,10500.34,FINNA Illustrative Benchmark Survey 2026 (Synthetic),2026,True
Andhra Pradesh,Vijayawada,Tier 2,9286.95,949.98,5240.86,4781.36,6105.03,2776.53,97.0,mixed,1.15,65,13850.66,FINNA Illustrative Benchmark Survey 2026 (Synthetic),2026,True
Bihar,Patna,Tier 2,2983.55,321.92,4959.79,4552.15,2327.04,2541.24,93.0,delivery,0.92,25,1000.0,FINNA Illustrative Benchmark Survey 2026 (Synthetic),2026,True
Bihar,Patna,Tier 2,3039.26,321.7,5022.04,4612.7,2353.7,2534.2,93.0,delivery,1.0,25,1000.0,FINNA Illustrative Benchmark Survey 2026 (Synthetic),2026,True
Bihar,Patna,Tier 2,3481.92,523.11,5174.12,4319.25,2453.13,2621.72,93.0,delivery,1.15,25,1000.0,FINNA Illustrative Benchmark Survey 2026 (Synthetic),2026,True
Bihar,Patna,Tier 2,3844.74,602.31,5008.17,4593.84,3240.76,2601.32,93.0,delivery,0.92,35,1000.0,FINNA Illustrative Benchmark Survey 2026 (Synthetic),2026,True
Bihar,Patna,Tier 2,4206.55,437.05,5162.52,4400.67,3325.88,2375.19,93.0,delivery,1.0,35,1917.57,FINNA Illustrative Benchmark Survey 2026 (Synthetic),2026,True
Bihar,Patna,Tier 2,4751.15,553.66,4849.34,4402.4,3180.61,2574.05,93.0,delivery,1.15,35,3617.95,FINNA Illustrative Benchmark Survey 2026 (Synthetic),2026,True
Bihar,Patna,Tier 2,4818.82,482.81,4886.88,4334.3,4043.06,2520.45,93.0,delivery,0.92,45,3302.52,FINNA Illustrative Benchmark Survey 2026 (Synthetic),2026,True
Bihar,Patna,Tier 2,5180.09,693.98,4981.5,4231.16,3960.87,2568.87,93.0,delivery,1.0,45,4346.8,FINNA Illustrative Benchmark Survey 2026 (Synthetic),2026,True
Bihar,Patna,Tier 2,5717.51,774.54,5232.88,4517.36,4189.59,2415.26,93.0,delivery,1.15,45,5461.12,FINNA Illustrative Benchmark Survey 2026 (Synthetic),2026,True
Bihar,Patna,Tier 2,5475.7,574.27,5112.14,4288.56,5037.94,2542.7,93.0,delivery,0.92,55,4373.49,FINNA Illustrative Benchmark Survey 2026 (Synthetic),2026,True
Bihar,Patna,Tier 2,6205.3,691.67,5127.92,4238.4,4730.27,2561.77,93.0,delivery,1.0,55,6636.88,FINNA Illustrative Benchmark Survey 2026 (Synthetic),2026,True
Bihar,Patna,Tier 2,6735.93,730.35,4907.77,4279.42,4783.22,2615.07,93.0,delivery,1.15,55,8177.71,FINNA Illustrative Benchmark Survey 2026 (Synthetic),2026,True
Bihar,Patna,Tier 2,6179.41,727.29,5098.78,4296.4,5696.83,2523.61,93.0,delivery,0.92,65,5941.8,FINNA Illustrative Benchmark Survey 2026 (Synthetic),2026,True
Bihar,Patna,Tier 2,6811.48,943.46,4974.84,4457.65,5852.75,2361.02,93.0,delivery,1.0,65,7700.84,FINNA Illustrative Benchmark Survey 2026 (Synthetic),2026,True
Bihar,Patna,Tier 2,8141.4,1002.54,5018.97,4272.69,5793.66,2454.08,93.0,delivery,1.15,65,11513.36,FINNA Illustrative Benchmark Survey 2026 (Synthetic),2026,True
Bihar,Patna,Tier 2,3326.0,491.5,4853.72,4487.85,2873.16,2598.96,93.0,ride_hailing,0.92,25,1000.0,FINNA Illustrative Benchmark Survey 2026 (Synthetic),2026,True
Bihar,Patna,Tier 2,3610.53,380.71,5136.7,4293.61,2864.87,2359.43,93.0,ride_hailing,1.0,25,1000.0,FINNA Illustrative Benchmark Survey 2026 (Synthetic),2026,True
Bihar,Patna,Tier 2,3931.76,548.48,4843.21,4241.52,2892.25,2461.68,93.0,ride_hailing,1.15,25,1680.81,FINNA Illustrative Benchmark Survey 2026 (Synthetic),2026,True
Bihar,Patna,Tier 2,4234.62,572.96,4766.92,4488.57,3928.44,2610.8,93.0,ride_hailing,0.92,35,1651.76,FINNA Illustrative Benchmark Survey 2026 (Synthetic),2026,True
Bihar,Patna,Tier 2,4465.26,559.43,4917.36,4465.07,3763.81,2623.94,93.0,ride_hailing,1.0,35,2316.86,FINNA Illustrative Benchmark Survey 2026 (Synthetic),2026,True
Bihar,Patna,Tier 2,5262.65,673.67,4843.08,4189.57,3984.35,2486.93,93.0,ride_hailing,1.15,35,4734.17,FINNA Illustrative Benchmark Survey 2026 (Synthetic),2026,True
Bihar,Patna,Tier 2,5286.98,666.68,4949.67,4547.0,4778.5,2461.96,93.0,ride_hailing,0.92,45,4001.07,FINNA Illustrative Benchmark Survey 2026 (Synthetic),2026,True
Bihar,Patna,Tier 2,5637.92,793.33,4900.09,4607.14,5022.2,2578.95,93.0,ride_hailing,1.0,45,4747.48,FINNA Illustrative Benchmark Survey 2026 (Synthetic),2026,True
Bihar,Patna,Tier 2,6779.46,884.16,4960.49,4520.59,5052.05,2470.23,93.0,ride_hailing,1.15,45,8028.61,FINNA Illustrative Benchmark Survey 2026 (Synthetic),2026,True
Bihar,Patna,Tier 2,5961.32,779.34,5211.18,4570.1,6057.32,2632.85,93.0,ride_hailing,0.92,55,4771.69,FINNA Illustrative Benchmark Survey 2026 (Synthetic),2026,True
Bihar,Patna,Tier 2,6571.23,1040.53,5125.93,4237.15,5762.01,2637.97,93.0,ride_hailing,1.0,55,6948.74,FINNA Illustrative Benchmark Survey 2026 (Synthetic),2026,True
Bihar,Patna,Tier 2,8035.08,952.61,5132.91,4532.66,5820.67,2399.6,93.0,ride_hailing,1.15,55,10988.94,FINNA Illustrative Benchmark Survey 2026 (Synthetic),2026,True
Bihar,Patna,Tier 2,6820.76,742.44,5191.48,4312.56,6559.58,2420.86,93.0,ride_hailing,0.92,65,7182.12,FINNA Illustrative Benchmark Survey 2026 (Synthetic),2026,True
Bihar,Patna,Tier 2,7538.95,794.68,4872.37,4481.27,6975.13,2462.28,93.0,ride_hailing,1.0,65,9004.19,FINNA Illustrative Benchmark Survey 2026 (Synthetic),2026,True
Bihar,Patna,Tier 2,8864.47,1069.79,4985.4,4482.19,6895.37,2623.85,93.0,ride_hailing,1.15,65,12607.62,FINNA Illustrative Benchmark Survey 2026 (Synthetic),2026,True
Bihar,Patna,Tier 2,3171.55,475.35,5103.11,4515.74,1890.01,2388.55,93.0,freelance_other,0.92,25,1000.0,FINNA Illustrative Benchmark Survey 2026 (Synthetic),2026,True
Bihar,Patna,Tier 2,3473.08,375.13,5136.63,4575.13,2003.13,2569.11,93.0,freelance_other,1.0,25,1000.0,FINNA Illustrative Benchmark Survey 2026 (Synthetic),2026,True
Bihar,Patna,Tier 2,3888.13,480.69,4785.83,4394.86,1990.73,2525.93,93.0,freelance_other,1.15,25,2039.86,FINNA Illustrative Benchmark Survey 2026 (Synthetic),2026,True
Bihar,Patna,Tier 2,4031.85,550.39,5133.92,4342.42,2610.08,2596.97,93.0,freelance_other,0.92,35,1803.44,FINNA Illustrative Benchmark Survey 2026 (Synthetic),2026,True
Bihar,Patna,Tier 2,4521.89,656.13,5207.29,4464.05,2567.4,2406.39,93.0,freelance_other,1.0,35,3207.52,FINNA Illustrative Benchmark Survey 2026 (Synthetic),2026,True
Bihar,Patna,Tier 2,5035.5,635.1,4919.79,4467.78,2628.24,2435.49,93.0,freelance_other,1.15,35,4779.07,FINNA Illustrative Benchmark Survey 2026 (Synthetic),2026,True
Bihar,Patna,Tier 2,5021.48,749.59,4767.41,4601.75,3294.24,2399.06,93.0,freelance_other,0.92,45,4342.36,FINNA Illustrative Benchmark Survey 2026 (Synthetic),2026,True
Bihar,Patna,Tier 2,5588.35,838.55,4982.46,4216.36,3364.34,2380.42,93.0,freelance_other,1.0,45,6015.08,FINNA Illustrative Benchmark Survey 2026 (Synthetic),2026,True
Bihar,Patna,Tier 2,6517.87,966.03,4756.11,4320.37,3334.81,2465.2,93.0,freelance_other,1.15,45,8674.83,FINNA Illustrative Benchmark Survey 2026 (Synthetic),2026,True
Bihar,Patna,Tier 2,5952.07,768.82,5229.96,4356.75,4057.38,2440.89,93.0,freelance_other,0.92,55,6296.86,FINNA Illustrative Benchmark Survey 2026 (Synthetic),2026,True
Bihar,Patna,Tier 2,6367.8,879.06,5051.82,4533.06,3955.37,2461.85,93.0,freelance_other,1.0,55,7520.81,FINNA Illustrative Benchmark Survey 2026 (Synthetic),2026,True
Bihar,Patna,Tier 2,7451.35,894.94,5017.51,4340.54,4061.87,2644.22,93.0,freelance_other,1.15,55,10530.13,FINNA Illustrative Benchmark Survey 2026 (Synthetic),2026,True
Bihar,Patna,Tier 2,6868.1,844.83,5087.36,4246.17,4555.31,2630.25,93.0,freelance_other,0.92,65,8592.86,FINNA Illustrative Benchmark Survey 2026 (Synthetic),2026,True
Bihar,Patna,Tier 2,7500.14,838.94,5156.42,4500.16,4598.83,2364.56,93.0,freelance_other,1.0,65,10306.16,FINNA Illustrative Benchmark Survey 2026 (Synthetic),2026,True
Bihar,Patna,Tier 2,8413.86,902.75,4994.81,4341.53,4759.15,2555.92,93.0,freelance_other,1.15,65,12857.39,FINNA Illustrative Benchmark Survey 2026 (Synthetic),2026,True
Bihar,Patna,Tier 2,3010.57,362.01,4898.07,4540.43,2536.27,2403.62,93.0,mixed,0.92,25,1000.0,FINNA Illustrative Benchmark Survey 2026 (Synthetic),2026,True
Bihar,Patna,Tier 2,3300.29,333.5,4912.32,4459.83,2546.99,2457.17,93.0,mixed,1.0,25,1000.0,FINNA Illustrative Benchmark Survey 2026 (Synthetic),2026,True
Bihar,Patna,Tier 2,3696.96,533.55,4874.31,4216.98,2445.64,2568.04,93.0,mixed,1.15,25,1236.86,FINNA Illustrative Benchmark Survey 2026 (Synthetic),2026,True
Bihar,Patna,Tier 2,4090.34,514.83,4887.35,4607.62,3473.32,2423.23,93.0,mixed,0.92,35,1507.77,FINNA Illustrative Benchmark Survey 2026 (Synthetic),2026,True
Bihar,Patna,Tier 2,4513.82,677.5,5116.34,4410.37,3410.2,2372.96,93.0,mixed,1.0,35,2752.73,FINNA Illustrative Benchmark Survey 2026 (Synthetic),2026,True
Bihar,Patna,Tier 2,5007.64,544.86,5238.42,4460.64,3526.16,2464.57,93.0,mixed,1.15,35,3895.64,FINNA Illustrative Benchmark Survey 2026 (Synthetic),2026,True
Bihar,Patna,Tier 2,5164.61,540.87,5213.72,4509.68,4263.41,2356.72,93.0,mixed,0.92,45,3912.5,FINNA Illustrative Benchmark Survey 2026 (Synthetic),2026,True
Bihar,Patna,Tier 2,5600.77,646.39,5076.45,4568.49,4405.61,2480.03,93.0,mixed,1.0,45,5018.49,FINNA Illustrative Benchmark Survey 2026 (Synthetic),2026,True
Bihar,Patna,Tier 2,6026.13,671.91,4880.49,4313.41,4294.82,2606.27,93.0,mixed,1.15,45,6498.8,FINNA Illustrative Benchmark Survey 2026 (Synthetic),2026,True
Bihar,Patna,Tier 2,5742.9,849.59,4937.12,4388.08,5246.35,2481.08,93.0,mixed,0.92,55,5079.18,FINNA Illustrative Benchmark Survey 2026 (Synthetic),2026,True
Bihar,Patna,Tier 2,6498.79,953.36,4888.43,4475.43,5182.18,2622.92,93.0,mixed,1.0,55,7131.02,FINNA Illustrative Benchmark Survey 2026 (Synthetic),2026,True
Bihar,Patna,Tier 2,7433.36,864.95,4953.59,4188.24,5103.94,2388.93,93.0,mixed,1.15,55,10108.64,FINNA Illustrative Benchmark Survey 2026 (Synthetic),2026,True
Bihar,Patna,Tier 2,6598.55,897.04,5237.95,4319.99,5839.78,2355.42,93.0,mixed,0.92,65,7032.08,FINNA Illustrative Benchmark Survey 2026 (Synthetic),2026,True
Bihar,Patna,Tier 2,7205.99,748.15,4893.92,4493.29,6129.18,2526.37,93.0,mixed,1.0,65,8553.46,FINNA Illustrative Benchmark Survey 2026 (Synthetic),2026,True
Bihar,Patna,Tier 2,8495.44,1017.12,4944.52,4589.14,5740.03,2452.18,93.0,mixed,1.15,65,12388.6,FINNA Illustrative Benchmark Survey 2026 (Synthetic),2026,True
Odisha,Bhubaneswar,Tier 2,3030.31,383.83,5379.45,4609.16,2417.31,2764.06,96.0,delivery,0.92,25,1000.0,FINNA Illustrative Benchmark Survey 2026 (Synthetic),2026,True
Odisha,Bhubaneswar,Tier 2,3380.95,389.96,5147.42,4658.53,2567.19,2742.57,96.0,delivery,1.0,25,1000.0,FINNA Illustrative Benchmark Survey 2026 (Synthetic),2026,True
Odisha,Bhubaneswar,Tier 2,3853.84,465.23,5242.08,4718.19,2448.7,2632.55,96.0,delivery,1.15,25,1069.64,FINNA Illustrative Benchmark Survey 2026 (Synthetic),2026,True
Odisha,Bhubaneswar,Tier 2,3983.08,559.5,5145.96,4556.19,3260.49,2651.93,96.0,delivery,0.92,35,1060.91,FINNA Illustrative Benchmark Survey 2026 (Synthetic),2026,True
Odisha,Bhubaneswar,Tier 2,4370.29,698.15,5142.64,4713.01,3364.93,2697.01,96.0,delivery,1.0,35,1953.75,FINNA Illustrative Benchmark Survey 2026 (Synthetic),2026,True
Odisha,Bhubaneswar,Tier 2,4946.26,768.01,5201.12,4548.2,3443.51,2569.42,96.0,delivery,1.15,35,3675.79,FINNA Illustrative Benchmark Survey 2026 (Synthetic),2026,True
Odisha,Bhubaneswar,Tier 2,4856.04,774.67,5438.2,4355.38,4085.46,2789.92,96.0,delivery,0.92,45,2832.5,FINNA Illustrative Benchmark Survey 2026 (Synthetic),2026,True
Odisha,Bhubaneswar,Tier 2,5501.29,682.53,5350.6,4613.08,4172.51,2732.16,96.0,delivery,1.0,45,4518.95,FINNA Illustrative Benchmark Survey 2026 (Synthetic),2026,True
Odisha,Bhubaneswar,Tier 2,6120.28,745.39,5187.04,4673.14,4354.64,2784.81,96.0,delivery,1.15,45,6175.77,FINNA Illustrative Benchmark Survey 2026 (Synthetic),2026,True
Odisha,Bhubaneswar,Tier 2,5771.21,762.59,5341.77,4661.58,5029.27,2688.31,96.0,delivery,0.92,55,4724.47,FINNA Illustrative Benchmark Survey 2026 (Synthetic),2026,True
Odisha,Bhubaneswar,Tier 2,6531.95,829.34,5628.91,4354.93,4946.18,2710.58,96.0,delivery,1.0,55,6917.78,FINNA Illustrative Benchmark Survey 2026 (Synthetic),2026,True
Odisha,Bhubaneswar,Tier 2,7223.55,923.47,5223.03,4683.28,4984.4,2749.61,96.0,delivery,1.15,55,8864.47,FINNA Illustrative Benchmark Survey 2026 (Synthetic),2026,True
Odisha,Bhubaneswar,Tier 2,6971.21,868.74,5473.67,4553.49,5678.55,2738.85,96.0,delivery,0.92,65,7631.51,FINNA Illustrative Benchmark Survey 2026 (Synthetic),2026,True
Odisha,Bhubaneswar,Tier 2,7591.81,1032.29,5525.36,4700.47,5765.77,2618.98,96.0,delivery,1.0,65,9270.27,FINNA Illustrative Benchmark Survey 2026 (Synthetic),2026,True
Odisha,Bhubaneswar,Tier 2,8442.04,1083.24,5179.12,4441.63,5961.29,2824.26,96.0,delivery,1.15,65,11796.03,FINNA Illustrative Benchmark Survey 2026 (Synthetic),2026,True
Odisha,Bhubaneswar,Tier 2,3478.55,463.08,5596.26,4657.64,2866.14,2657.58,96.0,ride_hailing,0.92,25,1000.0,FINNA Illustrative Benchmark Survey 2026 (Synthetic),2026,True
Odisha,Bhubaneswar,Tier 2,3846.93,425.13,5636.06,4689.62,2904.17,2632.93,96.0,ride_hailing,1.0,25,1000.0,FINNA Illustrative Benchmark Survey 2026 (Synthetic),2026,True
Odisha,Bhubaneswar,Tier 2,4430.77,498.11,5379.04,4385.27,2970.28,2858.67,96.0,ride_hailing,1.15,25,2334.78,FINNA Illustrative Benchmark Survey 2026 (Synthetic),2026,True
Odisha,Bhubaneswar,Tier 2,4635.44,734.11,5400.12,4325.02,4021.04,2645.33,96.0,ride_hailing,0.92,35,2391.96,FINNA Illustrative Benchmark Survey 2026 (Synthetic),2026,True
Odisha,Bhubaneswar,Tier 2,5087.11,557.32,5379.59,4708.11,3830.54,2548.47,96.0,ride_hailing,1.0,35,3614.31,FINNA Illustrative Benchmark Survey 2026 (Synthetic),2026,True
Odisha,Bhubaneswar,Tier 2,5740.02,872.62,5667.59,4662.98,3850.79,2673.14,96.0,ride_hailing,1.15,35,5199.86,FINNA Illustrative Benchmark Survey 2026 (Synthetic),2026,True
Odisha,Bhubaneswar,Tier 2,5457.34,780.17,5195.33,4624.47,5058.84,2711.07,96.0,ride_hailing,0.92,45,3926.37,FINNA Illustrative Benchmark Survey 2026 (Synthetic),2026,True
Odisha,Bhubaneswar,Tier 2,5817.56,749.58,5522.06,4406.83,4959.36,2804.43,96.0,ride_hailing,1.0,45,4873.28,FINNA Illustrative Benchmark Survey 2026 (Synthetic),2026,True
Odisha,Bhubaneswar,Tier 2,7104.74,865.37,5516.98,4505.2,5059.85,2676.86,96.0,ride_hailing,1.15,45,8453.01,FINNA Illustrative Benchmark Survey 2026 (Synthetic),2026,True
Odisha,Bhubaneswar,Tier 2,6362.1,691.94,5271.75,4646.35,6111.21,2574.22,96.0,ride_hailing,0.92,55,5813.84,FINNA Illustrative Benchmark Survey 2026 (Synthetic),2026,True
Odisha,Bhubaneswar,Tier 2,6940.94,866.05,5313.51,4685.84,6131.32,2606.07,96.0,ride_hailing,1.0,55,7356.39,FINNA Illustrative Benchmark Survey 2026 (Synthetic),2026,True
Odisha,Bhubaneswar,Tier 2,7934.96,1099.17,5170.0,4679.64,5985.67,2617.29,96.0,ride_hailing,1.15,55,10338.75,FINNA Illustrative Benchmark Survey 2026 (Synthetic),2026,True
Odisha,Bhubaneswar,Tier 2,7377.93,868.51,5370.12,4629.32,7072.61,2722.11,96.0,ride_hailing,0.92,65,7898.98,FINNA Illustrative Benchmark Survey 2026 (Synthetic),2026,True
Odisha,Bhubaneswar,Tier 2,8238.25,1200.14,5209.93,4404.79,6806.1,2658.16,96.0,ride_hailing,1.0,65,10785.22,FINNA Illustrative Benchmark Survey 2026 (Synthetic),2026,True
Odisha,Bhubaneswar,Tier 2,9299.69,1092.46,5640.19,4346.24,7036.04,2691.99,96.0,ride_hailing,1.15,65,13359.58,FINNA Illustrative Benchmark Survey 2026 (Synthetic),2026,True
Odisha,Bhubaneswar,Tier 2,3297.52,388.09,5531.62,4587.79,1946.6,2632.72,96.0,freelance_other,0.92,25,1000.0,FINNA Illustrative Benchmark Survey 2026 (Synthetic),2026,True
Odisha,Bhubaneswar,Tier 2,3568.23,493.15,5145.12,4370.25,1971.67,2727.29,96.0,freelance_other,1.0,25,1000.0,FINNA Illustrative Benchmark Survey 2026 (Synthetic),2026,True
Odisha,Bhubaneswar,Tier 2,4062.11,581.97,5532.55,4723.25,1988.15,2738.38,96.0,freelance_other,1.15,25,1694.29,FINNA Illustrative Benchmark Survey 2026 (Synthetic),2026,True
Odisha,Bhubaneswar,Tier 2,4251.11,512.91,5214.17,4658.67,2671.46,2659.29,96.0,freelance_other,0.92,35,2082.42,FINNA Illustrative Benchmark Survey 2026 (Synthetic),2026,True
Odisha,Bhubaneswar,Tier 2,4884.64,630.68,5221.33,4511.36,2641.32,2828.67,96.0,freelance_other,1.0,35,3866.08,FINNA Illustrative Benchmark Survey 2026 (Synthetic),2026,True
Odisha,Bhubaneswar,Tier 2,5245.69,822.61,5314.88,4414.19,2651.94,2628.17,96.0,freelance_other,1.15,35,5008.03,FINNA Illustrative Benchmark Survey 2026 (Synthetic),2026,True
Odisha,Bhubaneswar,Tier 2,5484.77,808.22,5481.0,4435.43,3388.94,2833.72,96.0,freelance_other,0.92,45,4946.48,FINNA Illustrative Benchmark Survey 2026 (Synthetic),2026,True
Odisha,Bhubaneswar,Tier 2,6021.56,905.63,5586.7,4627.39,3406.56,2611.99,96.0,freelance_other,1.0,45,6396.46,FINNA Illustrative Benchmark Survey 2026 (Synthetic),2026,True
Odisha,Bhubaneswar,Tier 2,6547.19,915.65,5345.19,4319.48,3353.63,2559.77,96.0,freelance_other,1.15,45,8301.32,FINNA Illustrative Benchmark Survey 2026 (Synthetic),2026,True
Odisha,Bhubaneswar,Tier 2,6352.08,839.02,5530.28,4667.68,4226.28,2556.14,96.0,freelance_other,0.92,55,6840.68,FINNA Illustrative Benchmark Survey 2026 (Synthetic),2026,True
Odisha,Bhubaneswar,Tier 2,6911.81,794.02,5268.28,4607.75,4134.81,2748.86,96.0,freelance_other,1.0,55,8559.48,FINNA Illustrative Benchmark Survey 2026 (Synthetic),2026,True
Odisha,Bhubaneswar,Tier 2,7745.16,1095.0,5376.28,4293.1,4108.56,2716.84,96.0,freelance_other,1.15,55,11077.15,FINNA Illustrative Benchmark Survey 2026 (Synthetic),2026,True
Odisha,Bhubaneswar,Tier 2,7016.57,781.65,5578.57,4303.65,4886.47,2707.31,96.0,freelance_other,0.92,65,8388.74,FINNA Illustrative Benchmark Survey 2026 (Synthetic),2026,True
Odisha,Bhubaneswar,Tier 2,7607.48,864.63,5446.27,4536.57,4720.27,2711.97,96.0,freelance_other,1.0,65,10091.45,FINNA Illustrative Benchmark Survey 2026 (Synthetic),2026,True
Odisha,Bhubaneswar,Tier 2,9271.26,1104.5,5472.31,4363.39,4588.53,2565.02,96.0,freelance_other,1.15,65,15050.95,FINNA Illustrative Benchmark Survey 2026 (Synthetic),2026,True
Odisha,Bhubaneswar,Tier 2,3173.37,420.61,5246.1,4494.25,2606.81,2726.48,96.0,mixed,0.92,25,1000.0,FINNA Illustrative Benchmark Survey 2026 (Synthetic),2026,True
Odisha,Bhubaneswar,Tier 2,3637.02,388.04,5608.72,4624.83,2529.14,2799.07,96.0,mixed,1.0,25,1000.0,FINNA Illustrative Benchmark Survey 2026 (Synthetic),2026,True
Odisha,Bhubaneswar,Tier 2,4102.33,522.54,5130.27,4614.55,2613.45,2697.6,96.0,mixed,1.15,25,1759.69,FINNA Illustrative Benchmark Survey 2026 (Synthetic),2026,True
Odisha,Bhubaneswar,Tier 2,4174.48,544.51,5407.67,4703.15,3453.07,2818.99,96.0,mixed,0.92,35,1100.2,FINNA Illustrative Benchmark Survey 2026 (Synthetic),2026,True
Odisha,Bhubaneswar,Tier 2,4564.49,531.84,5433.08,4413.96,3492.49,2854.62,96.0,mixed,1.0,35,2320.56,FINNA Illustrative Benchmark Survey 2026 (Synthetic),2026,True
Odisha,Bhubaneswar,Tier 2,5547.72,717.07,5302.37,4713.46,3501.04,2590.85,96.0,mixed,1.15,35,5144.04,FINNA Illustrative Benchmark Survey 2026 (Synthetic),2026,True
Odisha,Bhubaneswar,Tier 2,5083.06,640.06,5294.51,4691.38,4380.01,2744.67,96.0,mixed,0.92,45,3184.4,FINNA Illustrative Benchmark Survey 2026 (Synthetic),2026,True
Odisha,Bhubaneswar,Tier 2,5741.67,637.09,5550.55,4618.28,4299.05,2700.58,96.0,mixed,1.0,45,5000.43,FINNA Illustrative Benchmark Survey 2026 (Synthetic),2026,True
Odisha,Bhubaneswar,Tier 2,6487.82,855.25,5185.58,4410.03,4438.55,2723.01,96.0,mixed,1.15,45,7367.81,FINNA Illustrative Benchmark Survey 2026 (Synthetic),2026,True
Odisha,Bhubaneswar,Tier 2,6036.44,660.29,5543.85,4628.62,5419.52,2735.68,96.0,mixed,0.92,55,5076.57,FINNA Illustrative Benchmark Survey 2026 (Synthetic),2026,True
Odisha,Bhubaneswar,Tier 2,6562.72,1032.99,5659.82,4569.07,5392.7,2790.64,96.0,mixed,1.0,55,6502.83,FINNA Illustrative Benchmark Survey 2026 (Synthetic),2026,True
Odisha,Bhubaneswar,Tier 2,7616.81,1188.0,5384.87,4660.31,5188.13,2584.98,96.0,mixed,1.15,55,9855.62,FINNA Illustrative Benchmark Survey 2026 (Synthetic),2026,True
Odisha,Bhubaneswar,Tier 2,7024.68,851.64,5532.42,4477.37,6089.48,2665.51,96.0,mixed,0.92,65,7573.85,FINNA Illustrative Benchmark Survey 2026 (Synthetic),2026,True
Odisha,Bhubaneswar,Tier 2,7687.15,1120.27,5348.2,4710.91,6054.35,2798.94,96.0,mixed,1.0,65,9342.42,FINNA Illustrative Benchmark Survey 2026 (Synthetic),2026,True
Odisha,Bhubaneswar,Tier 2,9237.38,1348.87,5140.52,4591.95,5983.28,2770.2,96.0,mixed,1.15,65,13982.74,FINNA Illustrative Benchmark Survey 2026 (Synthetic),2026,True
Assam,Guwahati,Tier 2,2961.77,362.55,5107.36,4630.91,2501.09,2618.71,95.0,delivery,0.92,25,1000.0,FINNA Illustrative Benchmark Survey 2026 (Synthetic),2026,True
Assam,Guwahati,Tier 2,3194.35,360.64,5201.53,4660.38,2456.68,2519.86,95.0,delivery,1.0,25,1000.0,FINNA Illustrative Benchmark Survey 2026 (Synthetic),2026,True
Assam,Guwahati,Tier 2,3711.45,477.96,5315.06,4486.44,2632.06,2458.35,95.0,delivery,1.15,25,1000.0,FINNA Illustrative Benchmark Survey 2026 (Synthetic),2026,True
Assam,Guwahati,Tier 2,4018.55,567.69,5412.62,4494.17,3373.16,2633.29,95.0,delivery,0.92,35,1000.0,FINNA Illustrative Benchmark Survey 2026 (Synthetic),2026,True
Assam,Guwahati,Tier 2,4269.86,452.97,5272.61,4399.22,3397.69,2732.17,95.0,delivery,1.0,35,1746.42,FINNA Illustrative Benchmark Survey 2026 (Synthetic),2026,True
Assam,Guwahati,Tier 2,4805.59,519.28,5329.91,4421.05,3509.15,2573.1,95.0,delivery,1.15,35,3233.75,FINNA Illustrative Benchmark Survey 2026 (Synthetic),2026,True
Assam,Guwahati,Tier 2,4740.16,516.8,5095.4,4365.0,4163.11,2520.51,95.0,delivery,0.92,45,2847.57,FINNA Illustrative Benchmark Survey 2026 (Synthetic),2026,True
Assam,Guwahati,Tier 2,5330.84,777.06,5075.57,4513.96,4233.16,2450.82,95.0,delivery,1.0,45,4425.87,FINNA Illustrative Benchmark Survey 2026 (Synthetic),2026,True
Assam,Guwahati,Tier 2,6227.68,648.18,5348.67,4595.13,4240.93,2710.27,95.0,delivery,1.15,45,6546.06,FINNA Illustrative Benchmark Survey 2026 (Synthetic),2026,True
Assam,Guwahati,Tier 2,5934.42,752.19,5399.98,4357.86,5144.07,2587.77,95.0,delivery,0.92,55,5334.13,FINNA Illustrative Benchmark Survey 2026 (Synthetic),2026,True
Assam,Guwahati,Tier 2,6164.5,867.1,5306.11,4389.91,5259.31,2451.22,95.0,delivery,1.0,55,6035.73,FINNA Illustrative Benchmark Survey 2026 (Synthetic),2026,True
Assam,Guwahati,Tier 2,6966.27,868.32,5146.08,4493.86,4970.66,2608.86,95.0,delivery,1.15,55,8413.92,FINNA Illustrative Benchmark Survey 2026 (Synthetic),2026,True
Assam,Guwahati,Tier 2,6809.81,890.29,4948.42,4471.74,5769.45,2601.31,95.0,delivery,0.92,65,7602.11,FINNA Illustrative Benchmark Survey 2026 (Synthetic),2026,True
Assam,Guwahati,Tier 2,7336.22,1081.42,5195.84,4533.67,6058.26,2673.14,95.0,delivery,1.0,65,8648.2,FINNA Illustrative Benchmark Survey 2026 (Synthetic),2026,True
Assam,Guwahati,Tier 2,8283.07,1312.48,5345.91,4514.29,6137.0,2708.05,95.0,delivery,1.15,65,11154.29,FINNA Illustrative Benchmark Survey 2026 (Synthetic),2026,True
Assam,Guwahati,Tier 2,3261.32,506.65,5257.22,4721.83,3080.45,2683.34,95.0,ride_hailing,0.92,25,1000.0,FINNA Illustrative Benchmark Survey 2026 (Synthetic),2026,True
Assam,Guwahati,Tier 2,3645.56,425.12,5174.67,4671.24,3077.31,2646.94,95.0,ride_hailing,1.0,25,1000.0,FINNA Illustrative Benchmark Survey 2026 (Synthetic),2026,True
Assam,Guwahati,Tier 2,4071.69,565.44,5116.7,4512.47,3066.12,2699.91,95.0,ride_hailing,1.15,25,1452.89,FINNA Illustrative Benchmark Survey 2026 (Synthetic),2026,True
Assam,Guwahati,Tier 2,4420.06,447.7,5238.86,4277.86,4194.89,2449.89,95.0,ride_hailing,0.92,35,1935.28,FINNA Illustrative Benchmark Survey 2026 (Synthetic),2026,True
Assam,Guwahati,Tier 2,4724.35,593.52,5074.6,4375.3,4144.63,2545.91,95.0,ride_hailing,1.0,35,2805.4,FINNA Illustrative Benchmark Survey 2026 (Synthetic),2026,True
Assam,Guwahati,Tier 2,5536.34,774.67,5340.36,4533.5,4040.03,2718.66,95.0,ride_hailing,1.15,35,4770.87,FINNA Illustrative Benchmark Survey 2026 (Synthetic),2026,True
Assam,Guwahati,Tier 2,5621.56,613.63,5341.96,4367.76,4994.45,2452.18,95.0,ride_hailing,0.92,45,4670.25,FINNA Illustrative Benchmark Survey 2026 (Synthetic),2026,True
Assam,Guwahati,Tier 2,5984.4,901.74,5345.32,4518.03,5311.41,2546.17,95.0,ride_hailing,1.0,45,5324.49,FINNA Illustrative Benchmark Survey 2026 (Synthetic),2026,True
Assam,Guwahati,Tier 2,6725.55,765.41,5048.58,4411.32,5093.96,2528.58,95.0,ride_hailing,1.15,45,7825.47,FINNA Illustrative Benchmark Survey 2026 (Synthetic),2026,True
Assam,Guwahati,Tier 2,6662.62,753.1,5124.78,4336.79,6335.36,2581.17,95.0,ride_hailing,0.92,55,6806.18,FINNA Illustrative Benchmark Survey 2026 (Synthetic),2026,True
Assam,Guwahati,Tier 2,7184.79,880.19,5170.86,4609.77,6257.28,2562.69,95.0,ride_hailing,1.0,55,8131.2,FINNA Illustrative Benchmark Survey 2026 (Synthetic),2026,True
Assam,Guwahati,Tier 2,8013.15,993.24,5046.93,4446.23,6293.91,2472.97,95.0,ride_hailing,1.15,55,10683.98,FINNA Illustrative Benchmark Survey 2026 (Synthetic),2026,True
Assam,Guwahati,Tier 2,7191.16,1113.17,5316.75,4329.77,7281.98,2481.55,95.0,ride_hailing,0.92,65,7622.99,FINNA Illustrative Benchmark Survey 2026 (Synthetic),2026,True
Assam,Guwahati,Tier 2,8018.07,1092.79,5329.83,4417.6,6959.1,2751.37,95.0,ride_hailing,1.0,65,9919.22,FINNA Illustrative Benchmark Survey 2026 (Synthetic),2026,True
Assam,Guwahati,Tier 2,9450.16,1149.06,5072.75,4325.4,7110.93,2446.26,95.0,ride_hailing,1.15,65,14276.5,FINNA Illustrative Benchmark Survey 2026 (Synthetic),2026,True
Assam,Guwahati,Tier 2,3331.04,413.11,5385.9,4434.61,2126.54,2705.0,95.0,freelance_other,0.92,25,1000.0,FINNA Illustrative Benchmark Survey 2026 (Synthetic),2026,True
Assam,Guwahati,Tier 2,3516.27,530.49,5096.36,4724.87,1985.06,2644.8,95.0,freelance_other,1.0,25,1000.0,FINNA Illustrative Benchmark Survey 2026 (Synthetic),2026,True
Assam,Guwahati,Tier 2,4029.25,516.88,5434.68,4398.62,2077.53,2544.86,95.0,freelance_other,1.15,25,1944.13,FINNA Illustrative Benchmark Survey 2026 (Synthetic),2026,True
Assam,Guwahati,Tier 2,4162.21,478.4,5233.58,4332.58,2702.99,2660.86,95.0,freelance_other,0.92,35,2010.03,FINNA Illustrative Benchmark Survey 2026 (Synthetic),2026,True
Assam,Guwahati,Tier 2,4755.76,493.03,5357.24,4664.86,2815.33,2559.97,95.0,freelance_other,1.0,35,3376.78,FINNA Illustrative Benchmark Survey 2026 (Synthetic),2026,True
Assam,Guwahati,Tier 2,5320.24,582.29,5029.66,4696.33,2883.0,2675.49,95.0,freelance_other,1.15,35,5038.9,FINNA Illustrative Benchmark Survey 2026 (Synthetic),2026,True
Assam,Guwahati,Tier 2,5396.81,598.49,5397.12,4324.23,3390.87,2599.24,95.0,freelance_other,0.92,45,4976.87,FINNA Illustrative Benchmark Survey 2026 (Synthetic),2026,True
Assam,Guwahati,Tier 2,5635.19,774.94,5412.67,4394.33,3435.12,2688.38,95.0,freelance_other,1.0,45,5505.42,FINNA Illustrative Benchmark Survey 2026 (Synthetic),2026,True
Assam,Guwahati,Tier 2,6493.91,995.71,4957.8,4667.41,3600.31,2458.51,95.0,freelance_other,1.15,45,8082.49,FINNA Illustrative Benchmark Survey 2026 (Synthetic),2026,True
Assam,Guwahati,Tier 2,6146.92,835.43,5213.11,4346.18,4012.82,2723.92,95.0,freelance_other,0.92,55,6708.09,FINNA Illustrative Benchmark Survey 2026 (Synthetic),2026,True
Assam,Guwahati,Tier 2,6527.63,1039.8,4998.45,4489.06,4336.26,2711.12,95.0,freelance_other,1.0,55,7624.34,FINNA Illustrative Benchmark Survey 2026 (Synthetic),2026,True
Assam,Guwahati,Tier 2,7782.78,841.04,5253.7,4561.58,4111.84,2590.48,95.0,freelance_other,1.15,55,11168.19,FINNA Illustrative Benchmark Survey 2026 (Synthetic),2026,True
Assam,Guwahati,Tier 2,7348.84,791.41,5281.31,4439.51,4896.24,2667.49,95.0,freelance_other,0.92,65,9448.35,FINNA Illustrative Benchmark Survey 2026 (Synthetic),2026,True
Assam,Guwahati,Tier 2,7724.71,1119.49,5383.02,4363.33,4743.19,2484.5,95.0,freelance_other,1.0,65,10708.07,FINNA Illustrative Benchmark Survey 2026 (Synthetic),2026,True
Assam,Guwahati,Tier 2,9214.11,1046.11,4982.74,4317.66,4814.82,2720.72,95.0,freelance_other,1.15,65,14989.75,FINNA Illustrative Benchmark Survey 2026 (Synthetic),2026,True
Assam,Guwahati,Tier 2,3091.07,351.06,5036.01,4571.72,2620.81,2747.87,95.0,mixed,0.92,25,1000.0,FINNA Illustrative Benchmark Survey 2026 (Synthetic),2026,True
Assam,Guwahati,Tier 2,3516.16,461.3,5240.13,4672.61,2712.49,2485.09,95.0,mixed,1.0,25,1000.0,FINNA Illustrative Benchmark Survey 2026 (Synthetic),2026,True
Assam,Guwahati,Tier 2,3964.96,553.79,5241.27,4695.58,2558.23,2726.68,95.0,mixed,1.15,25,1265.24,FINNA Illustrative Benchmark Survey 2026 (Synthetic),2026,True
Assam,Guwahati,Tier 2,4167.33,428.74,5042.91,4356.98,3494.31,2454.64,95.0,mixed,0.92,35,1752.2,FINNA Illustrative Benchmark Survey 2026 (Synthetic),2026,True
Assam,Guwahati,Tier 2,4679.57,513.41,5107.72,4532.44,3592.4,2551.3,95.0,mixed,1.0,35,2911.14,FINNA Illustrative Benchmark Survey 2026 (Synthetic),2026,True
Assam,Guwahati,Tier 2,5311.66,791.54,5240.14,4478.45,3514.99,2637.85,95.0,mixed,1.15,35,4633.24,FINNA Illustrative Benchmark Survey 2026 (Synthetic),2026,True
Assam,Guwahati,Tier 2,5187.53,555.42,5085.24,4620.83,4662.94,2549.22,95.0,mixed,0.92,45,3603.45,FINNA Illustrative Benchmark Survey 2026 (Synthetic),2026,True
Assam,Guwahati,Tier 2,5794.42,668.2,5359.63,4494.31,4527.64,2650.93,95.0,mixed,1.0,45,5237.26,FINNA Illustrative Benchmark Survey 2026 (Synthetic),2026,True
Assam,Guwahati,Tier 2,6547.54,789.26,5209.92,4303.4,4461.44,2644.4,95.0,mixed,1.15,45,7625.6,FINNA Illustrative Benchmark Survey 2026 (Synthetic),2026,True
Assam,Guwahati,Tier 2,6319.56,679.82,5058.11,4480.85,5234.64,2615.75,95.0,mixed,0.92,55,6483.32,FINNA Illustrative Benchmark Survey 2026 (Synthetic),2026,True
Assam,Guwahati,Tier 2,6514.61,992.82,5099.66,4471.27,5612.04,2469.89,95.0,mixed,1.0,55,6861.01,FINNA Illustrative Benchmark Survey 2026 (Synthetic),2026,True
Assam,Guwahati,Tier 2,7839.87,1021.41,5146.73,4698.56,5618.19,2504.8,95.0,mixed,1.15,55,10385.93,FINNA Illustrative Benchmark Survey 2026 (Synthetic),2026,True
Assam,Guwahati,Tier 2,7177.61,813.31,4948.69,4605.04,6205.87,2631.49,95.0,mixed,0.92,65,8247.17,FINNA Illustrative Benchmark Survey 2026 (Synthetic),2026,True
Assam,Guwahati,Tier 2,7383.56,1119.32,5213.02,4635.12,6210.25,2515.89,95.0,mixed,1.0,65,8707.75,FINNA Illustrative Benchmark Survey 2026 (Synthetic),2026,True
Assam,Guwahati,Tier 2,9046.88,1192.85,5134.73,4320.06,6111.28,2641.91,95.0,mixed,1.15,65,13627.26,FINNA Illustrative Benchmark Survey 2026 (Synthetic),2026,True
Uttarakhand,Dehradun,Tier 2,3269.08,492.3,6150.66,4632.98,2754.29,2836.85,102.0,delivery,0.92,25,1000.0,FINNA Illustrative Benchmark Survey 2026 (Synthetic),2026,True
Uttarakhand,Dehradun,Tier 2,3620.97,422.59,6275.43,5015.47,2616.88,2934.72,102.0,delivery,1.0,25,1000.0,FINNA Illustrative Benchmark Survey 2026 (Synthetic),2026,True
Uttarakhand,Dehradun,Tier 2,4200.94,645.37,5980.8,4625.34,2753.43,2632.12,102.0,delivery,1.15,25,1428.95,FINNA Illustrative Benchmark Survey 2026 (Synthetic),2026,True
Uttarakhand,Dehradun,Tier 2,4182.51,557.72,5886.96,5003.07,3633.63,2954.32,102.0,delivery,0.92,35,1000.0,FINNA Illustrative Benchmark Survey 2026 (Synthetic),2026,True
Uttarakhand,Dehradun,Tier 2,4474.92,557.68,5786.27,4954.77,3677.26,2903.15,102.0,delivery,1.0,35,1335.72,FINNA Illustrative Benchmark Survey 2026 (Synthetic),2026,True
Uttarakhand,Dehradun,Tier 2,5526.68,633.07,6171.79,4870.12,3569.64,2696.97,102.0,delivery,1.15,35,4304.3,FINNA Illustrative Benchmark Survey 2026 (Synthetic),2026,True
Uttarakhand,Dehradun,Tier 2,5384.26,561.21,6278.01,4692.58,4656.82,2673.49,102.0,delivery,0.92,45,3258.41,FINNA Illustrative Benchmark Survey 2026 (Synthetic),2026,True
Uttarakhand,Dehradun,Tier 2,5809.28,910.08,5791.11,4772.82,4577.21,2887.56,102.0,delivery,1.0,45,4631.56,FINNA Illustrative Benchmark Survey 2026 (Synthetic),2026,True
Uttarakhand,Dehradun,Tier 2,6298.45,674.17,5886.7,4609.25,4561.43,2790.29,102.0,delivery,1.15,45,6126.0,FINNA Illustrative Benchmark Survey 2026 (Synthetic),2026,True
Uttarakhand,Dehradun,Tier 2,6261.29,738.39,5774.92,4916.6,5388.96,2655.66,102.0,delivery,0.92,55,5443.91,FINNA Illustrative Benchmark Survey 2026 (Synthetic),2026,True
Uttarakhand,Dehradun,Tier 2,6977.0,1078.86,5904.83,4690.61,5619.84,2760.18,102.0,delivery,1.0,55,7302.72,FINNA Illustrative Benchmark Survey 2026 (Synthetic),2026,True
Uttarakhand,Dehradun,Tier 2,7969.23,850.88,5979.92,4840.79,5571.5,2864.32,102.0,delivery,1.15,55,9912.65,FINNA Illustrative Benchmark Survey 2026 (Synthetic),2026,True
Uttarakhand,Dehradun,Tier 2,7256.53,1055.88,5834.78,4609.46,6536.45,2834.71,102.0,delivery,0.92,65,7543.49,FINNA Illustrative Benchmark Survey 2026 (Synthetic),2026,True
Uttarakhand,Dehradun,Tier 2,7767.07,945.66,6221.62,4879.16,6455.53,2955.65,102.0,delivery,1.0,65,8527.64,FINNA Illustrative Benchmark Survey 2026 (Synthetic),2026,True
Uttarakhand,Dehradun,Tier 2,8806.38,1217.78,6219.1,4694.5,6398.88,2724.69,102.0,delivery,1.15,65,11761.4,FINNA Illustrative Benchmark Survey 2026 (Synthetic),2026,True
Uttarakhand,Dehradun,Tier 2,3555.02,463.82,5951.79,4961.42,3289.28,2659.92,102.0,ride_hailing,0.92,25,1000.0,FINNA Illustrative Benchmark Survey 2026 (Synthetic),2026,True
Uttarakhand,Dehradun,Tier 2,3816.68,566.24,5845.65,4797.59,3189.97,2855.65,102.0,ride_hailing,1.0,25,1000.0,FINNA Illustrative Benchmark Survey 2026 (Synthetic),2026,True
Uttarakhand,Dehradun,Tier 2,4390.21,644.73,6125.12,4829.12,3252.38,2758.28,102.0,ride_hailing,1.15,25,1329.06,FINNA Illustrative Benchmark Survey 2026 (Synthetic),2026,True
Uttarakhand,Dehradun,Tier 2,4786.75,744.41,5929.55,4848.8,4317.93,2898.65,102.0,ride_hailing,0.92,35,1775.6,FINNA Illustrative Benchmark Survey 2026 (Synthetic),2026,True
Uttarakhand,Dehradun,Tier 2,5383.82,724.33,5770.48,4926.73,4239.18,2858.0,102.0,ride_hailing,1.0,35,3586.41,FINNA Illustrative Benchmark Survey 2026 (Synthetic),2026,True
Uttarakhand,Dehradun,Tier 2,6167.36,772.83,5936.25,4917.27,4234.58,2896.81,102.0,ride_hailing,1.15,35,5667.84,FINNA Illustrative Benchmark Survey 2026 (Synthetic),2026,True
Uttarakhand,Dehradun,Tier 2,6038.78,811.62,6013.66,5011.29,5509.66,2843.05,102.0,ride_hailing,0.92,45,4400.67,FINNA Illustrative Benchmark Survey 2026 (Synthetic),2026,True
Uttarakhand,Dehradun,Tier 2,6525.79,914.55,5715.38,4832.13,5170.38,2949.84,102.0,ride_hailing,1.0,45,6232.81,FINNA Illustrative Benchmark Survey 2026 (Synthetic),2026,True
Uttarakhand,Dehradun,Tier 2,7105.97,1103.13,6181.14,4909.95,5525.25,2717.18,102.0,ride_hailing,1.15,45,7432.96,FINNA Illustrative Benchmark Survey 2026 (Synthetic),2026,True
Uttarakhand,Dehradun,Tier 2,7100.13,856.58,6284.15,4679.38,6411.12,2648.06,102.0,ride_hailing,0.92,55,6968.55,FINNA Illustrative Benchmark Survey 2026 (Synthetic),2026,True
Uttarakhand,Dehradun,Tier 2,7500.69,1196.05,5857.9,4940.95,6289.23,2890.99,102.0,ride_hailing,1.0,55,8124.3,FINNA Illustrative Benchmark Survey 2026 (Synthetic),2026,True
Uttarakhand,Dehradun,Tier 2,8687.47,1036.53,5940.79,4727.3,6601.43,2915.83,102.0,ride_hailing,1.15,55,11330.41,FINNA Illustrative Benchmark Survey 2026 (Synthetic),2026,True
Uttarakhand,Dehradun,Tier 2,8166.82,980.23,6069.84,4915.13,7684.88,2708.46,102.0,ride_hailing,0.92,65,9089.61,FINNA Illustrative Benchmark Survey 2026 (Synthetic),2026,True
Uttarakhand,Dehradun,Tier 2,8857.67,939.6,6133.16,4866.94,7371.58,2799.06,102.0,ride_hailing,1.0,65,11168.93,FINNA Illustrative Benchmark Survey 2026 (Synthetic),2026,True
Uttarakhand,Dehradun,Tier 2,9676.17,1189.8,5858.81,4899.55,7394.13,2902.78,102.0,ride_hailing,1.15,65,13547.65,FINNA Illustrative Benchmark Survey 2026 (Synthetic),2026,True
Uttarakhand,Dehradun,Tier 2,3608.28,524.23,6275.59,4714.92,2086.55,2827.5,102.0,freelance_other,0.92,25,1000.0,FINNA Illustrative Benchmark Survey 2026 (Synthetic),2026,True
Uttarakhand,Dehradun,Tier 2,3926.02,557.55,6036.29,4923.25,2160.08,2765.72,102.0,freelance_other,1.0,25,1000.0,FINNA Illustrative Benchmark Survey 2026 (Synthetic),2026,True
Uttarakhand,Dehradun,Tier 2,4440.35,496.95,5754.33,4847.03,2218.42,2767.96,102.0,freelance_other,1.15,25,2365.33,FINNA Illustrative Benchmark Survey 2026 (Synthetic),2026,True
Uttarakhand,Dehradun,Tier 2,4521.55,646.37,6019.7,4750.44,3013.37,2666.82,102.0,freelance_other,0.92,35,2033.19,FINNA Illustrative Benchmark Survey 2026 (Synthetic),2026,True
Uttarakhand,Dehradun,Tier 2,5192.35,773.01,6232.47,4701.08,2931.48,2659.62,102.0,freelance_other,1.0,35,3872.85,FINNA Illustrative Benchmark Survey 2026 (Synthetic),2026,True
Uttarakhand,Dehradun,Tier 2,5991.18,758.2,5724.46,4823.03,2954.19,2723.99,102.0,freelance_other,1.15,35,6315.49,FINNA Illustrative Benchmark Survey 2026 (Synthetic),2026,True
Uttarakhand,Dehradun,Tier 2,5661.02,849.12,6289.96,4677.77,3574.83,2849.69,102.0,freelance_other,0.92,45,4627.98,FINNA Illustrative Benchmark Survey 2026 (Synthetic),2026,True
Uttarakhand,Dehradun,Tier 2,6016.12,606.09,5846.21,4569.97,3687.81,2913.54,102.0,freelance_other,1.0,45,5870.98,FINNA Illustrative Benchmark Survey 2026 (Synthetic),2026,True
Uttarakhand,Dehradun,Tier 2,7030.99,935.64,6040.85,4757.92,3756.73,2827.18,102.0,freelance_other,1.15,45,8489.98,FINNA Illustrative Benchmark Survey 2026 (Synthetic),2026,True
Uttarakhand,Dehradun,Tier 2,6744.48,1034.04,6287.48,4918.46,4450.89,2961.92,102.0,freelance_other,0.92,55,6880.15,FINNA Illustrative Benchmark Survey 2026 (Synthetic),2026,True
Uttarakhand,Dehradun,Tier 2,7433.24,860.87,5922.14,4992.03,4531.52,2739.57,102.0,freelance_other,1.0,55,9100.43,FINNA Illustrative Benchmark Survey 2026 (Synthetic),2026,True
Uttarakhand,Dehradun,Tier 2,8250.21,1299.29,5780.7,4972.77,4548.8,2714.96,102.0,freelance_other,1.15,55,11509.02,FINNA Illustrative Benchmark Survey 2026 (Synthetic),2026,True
Uttarakhand,Dehradun,Tier 2,7680.14,827.35,6288.61,4936.42,5091.87,2791.85,102.0,freelance_other,0.92,65,9195.07,FINNA Illustrative Benchmark Survey 2026 (Synthetic),2026,True
Uttarakhand,Dehradun,Tier 2,8198.31,1216.92,6062.45,4905.65,5177.4,2848.71,102.0,freelance_other,1.0,65,10727.91,FINNA Illustrative Benchmark Survey 2026 (Synthetic),2026,True
Uttarakhand,Dehradun,Tier 2,9612.27,1529.36,5979.17,4835.64,4906.94,2839.92,102.0,freelance_other,1.15,65,14988.65,FINNA Illustrative Benchmark Survey 2026 (Synthetic),2026,True
Uttarakhand,Dehradun,Tier 2,3431.99,433.02,6271.9,4642.24,2800.23,2819.82,102.0,mixed,0.92,25,1000.0,FINNA Illustrative Benchmark Survey 2026 (Synthetic),2026,True
Uttarakhand,Dehradun,Tier 2,3599.2,434.99,6220.55,4630.98,2827.44,2653.98,102.0,mixed,1.0,25,1000.0,FINNA Illustrative Benchmark Survey 2026 (Synthetic),2026,True
Uttarakhand,Dehradun,Tier 2,4366.1,585.87,6268.41,4909.33,2834.49,2796.91,102.0,mixed,1.15,25,1362.45,FINNA Illustrative Benchmark Survey 2026 (Synthetic),2026,True
Uttarakhand,Dehradun,Tier 2,4597.35,719.78,6291.72,4663.3,3758.06,2812.9,102.0,mixed,0.92,35,1547.35,FINNA Illustrative Benchmark Survey 2026 (Synthetic),2026,True
Uttarakhand,Dehradun,Tier 2,4985.5,597.42,6041.91,4980.46,3907.2,2680.46,102.0,mixed,1.0,35,2585.17,FINNA Illustrative Benchmark Survey 2026 (Synthetic),2026,True
Uttarakhand,Dehradun,Tier 2,5672.23,799.1,5888.68,4563.25,3805.59,2871.27,102.0,mixed,1.15,35,4830.78,FINNA Illustrative Benchmark Survey 2026 (Synthetic),2026,True
Uttarakhand,Dehradun,Tier 2,5495.65,589.03,6286.41,4854.65,4741.27,2877.41,102.0,mixed,0.92,45,3273.68,FINNA Illustrative Benchmark Survey 2026 (Synthetic),2026,True
Uttarakhand,Dehradun,Tier 2,6154.41,707.31,6060.92,4924.23,4608.66,2692.9,102.0,mixed,1.0,45,5435.23,FINNA Illustrative Benchmark Survey 2026 (Synthetic),2026,True
Uttarakhand,Dehradun,Tier 2,7031.35,911.96,5771.7,4602.77,4898.82,2824.86,102.0,mixed,1.15,45,8025.94,FINNA Illustrative Benchmark Survey 2026 (Synthetic),2026,True
Uttarakhand,Dehradun,Tier 2,6788.27,836.63,5944.54,4894.28,5502.39,2747.35,102.0,mixed,0.92,55,6698.02,FINNA Illustrative Benchmark Survey 2026 (Synthetic),2026,True
Uttarakhand,Dehradun,Tier 2,6892.4,836.11,6124.36,4981.95,5666.11,2694.01,102.0,mixed,1.0,55,6745.48,FINNA Illustrative Benchmark Survey 2026 (Synthetic),2026,True
Uttarakhand,Dehradun,Tier 2,8126.5,923.16,6291.38,4863.84,5593.6,2884.61,102.0,mixed,1.15,55,10110.3,FINNA Illustrative Benchmark Survey 2026 (Synthetic),2026,True
Uttarakhand,Dehradun,Tier 2,7529.25,762.14,6063.7,5031.36,6353.29,2757.38,102.0,mixed,0.92,65,8057.35,FINNA Illustrative Benchmark Survey 2026 (Synthetic),2026,True
Uttarakhand,Dehradun,Tier 2,7951.75,1254.91,6017.47,4562.24,6524.83,2641.29,102.0,mixed,1.0,65,9545.41,FINNA Illustrative Benchmark Survey 2026 (Synthetic),2026,True
Uttarakhand,Dehradun,Tier 2,9698.09,1297.62,6215.62,5018.74,6421.43,2840.61,102.0,mixed,1.15,65,13972.61,FINNA Illustrative Benchmark Survey 2026 (Synthetic),2026,True
Chhattisgarh,Raipur,Tier 2,2823.81,319.38,4922.62,4460.0,2492.37,2529.92,92.0,delivery,0.92,25,1000.0,FINNA Illustrative Benchmark Survey 2026 (Synthetic),2026,True
Chhattisgarh,Raipur,Tier 2,3168.18,486.27,5103.18,4463.26,2350.48,2394.65,92.0,delivery,1.0,25,1000.0,FINNA Illustrative Benchmark Survey 2026 (Synthetic),2026,True
Chhattisgarh,Raipur,Tier 2,3714.4,378.2,4769.39,4316.16,2501.14,2632.21,92.0,delivery,1.15,25,1211.89,FINNA Illustrative Benchmark Survey 2026 (Synthetic),2026,True
Chhattisgarh,Raipur,Tier 2,3912.05,464.36,4895.72,4235.09,3182.56,2505.55,92.0,delivery,0.92,35,1378.17,FINNA Illustrative Benchmark Survey 2026 (Synthetic),2026,True
Chhattisgarh,Raipur,Tier 2,4283.11,556.2,5051.75,4513.86,3375.8,2631.35,92.0,delivery,1.0,35,1932.52,FINNA Illustrative Benchmark Survey 2026 (Synthetic),2026,True
Chhattisgarh,Raipur,Tier 2,4936.41,655.94,4944.42,4277.61,3165.82,2516.34,92.0,delivery,1.15,35,4205.8,FINNA Illustrative Benchmark Survey 2026 (Synthetic),2026,True
Chhattisgarh,Raipur,Tier 2,4631.32,564.75,4869.73,4436.56,3992.9,2471.29,92.0,delivery,0.92,45,2784.04,FINNA Illustrative Benchmark Survey 2026 (Synthetic),2026,True
Chhattisgarh,Raipur,Tier 2,5042.2,781.52,5210.56,4433.69,4229.21,2562.29,92.0,delivery,1.0,45,3508.03,FINNA Illustrative Benchmark Survey 2026 (Synthetic),2026,True
Chhattisgarh,Raipur,Tier 2,6024.09,638.11,5009.92,4370.31,4036.21,2508.2,92.0,delivery,1.15,45,6603.79,FINNA Illustrative Benchmark Survey 2026 (Synthetic),2026,True
Chhattisgarh,Raipur,Tier 2,5564.45,734.04,4947.09,4319.94,4788.2,2446.09,92.0,delivery,0.92,55,4935.29,FINNA Illustrative Benchmark Survey 2026 (Synthetic),2026,True
Chhattisgarh,Raipur,Tier 2,5987.14,669.86,5222.12,4268.32,4880.11,2374.72,92.0,delivery,1.0,55,5966.38,FINNA Illustrative Benchmark Survey 2026 (Synthetic),2026,True
Chhattisgarh,Raipur,Tier 2,6650.65,706.69,5030.63,4347.16,4829.39,2647.69,92.0,delivery,1.15,55,7762.59,FINNA Illustrative Benchmark Survey 2026 (Synthetic),2026,True
Chhattisgarh,Raipur,Tier 2,6480.65,947.8,5099.45,4311.85,5492.37,2634.03,92.0,delivery,0.92,65,6840.28,FINNA Illustrative Benchmark Survey 2026 (Synthetic),2026,True
Chhattisgarh,Raipur,Tier 2,6788.46,918.13,5200.14,4318.4,5765.72,2571.78,92.0,delivery,1.0,65,7499.69,FINNA Illustrative Benchmark Survey 2026 (Synthetic),2026,True
Chhattisgarh,Raipur,Tier 2,7950.83,817.6,4901.47,4165.94,5913.16,2365.73,92.0,delivery,1.15,65,11102.52,FINNA Illustrative Benchmark Survey 2026 (Synthetic),2026,True
Chhattisgarh,Raipur,Tier 2,3329.76,507.53,5119.27,4310.31,2798.37,2461.25,92.0,ride_hailing,0.92,25,1000.0,FINNA Illustrative Benchmark Survey 2026 (Synthetic),2026,True
Chhattisgarh,Raipur,Tier 2,3583.69,554.18,4799.33,4493.48,2962.45,2563.72,92.0,ride_hailing,1.0,25,1000.0,FINNA Illustrative Benchmark Survey 2026 (Synthetic),2026,True
Chhattisgarh,Raipur,Tier 2,3918.02,439.67,4853.37,4360.38,2760.99,2626.63,92.0,ride_hailing,1.15,25,1536.38,FINNA Illustrative Benchmark Survey 2026 (Synthetic),2026,True
Chhattisgarh,Raipur,Tier 2,4175.82,590.31,5212.16,4087.04,3807.41,2594.09,92.0,ride_hailing,0.92,35,1547.39,FINNA Illustrative Benchmark Survey 2026 (Synthetic),2026,True
Chhattisgarh,Raipur,Tier 2,4771.45,758.97,5243.54,4440.43,3848.28,2601.34,92.0,ride_hailing,1.0,35,2942.41,FINNA Illustrative Benchmark Survey 2026 (Synthetic),2026,True
Chhattisgarh,Raipur,Tier 2,5150.81,558.86,4873.09,4372.47,4006.97,2476.85,92.0,ride_hailing,1.15,35,4272.86,FINNA Illustrative Benchmark Survey 2026 (Synthetic),2026,True
Chhattisgarh,Raipur,Tier 2,5284.7,802.35,5063.1,4173.1,5022.69,2570.99,92.0,ride_hailing,0.92,45,3934.37,FINNA Illustrative Benchmark Survey 2026 (Synthetic),2026,True
Chhattisgarh,Raipur,Tier 2,5608.09,793.08,4957.94,4262.87,4788.45,2620.32,92.0,ride_hailing,1.0,45,4974.74,FINNA Illustrative Benchmark Survey 2026 (Synthetic),2026,True
Chhattisgarh,Raipur,Tier 2,6735.24,870.82,5050.06,4354.41,4834.23,2558.8,92.0,ride_hailing,1.15,45,8037.96,FINNA Illustrative Benchmark Survey 2026 (Synthetic),2026,True
Chhattisgarh,Raipur,Tier 2,6169.76,862.4,4861.49,4359.17,5660.22,2620.67,92.0,ride_hailing,0.92,55,5988.78,FINNA Illustrative Benchmark Survey 2026 (Synthetic),2026,True
Chhattisgarh,Raipur,Tier 2,6727.49,746.76,4913.69,4490.71,5726.2,2554.27,92.0,ride_hailing,1.0,55,7439.36,FINNA Illustrative Benchmark Survey 2026 (Synthetic),2026,True
Chhattisgarh,Raipur,Tier 2,8010.48,992.44,5018.13,4207.42,5872.71,2382.55,92.0,ride_hailing,1.15,55,11182.97,FINNA Illustrative Benchmark Survey 2026 (Synthetic),2026,True
Chhattisgarh,Raipur,Tier 2,6888.14,1028.9,5192.01,4493.59,6817.16,2499.39,92.0,ride_hailing,0.92,65,7035.27,FINNA Illustrative Benchmark Survey 2026 (Synthetic),2026,True
Chhattisgarh,Raipur,Tier 2,7491.87,1196.7,4984.48,4132.02,6640.09,2599.93,92.0,ride_hailing,1.0,65,9154.13,FINNA Illustrative Benchmark Survey 2026 (Synthetic),2026,True
Chhattisgarh,Raipur,Tier 2,8656.41,1261.69,5153.2,4188.95,6850.05,2481.43,92.0,ride_hailing,1.15,65,12225.61,FINNA Illustrative Benchmark Survey 2026 (Synthetic),2026,True
Chhattisgarh,Raipur,Tier 2,3039.94,412.88,4770.53,4486.45,1994.85,2406.69,92.0,freelance_other,0.92,25,1000.0,FINNA Illustrative Benchmark Survey 2026 (Synthetic),2026,True
Chhattisgarh,Raipur,Tier 2,3322.7,395.65,5034.4,4492.89,1928.37,2635.12,92.0,freelance_other,1.0,25,1000.0,FINNA Illustrative Benchmark Survey 2026 (Synthetic),2026,True
Chhattisgarh,Raipur,Tier 2,4043.73,489.32,4850.32,4361.98,1936.18,2395.93,92.0,freelance_other,1.15,25,2577.21,FINNA Illustrative Benchmark Survey 2026 (Synthetic),2026,True
Chhattisgarh,Raipur,Tier 2,4054.98,420.98,4841.98,4168.57,2677.37,2481.66,92.0,freelance_other,0.92,35,2202.51,FINNA Illustrative Benchmark Survey 2026 (Synthetic),2026,True
Chhattisgarh,Raipur,Tier 2,4615.4,480.75,4872.89,4312.28,2655.98,2393.01,92.0,freelance_other,1.0,35,3737.84,FINNA Illustrative Benchmark Survey 2026 (Synthetic),2026,True
Chhattisgarh,Raipur,Tier 2,5345.99,552.79,5092.38,4261.27,2651.2,2535.58,92.0,freelance_other,1.15,35,5595.01,FINNA Illustrative Benchmark Survey 2026 (Synthetic),2026,True
Chhattisgarh,Raipur,Tier 2,4933.55,769.48,4935.19,4146.7,3209.93,2420.1,92.0,freelance_other,0.92,45,4322.73,FINNA Illustrative Benchmark Survey 2026 (Synthetic),2026,True
Chhattisgarh,Raipur,Tier 2,5455.66,729.76,5156.85,4415.54,3214.13,2417.36,92.0,freelance_other,1.0,45,5472.43,FINNA Illustrative Benchmark Survey 2026 (Synthetic),2026,True
Chhattisgarh,Raipur,Tier 2,6399.21,856.33,4786.96,4364.01,3423.95,2631.16,92.0,freelance_other,1.15,45,8126.62,FINNA Illustrative Benchmark Survey 2026 (Synthetic),2026,True
Chhattisgarh,Raipur,Tier 2,6042.92,706.71,5058.02,4278.36,4049.98,2554.86,92.0,freelance_other,0.92,55,6646.01,FINNA Illustrative Benchmark Survey 2026 (Synthetic),2026,True
Chhattisgarh,Raipur,Tier 2,6551.67,790.84,5243.99,4280.64,4104.42,2395.94,92.0,freelance_other,1.0,55,8023.43,FINNA Illustrative Benchmark Survey 2026 (Synthetic),2026,True
Chhattisgarh,Raipur,Tier 2,7488.93,910.71,4822.2,4358.95,3867.72,2640.21,92.0,freelance_other,1.15,55,10879.69,FINNA Illustrative Benchmark Survey 2026 (Synthetic),2026,True
Chhattisgarh,Raipur,Tier 2,7124.28,1089.42,4934.04,4094.0,4728.24,2393.2,92.0,freelance_other,0.92,65,9554.12,FINNA Illustrative Benchmark Survey 2026 (Synthetic),2026,True
Chhattisgarh,Raipur,Tier 2,7422.57,1058.76,5020.75,4182.6,4579.35,2602.04,92.0,freelance_other,1.0,65,10240.74,FINNA Illustrative Benchmark Survey 2026 (Synthetic),2026,True
Chhattisgarh,Raipur,Tier 2,8462.66,1324.52,4960.57,4264.62,4701.65,2483.17,92.0,freelance_other,1.15,65,13151.65,FINNA Illustrative Benchmark Survey 2026 (Synthetic),2026,True
Chhattisgarh,Raipur,Tier 2,3044.02,370.8,4913.01,4256.52,2572.78,2411.77,92.0,mixed,0.92,25,1000.0,FINNA Illustrative Benchmark Survey 2026 (Synthetic),2026,True
Chhattisgarh,Raipur,Tier 2,3262.91,363.68,4847.3,4460.65,2559.84,2535.66,92.0,mixed,1.0,25,1000.0,FINNA Illustrative Benchmark Survey 2026 (Synthetic),2026,True
Chhattisgarh,Raipur,Tier 2,3962.25,526.55,5131.99,4260.53,2556.74,2414.05,92.0,mixed,1.15,25,1815.6,FINNA Illustrative Benchmark Survey 2026 (Synthetic),2026,True
Chhattisgarh,Raipur,Tier 2,3931.17,418.74,5076.12,4214.14,3512.7,2582.37,92.0,mixed,0.92,35,1063.81,FINNA Illustrative Benchmark Survey 2026 (Synthetic),2026,True
Chhattisgarh,Raipur,Tier 2,4442.74,457.84,4858.59,4322.23,3327.62,2465.29,92.0,mixed,1.0,35,2771.17,FINNA Illustrative Benchmark Survey 2026 (Synthetic),2026,True
Chhattisgarh,Raipur,Tier 2,5066.21,561.43,4971.49,4383.41,3390.37,2550.1,92.0,mixed,1.15,35,4316.86,FINNA Illustrative Benchmark Survey 2026 (Synthetic),2026,True
Chhattisgarh,Raipur,Tier 2,4883.33,706.9,5031.68,4152.02,4256.32,2584.56,92.0,mixed,0.92,45,3328.16,FINNA Illustrative Benchmark Survey 2026 (Synthetic),2026,True
Chhattisgarh,Raipur,Tier 2,5275.31,657.71,4984.29,4458.25,4163.21,2629.38,92.0,mixed,1.0,45,4294.53,FINNA Illustrative Benchmark Survey 2026 (Synthetic),2026,True
Chhattisgarh,Raipur,Tier 2,6125.49,955.46,5056.16,4401.19,4419.01,2552.86,92.0,mixed,1.15,45,6561.2,FINNA Illustrative Benchmark Survey 2026 (Synthetic),2026,True
Chhattisgarh,Raipur,Tier 2,5997.7,630.63,4754.33,4455.77,4955.29,2605.78,92.0,mixed,0.92,55,5979.27,FINNA Illustrative Benchmark Survey 2026 (Synthetic),2026,True
Chhattisgarh,Raipur,Tier 2,6277.74,967.45,4851.5,4149.76,5021.17,2602.2,92.0,mixed,1.0,55,6862.69,FINNA Illustrative Benchmark Survey 2026 (Synthetic),2026,True
Chhattisgarh,Raipur,Tier 2,7248.51,1120.29,5041.72,4441.15,5128.92,2561.08,92.0,mixed,1.15,55,9238.57,FINNA Illustrative Benchmark Survey 2026 (Synthetic),2026,True
Chhattisgarh,Raipur,Tier 2,6610.76,701.34,5030.94,4472.35,5806.66,2474.56,92.0,mixed,0.92,65,7046.05,FINNA Illustrative Benchmark Survey 2026 (Synthetic),2026,True
Chhattisgarh,Raipur,Tier 2,7327.43,1004.57,4829.14,4322.5,5958.4,2644.99,92.0,mixed,1.0,65,9082.28,FINNA Illustrative Benchmark Survey 2026 (Synthetic),2026,True
Chhattisgarh,Raipur,Tier 2,8532.55,1315.88,5238.06,4370.46,5804.09,2483.47,92.0,mixed,1.15,65,12382.41,FINNA Illustrative Benchmark Survey 2026 (Synthetic),2026,True
Jharkhand,Ranchi,Tier 2,2898.86,313.47,4841.67,4248.13,2349.12,2355.99,91.0,delivery,0.92,25,1000.0,FINNA Illustrative Benchmark Survey 2026 (Synthetic),2026,True
Jharkhand,Ranchi,Tier 2,3134.25,467.24,5111.16,4336.5,2351.32,2618.2,91.0,delivery,1.0,25,1000.0,FINNA Illustrative Benchmark Survey 2026 (Synthetic),2026,True
Jharkhand,Ranchi,Tier 2,3684.55,577.72,4932.72,4465.81,2506.89,2615.95,91.0,delivery,1.15,25,1000.0,FINNA Illustrative Benchmark Survey 2026 (Synthetic),2026,True
Jharkhand,Ranchi,Tier 2,3614.24,390.69,4802.05,4254.25,3174.47,2647.87,91.0,delivery,0.92,35,1000.0,FINNA Illustrative Benchmark Survey 2026 (Synthetic),2026,True
Jharkhand,Ranchi,Tier 2,4163.56,583.46,5126.17,4222.9,3321.3,2634.63,91.0,delivery,1.0,35,1770.09,FINNA Illustrative Benchmark Survey 2026 (Synthetic),2026,True
Jharkhand,Ranchi,Tier 2,4523.11,615.91,5046.67,4091.86,3368.23,2475.32,91.0,delivery,1.15,35,2991.94,FINNA Illustrative Benchmark Survey 2026 (Synthetic),2026,True
Jharkhand,Ranchi,Tier 2,4478.21,676.55,4749.09,4205.51,4101.69,2624.78,91.0,delivery,0.92,45,2411.23,FINNA Illustrative Benchmark Survey 2026 (Synthetic),2026,True
Jharkhand,Ranchi,Tier 2,4995.84,771.1,4680.49,4187.69,4031.65,2484.68,91.0,delivery,1.0,45,4060.86,FINNA Illustrative Benchmark Survey 2026 (Synthetic),2026,True
Jharkhand,Ranchi,Tier 2,5719.16,585.8,5022.5,4411.7,4081.27,2374.07,91.0,delivery,1.15,45,5768.37,FINNA Illustrative Benchmark Survey 2026 (Synthetic),2026,True
Jharkhand,Ranchi,Tier 2,5445.01,587.18,5134.34,4353.39,4997.65,2355.76,91.0,delivery,0.92,55,4378.24,FINNA Illustrative Benchmark Survey 2026 (Synthetic),2026,True
Jharkhand,Ranchi,Tier 2,5838.04,900.65,4841.21,4100.47,4973.03,2559.06,91.0,delivery,1.0,55,5723.21,FINNA Illustrative Benchmark Survey 2026 (Synthetic),2026,True
Jharkhand,Ranchi,Tier 2,6689.33,991.28,5073.28,4422.17,4869.14,2452.64,91.0,delivery,1.15,55,7895.92,FINNA Illustrative Benchmark Survey 2026 (Synthetic),2026,True
Jharkhand,Ranchi,Tier 2,6439.24,921.76,4925.67,4295.2,5595.02,2624.01,91.0,delivery,0.92,65,6787.31,FINNA Illustrative Benchmark Survey 2026 (Synthetic),2026,True
Jharkhand,Ranchi,Tier 2,6986.12,734.16,4981.45,4222.0,5705.45,2384.06,91.0,delivery,1.0,65,8422.01,FINNA Illustrative Benchmark Survey 2026 (Synthetic),2026,True
Jharkhand,Ranchi,Tier 2,7966.86,1182.07,4707.45,4117.0,5643.69,2396.2,91.0,delivery,1.15,65,11460.91,FINNA Illustrative Benchmark Survey 2026 (Synthetic),2026,True
Jharkhand,Ranchi,Tier 2,3258.38,478.11,5078.21,4089.15,2760.5,2592.1,91.0,ride_hailing,0.92,25,1000.0,FINNA Illustrative Benchmark Survey 2026 (Synthetic),2026,True
Jharkhand,Ranchi,Tier 2,3560.73,487.99,4731.56,4354.23,2957.63,2488.23,91.0,ride_hailing,1.0,25,1000.0,FINNA Illustrative Benchmark Survey 2026 (Synthetic),2026,True
Jharkhand,Ranchi,Tier 2,4095.87,602.78,4706.86,4137.45,2919.21,2409.86,91.0,ride_hailing,1.15,25,2315.13,FINNA Illustrative Benchmark Survey 2026 (Synthetic),2026,True
Jharkhand,Ranchi,Tier 2,4275.07,448.32,4699.93,4494.1,3733.83,2587.48,91.0,ride_hailing,0.92,35,1947.21,FINNA Illustrative Benchmark Survey 2026 (Synthetic),2026,True
Jharkhand,Ranchi,Tier 2,4459.8,459.36,4693.91,4222.77,3897.29,2492.81,91.0,ride_hailing,1.0,35,2602.7,FINNA Illustrative Benchmark Survey 2026 (Synthetic),2026,True
Jharkhand,Ranchi,Tier 2,5113.77,814.5,4951.67,4165.01,3822.24,2552.85,91.0,ride_hailing,1.15,35,4323.06,FINNA Illustrative Benchmark Survey 2026 (Synthetic),2026,True
Jharkhand,Ranchi,Tier 2,5302.44,549.74,4745.61,4087.71,4748.58,2409.32,91.0,ride_hailing,0.92,45,4529.42,FINNA Illustrative Benchmark Survey 2026 (Synthetic),2026,True
Jharkhand,Ranchi,Tier 2,5440.46,720.97,5131.63,4385.99,4954.12,2372.73,91.0,ride_hailing,1.0,45,4363.27,FINNA Illustrative Benchmark Survey 2026 (Synthetic),2026,True
Jharkhand,Ranchi,Tier 2,6278.77,748.96,5141.07,4154.84,4927.77,2527.69,91.0,ride_hailing,1.15,45,6783.21,FINNA Illustrative Benchmark Survey 2026 (Synthetic),2026,True
Jharkhand,Ranchi,Tier 2,6122.84,798.41,4794.85,4268.41,5991.55,2570.63,91.0,ride_hailing,0.92,55,5776.2,FINNA Illustrative Benchmark Survey 2026 (Synthetic),2026,True
Jharkhand,Ranchi,Tier 2,6617.76,921.79,5129.39,4193.22,5958.77,2369.4,91.0,ride_hailing,1.0,55,7152.68,FINNA Illustrative Benchmark Survey 2026 (Synthetic),2026,True
Jharkhand,Ranchi,Tier 2,7326.33,883.95,5014.13,4351.53,5988.39,2373.99,91.0,ride_hailing,1.15,55,9096.73,FINNA Illustrative Benchmark Survey 2026 (Synthetic),2026,True
Jharkhand,Ranchi,Tier 2,7112.5,1016.85,4660.88,4405.04,6563.84,2526.44,91.0,ride_hailing,0.92,65,8216.6,FINNA Illustrative Benchmark Survey 2026 (Synthetic),2026,True
Jharkhand,Ranchi,Tier 2,7822.98,951.97,4988.73,4376.62,6551.7,2428.73,91.0,ride_hailing,1.0,65,10093.02,FINNA Illustrative Benchmark Survey 2026 (Synthetic),2026,True
Jharkhand,Ranchi,Tier 2,8943.06,1136.19,5018.67,4291.59,6787.26,2579.02,91.0,ride_hailing,1.15,65,13030.49,FINNA Illustrative Benchmark Survey 2026 (Synthetic),2026,True
Jharkhand,Ranchi,Tier 2,3022.24,483.39,4748.24,4337.51,1881.71,2455.87,91.0,freelance_other,0.92,25,1000.0,FINNA Illustrative Benchmark Survey 2026 (Synthetic),2026,True
Jharkhand,Ranchi,Tier 2,3325.45,424.65,5107.49,4448.99,2026.96,2489.09,91.0,freelance_other,1.0,25,1000.0,FINNA Illustrative Benchmark Survey 2026 (Synthetic),2026,True
Jharkhand,Ranchi,Tier 2,3957.47,503.12,4724.62,4407.74,1940.6,2357.34,91.0,freelance_other,1.15,25,2408.6,FINNA Illustrative Benchmark Survey 2026 (Synthetic),2026,True
Jharkhand,Ranchi,Tier 2,3926.19,467.23,5139.98,4356.84,2622.68,2354.19,91.0,freelance_other,0.92,35,1642.36,FINNA Illustrative Benchmark Survey 2026 (Synthetic),2026,True
Jharkhand,Ranchi,Tier 2,4496.79,628.23,4739.66,4339.96,2577.09,2378.45,91.0,freelance_other,1.0,35,3533.36,FINNA Illustrative Benchmark Survey 2026 (Synthetic),2026,True
Jharkhand,Ranchi,Tier 2,5009.56,546.01,4820.28,4094.32,2621.16,2441.06,91.0,freelance_other,1.15,35,5014.47,FINNA Illustrative Benchmark Survey 2026 (Synthetic),2026,True
Jharkhand,Ranchi,Tier 2,5148.91,684.6,4766.59,4294.21,3374.33,2479.86,91.0,freelance_other,0.92,45,4796.86,FINNA Illustrative Benchmark Survey 2026 (Synthetic),2026,True
Jharkhand,Ranchi,Tier 2,5593.25,612.96,5129.86,4110.7,3437.37,2370.07,91.0,freelance_other,1.0,45,5961.0,FINNA Illustrative Benchmark Survey 2026 (Synthetic),2026,True
Jharkhand,Ranchi,Tier 2,6122.21,787.33,4796.77,4186.12,3432.57,2591.09,91.0,freelance_other,1.15,45,7476.7,FINNA Illustrative Benchmark Survey 2026 (Synthetic),2026,True
Jharkhand,Ranchi,Tier 2,5817.39,586.27,4805.92,4153.2,4012.62,2555.22,91.0,freelance_other,0.92,55,6280.52,FINNA Illustrative Benchmark Survey 2026 (Synthetic),2026,True
Jharkhand,Ranchi,Tier 2,6329.7,679.25,4718.42,4206.22,4042.58,2592.14,91.0,freelance_other,1.0,55,7701.36,FINNA Illustrative Benchmark Survey 2026 (Synthetic),2026,True
Jharkhand,Ranchi,Tier 2,7533.97,920.46,5130.51,4112.14,3954.36,2475.1,91.0,freelance_other,1.15,55,11017.49,FINNA Illustrative Benchmark Survey 2026 (Synthetic),2026,True
Jharkhand,Ranchi,Tier 2,6560.28,784.43,4769.38,4459.91,4546.23,2624.72,91.0,freelance_other,0.92,65,7803.75,FINNA Illustrative Benchmark Survey 2026 (Synthetic),2026,True
Jharkhand,Ranchi,Tier 2,7576.4,1115.31,4926.95,4333.2,4553.07,2408.31,91.0,freelance_other,1.0,65,10779.78,FINNA Illustrative Benchmark Survey 2026 (Synthetic),2026,True
Jharkhand,Ranchi,Tier 2,8145.06,971.79,4965.01,4502.59,4515.36,2527.85,91.0,freelance_other,1.15,65,12192.24,FINNA Illustrative Benchmark Survey 2026 (Synthetic),2026,True
Jharkhand,Ranchi,Tier 2,2947.85,439.76,4894.41,4286.99,2430.44,2503.29,91.0,mixed,0.92,25,1000.0,FINNA Illustrative Benchmark Survey 2026 (Synthetic),2026,True
Jharkhand,Ranchi,Tier 2,3167.15,459.27,4960.57,4119.96,2525.79,2530.78,91.0,mixed,1.0,25,1000.0,FINNA Illustrative Benchmark Survey 2026 (Synthetic),2026,True
Jharkhand,Ranchi,Tier 2,3881.72,611.36,4785.34,4278.28,2583.72,2587.38,91.0,mixed,1.15,25,1672.53,FINNA Illustrative Benchmark Survey 2026 (Synthetic),2026,True
Jharkhand,Ranchi,Tier 2,3896.9,423.14,5070.41,4110.38,3352.22,2539.92,91.0,mixed,0.92,35,1170.42,FINNA Illustrative Benchmark Survey 2026 (Synthetic),2026,True
Jharkhand,Ranchi,Tier 2,4253.36,635.84,4891.45,4147.83,3359.38,2446.01,91.0,mixed,1.0,35,2322.05,FINNA Illustrative Benchmark Survey 2026 (Synthetic),2026,True
Jharkhand,Ranchi,Tier 2,5152.48,702.21,4917.79,4439.38,3461.51,2637.32,91.0,mixed,1.15,35,4455.25,FINNA Illustrative Benchmark Survey 2026 (Synthetic),2026,True
Jharkhand,Ranchi,Tier 2,4914.07,526.9,5014.38,4401.26,4185.3,2589.65,91.0,mixed,0.92,45,3306.77,FINNA Illustrative Benchmark Survey 2026 (Synthetic),2026,True
Jharkhand,Ranchi,Tier 2,5207.76,767.85,4862.27,4436.99,4122.15,2428.3,91.0,mixed,1.0,45,4354.93,FINNA Illustrative Benchmark Survey 2026 (Synthetic),2026,True
Jharkhand,Ranchi,Tier 2,5921.44,601.13,4974.3,4412.82,4145.41,2489.48,91.0,mixed,1.15,45,6251.59,FINNA Illustrative Benchmark Survey 2026 (Synthetic),2026,True
Jharkhand,Ranchi,Tier 2,5936.58,646.24,4961.69,4323.76,5177.75,2577.54,91.0,mixed,0.92,55,5632.02,FINNA Illustrative Benchmark Survey 2026 (Synthetic),2026,True
Jharkhand,Ranchi,Tier 2,6051.91,704.52,4790.22,4388.71,5119.98,2398.87,91.0,mixed,1.0,55,6179.54,FINNA Illustrative Benchmark Survey 2026 (Synthetic),2026,True
Jharkhand,Ranchi,Tier 2,6971.64,1097.1,4715.72,4458.13,5160.78,2460.65,91.0,mixed,1.15,55,8704.75,FINNA Illustrative Benchmark Survey 2026 (Synthetic),2026,True
Jharkhand,Ranchi,Tier 2,6494.6,930.22,4924.56,4355.42,6042.86,2468.66,91.0,mixed,0.92,65,6714.58,FINNA Illustrative Benchmark Survey 2026 (Synthetic),2026,True
Jharkhand,Ranchi,Tier 2,7065.85,1061.04,4671.92,4206.65,6004.29,2520.56,91.0,mixed,1.0,65,8574.61,FINNA Illustrative Benchmark Survey 2026 (Synthetic),2026,True
Jharkhand,Ranchi,Tier 2,8492.67,877.73,5006.46,4141.7,5764.54,2370.37,91.0,mixed,1.15,65,12668.62,FINNA Illustrative Benchmark Survey 2026 (Synthetic),2026,True
Goa,Panaji,Tier 2,3534.82,464.36,7830.09,5451.61,2903.76,3275.7,118.0,delivery,0.92,25,1000.0,FINNA Illustrative Benchmark Survey 2026 (Synthetic),2026,True
Goa,Panaji,Tier 2,3901.19,486.71,7688.14,5595.78,2856.05,3109.18,118.0,delivery,1.0,25,1000.0,FINNA Illustrative Benchmark Survey 2026 (Synthetic),2026,True
Goa,Panaji,Tier 2,4596.78,568.89,7241.24,5780.79,2917.35,3080.84,118.0,delivery,1.15,25,1000.0,FINNA Illustrative Benchmark Survey 2026 (Synthetic),2026,True
Goa,Panaji,Tier 2,4643.99,718.36,7320.57,5453.99,3896.89,3121.46,118.0,delivery,0.92,35,1000.0,FINNA Illustrative Benchmark Survey 2026 (Synthetic),2026,True
Goa,Panaji,Tier 2,5021.67,756.13,7294.14,5343.74,3765.67,3000.55,118.0,delivery,1.0,35,1520.83,FINNA Illustrative Benchmark Survey 2026 (Synthetic),2026,True
Goa,Panaji,Tier 2,5822.9,886.41,7500.44,5500.85,3931.16,3163.34,118.0,delivery,1.15,35,3326.29,FINNA Illustrative Benchmark Survey 2026 (Synthetic),2026,True
Goa,Panaji,Tier 2,5661.55,826.2,7494.17,5695.0,4906.17,3118.61,118.0,delivery,0.92,45,2145.36,FINNA Illustrative Benchmark Survey 2026 (Synthetic),2026,True
Goa,Panaji,Tier 2,6164.55,834.56,7281.63,5646.33,4639.56,3175.08,118.0,delivery,1.0,45,3867.44,FINNA Illustrative Benchmark Survey 2026 (Synthetic),2026,True
Goa,Panaji,Tier 2,7408.04,904.43,7798.93,5411.94,4719.02,3113.48,118.0,delivery,1.15,45,7171.74,FINNA Illustrative Benchmark Survey 2026 (Synthetic),2026,True
Goa,Panaji,Tier 2,7171.7,1037.42,7336.06,5631.51,5791.09,2973.47,118.0,delivery,0.92,55,6058.87,FINNA Illustrative Benchmark Survey 2026 (Synthetic),2026,True
Goa,Panaji,Tier 2,7364.6,1004.95,7375.86,5503.15,5675.12,2958.33,118.0,delivery,1.0,55,6744.57,FINNA Illustrative Benchmark Survey 2026 (Synthetic),2026,True
Goa,Panaji,Tier 2,8527.46,867.49,7577.53,5684.79,5791.52,3064.92,118.0,delivery,1.15,55,9623.34,FINNA Illustrative Benchmark Survey 2026 (Synthetic),2026,True
Goa,Panaji,Tier 2,7759.47,795.34,7728.48,5735.98,6926.11,2988.45,118.0,delivery,0.92,65,6642.67,FINNA Illustrative Benchmark Survey 2026 (Synthetic),2026,True
Goa,Panaji,Tier 2,8700.96,1260.22,7749.7,5697.56,6932.79,3218.24,118.0,delivery,1.0,65,9149.96,FINNA Illustrative Benchmark Survey 2026 (Synthetic),2026,True
Goa,Panaji,Tier 2,9839.52,1016.05,7594.59,5637.43,6931.57,3007.87,118.0,delivery,1.15,65,12631.88,FINNA Illustrative Benchmark Survey 2026 (Synthetic),2026,True
Goa,Panaji,Tier 2,4076.13,483.4,7287.32,5421.31,3342.83,3099.85,118.0,ride_hailing,0.92,25,1000.0,FINNA Illustrative Benchmark Survey 2026 (Synthetic),2026,True
Goa,Panaji,Tier 2,4504.53,645.04,7468.41,5538.82,3456.64,3256.54,118.0,ride_hailing,1.0,25,1000.0,FINNA Illustrative Benchmark Survey 2026 (Synthetic),2026,True
Goa,Panaji,Tier 2,5082.57,690.24,7721.25,5693.53,3506.5,2942.89,118.0,ride_hailing,1.15,25,1393.18,FINNA Illustrative Benchmark Survey 2026 (Synthetic),2026,True
Goa,Panaji,Tier 2,5197.84,519.87,7148.4,5348.02,4406.71,3016.01,118.0,ride_hailing,0.92,35,1681.88,FINNA Illustrative Benchmark Survey 2026 (Synthetic),2026,True
Goa,Panaji,Tier 2,5599.78,709.51,7671.56,5858.28,4438.27,3050.91,118.0,ride_hailing,1.0,35,2098.22,FINNA Illustrative Benchmark Survey 2026 (Synthetic),2026,True
Goa,Panaji,Tier 2,6786.29,1073.97,7681.38,5528.78,4505.32,3157.15,118.0,ride_hailing,1.15,35,5532.8,FINNA Illustrative Benchmark Survey 2026 (Synthetic),2026,True
Goa,Panaji,Tier 2,6487.71,662.39,7215.06,5399.43,5730.19,3260.8,118.0,ride_hailing,0.92,45,4216.1,FINNA Illustrative Benchmark Survey 2026 (Synthetic),2026,True
Goa,Panaji,Tier 2,7445.13,1153.06,7215.24,5676.56,5958.12,3208.91,118.0,ride_hailing,1.0,45,6616.08,FINNA Illustrative Benchmark Survey 2026 (Synthetic),2026,True
Goa,Panaji,Tier 2,8493.98,1324.4,7255.94,5383.05,5853.41,3083.35,118.0,ride_hailing,1.15,45,9882.07,FINNA Illustrative Benchmark Survey 2026 (Synthetic),2026,True
Goa,Panaji,Tier 2,8014.42,1135.6,7329.85,5332.63,6923.0,2937.54,118.0,ride_hailing,0.92,55,7916.62,FINNA Illustrative Benchmark Survey 2026 (Synthetic),2026,True
Goa,Panaji,Tier 2,8579.75,968.9,7423.15,5531.36,6633.11,3074.89,118.0,ride_hailing,1.0,55,9417.07,FINNA Illustrative Benchmark Survey 2026 (Synthetic),2026,True
Goa,Panaji,Tier 2,9690.94,1070.86,7134.95,5822.55,6974.46,3270.91,118.0,ride_hailing,1.15,55,12193.29,FINNA Illustrative Benchmark Survey 2026 (Synthetic),2026,True
Goa,Panaji,Tier 2,9183.84,1309.56,7664.15,5433.51,7856.64,3163.7,118.0,ride_hailing,0.92,65,10171.22,FINNA Illustrative Benchmark Survey 2026 (Synthetic),2026,True
Goa,Panaji,Tier 2,10049.73,1118.38,7642.26,5773.8,8323.25,2930.41,118.0,ride_hailing,1.0,65,12249.65,FINNA Illustrative Benchmark Survey 2026 (Synthetic),2026,True
Goa,Panaji,Tier 2,11200.6,1695.99,7544.21,5713.65,8192.68,3180.19,118.0,ride_hailing,1.15,65,15514.11,FINNA Illustrative Benchmark Survey 2026 (Synthetic),2026,True
Goa,Panaji,Tier 2,4003.26,469.15,7191.31,5525.69,2362.84,3116.59,118.0,freelance_other,0.92,25,1000.0,FINNA Illustrative Benchmark Survey 2026 (Synthetic),2026,True
Goa,Panaji,Tier 2,4225.27,651.15,7669.65,5622.83,2270.69,3151.82,118.0,freelance_other,1.0,25,1000.0,FINNA Illustrative Benchmark Survey 2026 (Synthetic),2026,True
Goa,Panaji,Tier 2,4872.31,656.85,7404.08,5870.77,2353.0,2968.92,118.0,freelance_other,1.15,25,1625.22,FINNA Illustrative Benchmark Survey 2026 (Synthetic),2026,True
Goa,Panaji,Tier 2,5246.27,804.6,7631.78,5548.38,3233.61,2946.16,118.0,freelance_other,0.92,35,2181.67,FINNA Illustrative Benchmark Survey 2026 (Synthetic),2026,True
Goa,Panaji,Tier 2,5513.72,596.91,7818.54,5681.46,3106.22,3114.59,118.0,freelance_other,1.0,35,2699.84,FINNA Illustrative Benchmark Survey 2026 (Synthetic),2026,True
Goa,Panaji,Tier 2,6561.81,1006.48,7382.59,5834.25,3238.93,2967.96,118.0,freelance_other,1.15,35,5842.79,FINNA Illustrative Benchmark Survey 2026 (Synthetic),2026,True
Goa,Panaji,Tier 2,6278.48,866.19,7683.6,5796.61,3933.05,3277.53,118.0,freelance_other,0.92,45,4221.77,FINNA Illustrative Benchmark Survey 2026 (Synthetic),2026,True
Goa,Panaji,Tier 2,7073.62,1057.37,7422.26,5781.13,4029.09,3282.47,118.0,freelance_other,1.0,45,6573.99,FINNA Illustrative Benchmark Survey 2026 (Synthetic),2026,True
Goa,Panaji,Tier 2,7976.78,1046.35,7556.6,5462.64,3925.78,3264.53,118.0,freelance_other,1.15,45,9314.44,FINNA Illustrative Benchmark Survey 2026 (Synthetic),2026,True
Goa,Panaji,Tier 2,7640.19,1077.58,7715.79,5593.94,4618.55,3225.17,118.0,freelance_other,0.92,55,7753.57,FINNA Illustrative Benchmark Survey 2026 (Synthetic),2026,True
Goa,Panaji,Tier 2,8065.72,1259.99,7517.34,5778.84,4578.68,3044.62,118.0,freelance_other,1.0,55,9103.31,FINNA Illustrative Benchmark Survey 2026 (Synthetic),2026,True
Goa,Panaji,Tier 2,9301.57,1349.6,7204.82,5678.66,4666.58,3224.38,118.0,freelance_other,1.15,55,12675.88,FINNA Illustrative Benchmark Survey 2026 (Synthetic),2026,True
Goa,Panaji,Tier 2,8868.81,987.1,7125.45,5764.41,5445.83,2954.1,118.0,freelance_other,0.92,65,11122.9,FINNA Illustrative Benchmark Survey 2026 (Synthetic),2026,True
Goa,Panaji,Tier 2,9078.68,947.2,7837.58,5455.43,5402.98,3220.99,118.0,freelance_other,1.0,65,11305.91,FINNA Illustrative Benchmark Survey 2026 (Synthetic),2026,True
Goa,Panaji,Tier 2,10782.31,1140.72,7735.87,5333.16,5239.66,2959.04,118.0,freelance_other,1.15,65,16522.79,FINNA Illustrative Benchmark Survey 2026 (Synthetic),2026,True
Goa,Panaji,Tier 2,3757.43,550.7,7178.5,5461.92,3088.87,3070.95,118.0,mixed,0.92,25,1000.0,FINNA Illustrative Benchmark Survey 2026 (Synthetic),2026,True
Goa,Panaji,Tier 2,4141.75,514.32,7648.36,5488.12,2954.52,2991.54,118.0,mixed,1.0,25,1000.0,FINNA Illustrative Benchmark Survey 2026 (Synthetic),2026,True
Goa,Panaji,Tier 2,4790.38,648.53,7483.83,5664.29,2872.03,3096.78,118.0,mixed,1.15,25,1056.52,FINNA Illustrative Benchmark Survey 2026 (Synthetic),2026,True
Goa,Panaji,Tier 2,4888.61,582.61,7148.28,5712.35,4152.32,3056.76,118.0,mixed,0.92,35,1000.0,FINNA Illustrative Benchmark Survey 2026 (Synthetic),2026,True
Goa,Panaji,Tier 2,5537.85,586.35,7641.44,5667.33,3987.63,3275.35,118.0,mixed,1.0,35,2214.64,FINNA Illustrative Benchmark Survey 2026 (Synthetic),2026,True
Goa,Panaji,Tier 2,6343.78,644.78,7154.0,5592.97,4166.75,3090.65,118.0,mixed,1.15,35,4851.73,FINNA Illustrative Benchmark Survey 2026 (Synthetic),2026,True
Goa,Panaji,Tier 2,6263.12,657.49,7668.21,5720.74,5230.95,3083.14,118.0,mixed,0.92,45,3520.58,FINNA Illustrative Benchmark Survey 2026 (Synthetic),2026,True
Goa,Panaji,Tier 2,6919.17,792.13,7863.0,5339.23,4983.01,3203.1,118.0,mixed,1.0,45,5571.58,FINNA Illustrative Benchmark Survey 2026 (Synthetic),2026,True
Goa,Panaji,Tier 2,8022.94,906.54,7432.96,5325.76,4909.57,3234.93,118.0,mixed,1.15,45,8993.47,FINNA Illustrative Benchmark Survey 2026 (Synthetic),2026,True
Goa,Panaji,Tier 2,7522.91,1174.57,7458.32,5601.16,6043.72,3173.33,118.0,mixed,0.92,55,6693.49,FINNA Illustrative Benchmark Survey 2026 (Synthetic),2026,True
Goa,Panaji,Tier 2,7925.86,1232.46,7615.28,5347.28,6103.12,3173.74,118.0,mixed,1.0,55,7851.71,FINNA Illustrative Benchmark Survey 2026 (Synthetic),2026,True
Goa,Panaji,Tier 2,9190.46,1416.58,7345.04,5411.14,5959.88,3037.29,118.0,mixed,1.15,55,11726.87,FINNA Illustrative Benchmark Survey 2026 (Synthetic),2026,True
Goa,Panaji,Tier 2,8174.3,893.35,7753.03,5431.51,7037.25,2916.12,118.0,mixed,0.92,65,7966.93,FINNA Illustrative Benchmark Survey 2026 (Synthetic),2026,True
Goa,Panaji,Tier 2,9373.82,1391.15,7804.06,5752.58,6787.93,2981.96,118.0,mixed,1.0,65,11220.37,FINNA Illustrative Benchmark Survey 2026 (Synthetic),2026,True
Goa,Panaji,Tier 2,10412.28,1467.94,7759.15,5448.09,7013.82,3174.69,118.0,mixed,1.15,65,14098.12,FINNA Illustrative Benchmark Survey 2026 (Synthetic),2026,True
Himachal Pradesh,Shimla,Tier 2,3286.43,348.66,5879.92,5017.77,2819.32,2821.09,103.0,delivery,0.92,25,1000.0,FINNA Illustrative Benchmark Survey 2026 (Synthetic),2026,True
Himachal Pradesh,Shimla,Tier 2,3441.19,419.83,6221.34,4665.06,2727.54,2865.12,103.0,delivery,1.0,25,1000.0,FINNA Illustrative Benchmark Survey 2026 (Synthetic),2026,True
Himachal Pradesh,Shimla,Tier 2,4019.96,427.64,6083.93,4791.66,2734.53,2773.88,103.0,delivery,1.15,25,1000.0,FINNA Illustrative Benchmark Survey 2026 (Synthetic),2026,True
Himachal Pradesh,Shimla,Tier 2,4046.7,468.47,6373.68,4830.24,3655.7,2940.88,103.0,delivery,0.92,35,1000.0,FINNA Illustrative Benchmark Survey 2026 (Synthetic),2026,True
Himachal Pradesh,Shimla,Tier 2,4705.35,717.72,5868.82,4734.38,3705.54,2855.32,103.0,delivery,1.0,35,2086.57,FINNA Illustrative Benchmark Survey 2026 (Synthetic),2026,True
Himachal Pradesh,Shimla,Tier 2,5218.08,833.8,6022.72,4783.87,3557.09,2897.44,103.0,delivery,1.15,35,3466.56,FINNA Illustrative Benchmark Survey 2026 (Synthetic),2026,True
Himachal Pradesh,Shimla,Tier 2,5022.38,626.77,6136.4,4768.8,4489.67,2676.76,103.0,delivery,0.92,45,2388.93,FINNA Illustrative Benchmark Survey 2026 (Synthetic),2026,True
Himachal Pradesh,Shimla,Tier 2,5690.26,572.85,5831.6,5041.16,4476.87,2855.75,103.0,delivery,1.0,45,4181.74,FINNA Illustrative Benchmark Survey 2026 (Synthetic),2026,True
Himachal Pradesh,Shimla,Tier 2,6484.09,651.85,6332.03,4722.16,4775.5,2921.16,103.0,delivery,1.15,45,6061.42,FINNA Illustrative Benchmark Survey 2026 (Synthetic),2026,True
Himachal Pradesh,Shimla,Tier 2,6219.86,692.39,6084.6,4889.58,5356.96,2762.32,103.0,delivery,0.92,55,5095.05,FINNA Illustrative Benchmark Survey 2026 (Synthetic),2026,True
Himachal Pradesh,Shimla,Tier 2,6672.08,883.94,6285.36,4726.6,5369.32,2803.32,103.0,delivery,1.0,55,6308.58,FINNA Illustrative Benchmark Survey 2026 (Synthetic),2026,True
Himachal Pradesh,Shimla,Tier 2,7811.24,812.99,6108.16,5138.81,5563.78,2715.01,103.0,delivery,1.15,55,9292.99,FINNA Illustrative Benchmark Survey 2026 (Synthetic),2026,True
Himachal Pradesh,Shimla,Tier 2,7106.36,1068.7,6015.65,4765.42,6310.16,2652.05,103.0,delivery,0.92,65,7167.72,FINNA Illustrative Benchmark Survey 2026 (Synthetic),2026,True
Himachal Pradesh,Shimla,Tier 2,7529.55,1146.3,6271.19,4668.56,6520.73,2944.74,103.0,delivery,1.0,65,7928.53,FINNA Illustrative Benchmark Survey 2026 (Synthetic),2026,True
Himachal Pradesh,Shimla,Tier 2,8630.36,1177.06,6323.83,5021.82,6240.62,2838.6,103.0,delivery,1.15,65,11013.98,FINNA Illustrative Benchmark Survey 2026 (Synthetic),2026,True
Himachal Pradesh,Shimla,Tier 2,3646.25,559.06,6189.08,5025.16,3151.69,2833.26,103.0,ride_hailing,0.92,25,1000.0,FINNA Illustrative Benchmark Survey 2026 (Synthetic),2026,True
Himachal Pradesh,Shimla,Tier 2,3807.51,557.37,6058.97,4670.15,3128.12,2660.51,103.0,ride_hailing,1.0,25,1000.0,FINNA Illustrative Benchmark Survey 2026 (Synthetic),2026,True
Himachal Pradesh,Shimla,Tier 2,4593.87,499.51,6186.25,4836.07,3212.87,2788.07,103.0,ride_hailing,1.15,25,1864.33,FINNA Illustrative Benchmark Survey 2026 (Synthetic),2026,True
Himachal Pradesh,Shimla,Tier 2,4810.9,745.82,5980.13,4917.29,4325.97,2735.54,103.0,ride_hailing,0.92,35,1866.97,FINNA Illustrative Benchmark Survey 2026 (Synthetic),2026,True
Himachal Pradesh,Shimla,Tier 2,5287.09,690.95,6030.52,5081.87,4452.78,2865.6,103.0,ride_hailing,1.0,35,2900.51,FINNA Illustrative Benchmark Survey 2026 (Synthetic),2026,True
Himachal Pradesh,Shimla,Tier 2,6068.4,827.2,6198.22,4936.25,4375.88,2662.57,103.0,ride_hailing,1.15,35,5267.11,FINNA Illustrative Benchmark Survey 2026 (Synthetic),2026,True
Himachal Pradesh,Shimla,Tier 2,5765.47,695.0,6110.37,4964.37,5390.7,2722.12,103.0,ride_hailing,0.92,45,3755.0,FINNA Illustrative Benchmark Survey 2026 (Synthetic),2026,True
Himachal Pradesh,Shimla,Tier 2,6157.22,722.47,6108.25,4808.4,5678.56,2936.83,103.0,ride_hailing,1.0,45,4633.67,FINNA Illustrative Benchmark Survey 2026 (Synthetic),2026,True
Himachal Pradesh,Shimla,Tier 2,7250.89,876.71,5981.87,5059.61,5507.78,2770.28,103.0,ride_hailing,1.15,45,7849.93,FINNA Illustrative Benchmark Survey 2026 (Synthetic),2026,True
Himachal Pradesh,Shimla,Tier 2,6673.84,837.11,6197.06,5031.47,6794.53,2678.8,103.0,ride_hailing,0.92,55,5327.31,FINNA Illustrative Benchmark Survey 2026 (Synthetic),2026,True
Himachal Pradesh,Shimla,Tier 2,7553.48,889.05,6214.13,4832.13,6611.22,2739.9,103.0,ride_hailing,1.0,55,8000.97,FINNA Illustrative Benchmark Survey 2026 (Synthetic),2026,True
Himachal Pradesh,Shimla,Tier 2,8705.63,1174.43,5900.78,5010.05,6786.94,2846.57,103.0,ride_hailing,1.15,55,11148.17,FINNA Illustrative Benchmark Survey 2026 (Synthetic),2026,True
Himachal Pradesh,Shimla,Tier 2,7617.32,1122.77,6301.54,4744.71,7747.96,2798.98,103.0,ride_hailing,0.92,65,7403.37,FINNA Illustrative Benchmark Survey 2026 (Synthetic),2026,True
Himachal Pradesh,Shimla,Tier 2,8306.77,1072.08,5960.15,4933.41,7680.53,2681.17,103.0,ride_hailing,1.0,65,9563.49,FINNA Illustrative Benchmark Survey 2026 (Synthetic),2026,True
Himachal Pradesh,Shimla,Tier 2,9833.89,1132.39,6384.57,5053.43,7954.04,2633.1,103.0,ride_hailing,1.15,65,13361.14,FINNA Illustrative Benchmark Survey 2026 (Synthetic),2026,True
Himachal Pradesh,Shimla,Tier 2,3350.67,522.86,6360.96,4877.83,2290.1,2828.08,103.0,freelance_other,0.92,25,1000.0,FINNA Illustrative Benchmark Survey 2026 (Synthetic),2026,True
Himachal Pradesh,Shimla,Tier 2,3668.38,491.74,5916.51,4679.99,2190.82,2961.85,103.0,freelance_other,1.0,25,1000.0,FINNA Illustrative Benchmark Survey 2026 (Synthetic),2026,True
Himachal Pradesh,Shimla,Tier 2,4327.96,556.5,6031.0,4713.53,2147.35,2753.41,103.0,freelance_other,1.15,25,2011.6,FINNA Illustrative Benchmark Survey 2026 (Synthetic),2026,True
Himachal Pradesh,Shimla,Tier 2,4637.09,478.87,6311.78,4790.9,2994.49,2722.19,103.0,freelance_other,0.92,35,2118.51,FINNA Illustrative Benchmark Survey 2026 (Synthetic),2026,True
Himachal Pradesh,Shimla,Tier 2,5033.45,782.93,6213.9,4755.4,3076.3,2822.37,103.0,freelance_other,1.0,35,3202.46,FINNA Illustrative Benchmark Survey 2026 (Synthetic),2026,True
Himachal Pradesh,Shimla,Tier 2,5438.0,653.95,6175.86,4790.82,2966.17,2709.44,103.0,freelance_other,1.15,35,4487.76,FINNA Illustrative Benchmark Survey 2026 (Synthetic),2026,True
Himachal Pradesh,Shimla,Tier 2,5616.82,753.99,5957.71,4925.78,3841.96,2682.97,103.0,freelance_other,0.92,45,4493.07,FINNA Illustrative Benchmark Survey 2026 (Synthetic),2026,True
Himachal Pradesh,Shimla,Tier 2,6073.99,722.82,5929.12,5049.8,3837.28,2700.26,103.0,freelance_other,1.0,45,5709.55,FINNA Illustrative Benchmark Survey 2026 (Synthetic),2026,True
Himachal Pradesh,Shimla,Tier 2,7019.91,1104.01,5850.62,5017.82,3883.22,2722.63,103.0,freelance_other,1.15,45,8399.25,FINNA Illustrative Benchmark Survey 2026 (Synthetic),2026,True
Himachal Pradesh,Shimla,Tier 2,6552.17,692.83,6310.68,4763.28,4465.78,2687.66,103.0,freelance_other,0.92,55,6593.27,FINNA Illustrative Benchmark Survey 2026 (Synthetic),2026,True
Himachal Pradesh,Shimla,Tier 2,6943.56,786.15,5860.51,4772.0,4411.66,2826.76,103.0,freelance_other,1.0,55,7926.55,FINNA Illustrative Benchmark Survey 2026 (Synthetic),2026,True
Himachal Pradesh,Shimla,Tier 2,8264.63,1018.22,5925.17,4704.18,4330.47,2871.37,103.0,freelance_other,1.15,55,11670.53,FINNA Illustrative Benchmark Survey 2026 (Synthetic),2026,True
Himachal Pradesh,Shimla,Tier 2,7487.78,1080.86,6029.53,4956.38,5157.26,2813.86,103.0,freelance_other,0.92,65,8752.29,FINNA Illustrative Benchmark Survey 2026 (Synthetic),2026,True
Himachal Pradesh,Shimla,Tier 2,8027.16,1227.42,6094.83,5041.9,5217.15,2740.22,103.0,freelance_other,1.0,65,10181.28,FINNA Illustrative Benchmark Survey 2026 (Synthetic),2026,True
Himachal Pradesh,Shimla,Tier 2,9402.23,1287.53,6306.31,4952.21,5154.26,2868.36,103.0,freelance_other,1.15,65,13929.84,FINNA Illustrative Benchmark Survey 2026 (Synthetic),2026,True
Himachal Pradesh,Shimla,Tier 2,3399.79,482.55,6025.38,5041.15,2784.86,2737.58,103.0,mixed,0.92,25,1000.0,FINNA Illustrative Benchmark Survey 2026 (Synthetic),2026,True
Himachal Pradesh,Shimla,Tier 2,3637.98,418.1,5972.31,4768.14,2874.59,2789.82,103.0,mixed,1.0,25,1000.0,FINNA Illustrative Benchmark Survey 2026 (Synthetic),2026,True
Himachal Pradesh,Shimla,Tier 2,4055.25,633.09,5943.88,4996.81,2840.78,2900.83,103.0,mixed,1.15,25,1000.0,FINNA Illustrative Benchmark Survey 2026 (Synthetic),2026,True
Himachal Pradesh,Shimla,Tier 2,4404.58,531.68,6027.39,4895.57,3929.48,2937.49,103.0,mixed,0.92,35,1000.0,FINNA Illustrative Benchmark Survey 2026 (Synthetic),2026,True
Himachal Pradesh,Shimla,Tier 2,4671.89,538.65,5934.42,4834.63,4013.76,2792.79,103.0,mixed,1.0,35,1724.89,FINNA Illustrative Benchmark Survey 2026 (Synthetic),2026,True
Himachal Pradesh,Shimla,Tier 2,5407.81,817.76,6188.46,4948.56,3956.03,2916.22,103.0,mixed,1.15,35,3514.26,FINNA Illustrative Benchmark Survey 2026 (Synthetic),2026,True
Himachal Pradesh,Shimla,Tier 2,5670.46,691.08,6259.03,4699.09,5001.02,2663.04,103.0,mixed,0.92,45,3855.09,FINNA Illustrative Benchmark Survey 2026 (Synthetic),2026,True
Himachal Pradesh,Shimla,Tier 2,6028.75,620.98,5843.35,5111.68,4821.84,2730.5,103.0,mixed,1.0,45,4938.13,FINNA Illustrative Benchmark Survey 2026 (Synthetic),2026,True
Himachal Pradesh,Shimla,Tier 2,7022.18,819.56,6353.74,4767.25,4767.05,2806.89,103.0,mixed,1.15,45,7612.22,FINNA Illustrative Benchmark Survey 2026 (Synthetic),2026,True
Himachal Pradesh,Shimla,Tier 2,6299.79,664.86,5826.81,4975.76,5929.88,2952.49,103.0,mixed,0.92,55,4935.55,FINNA Illustrative Benchmark Survey 2026 (Synthetic),2026,True
Himachal Pradesh,Shimla,Tier 2,7244.89,800.97,6129.24,5116.59,5981.21,2711.38,103.0,mixed,1.0,55,7430.77,FINNA Illustrative Benchmark Survey 2026 (Synthetic),2026,True
Himachal Pradesh,Shimla,Tier 2,8245.5,921.21,6229.64,4688.02,5613.19,2906.61,103.0,mixed,1.15,55,10572.61,FINNA Illustrative Benchmark Survey 2026 (Synthetic),2026,True
Himachal Pradesh,Shimla,Tier 2,7193.3,772.91,6077.15,5027.82,6859.03,2683.31,103.0,mixed,0.92,65,6824.79,FINNA Illustrative Benchmark Survey 2026 (Synthetic),2026,True
Himachal Pradesh,Shimla,Tier 2,8302.51,952.62,5800.34,5074.15,6882.29,2804.45,103.0,mixed,1.0,65,10002.61,FINNA Illustrative Benchmark Survey 2026 (Synthetic),2026,True
Himachal Pradesh,Shimla,Tier 2,8874.97,1156.15,5829.68,4721.13,6495.21,2684.39,103.0,mixed,1.15,65,12153.84,FINNA Illustrative Benchmark Survey 2026 (Synthetic),2026,True
Jammu and Kashmir,Srinagar,Tier 2,2867.48,435.0,5477.17,4533.24,2552.44,2520.69,96.0,delivery,0.92,25,1000.0,FINNA Illustrative Benchmark Survey 2026 (Synthetic),2026,True
Jammu and Kashmir,Srinagar,Tier 2,3127.84,333.4,5166.55,4563.06,2651.23,2464.93,96.0,delivery,1.0,25,1000.0,FINNA Illustrative Benchmark Survey 2026 (Synthetic),2026,True
Jammu and Kashmir,Srinagar,Tier 2,3656.77,365.8,5279.21,4634.48,2635.23,2567.25,96.0,delivery,1.15,25,1000.0,FINNA Illustrative Benchmark Survey 2026 (Synthetic),2026,True
Jammu and Kashmir,Srinagar,Tier 2,3905.99,485.26,5313.28,4707.95,3642.03,2554.43,96.0,delivery,0.92,35,1000.0,FINNA Illustrative Benchmark Survey 2026 (Synthetic),2026,True
Jammu and Kashmir,Srinagar,Tier 2,4267.32,610.66,5432.15,4613.23,3523.9,2571.2,96.0,delivery,1.0,35,1519.06,FINNA Illustrative Benchmark Survey 2026 (Synthetic),2026,True
Jammu and Kashmir,Srinagar,Tier 2,4867.57,632.7,5461.56,4368.1,3545.37,2558.66,96.0,delivery,1.15,35,3342.88,FINNA Illustrative Benchmark Survey 2026 (Synthetic),2026,True
Jammu and Kashmir,Srinagar,Tier 2,4706.86,641.37,5253.58,4444.17,4365.41,2542.14,96.0,delivery,0.92,45,2454.01,FINNA Illustrative Benchmark Survey 2026 (Synthetic),2026,True
Jammu and Kashmir,Srinagar,Tier 2,5074.66,512.35,5265.83,4562.3,4285.52,2713.94,96.0,delivery,1.0,45,3344.7,FINNA Illustrative Benchmark Survey 2026 (Synthetic),2026,True
Jammu and Kashmir,Srinagar,Tier 2,6118.99,886.97,5379.01,4410.89,4319.86,2449.11,96.0,delivery,1.15,45,6458.63,FINNA Illustrative Benchmark Survey 2026 (Synthetic),2026,True
Jammu and Kashmir,Srinagar,Tier 2,5516.54,696.97,5292.99,4484.86,5268.21,2719.3,96.0,delivery,0.92,55,3978.82,FINNA Illustrative Benchmark Survey 2026 (Synthetic),2026,True
Jammu and Kashmir,Srinagar,Tier 2,6112.09,763.69,5062.21,4701.48,5450.72,2731.9,96.0,delivery,1.0,55,5537.38,FINNA Illustrative Benchmark Survey 2026 (Synthetic),2026,True
Jammu and Kashmir,Srinagar,Tier 2,6934.22,715.52,5281.5,4448.95,5347.76,2579.22,96.0,delivery,1.15,55,8039.03,FINNA Illustrative Benchmark Survey 2026 (Synthetic),2026,True
Jammu and Kashmir,Srinagar,Tier 2,6518.47,790.6,5306.66,4489.7,6353.18,2715.01,96.0,delivery,0.92,65,6084.28,FINNA Illustrative Benchmark Survey 2026 (Synthetic),2026,True
Jammu and Kashmir,Srinagar,Tier 2,7018.49,850.28,5137.54,4689.89,5975.93,2753.54,96.0,delivery,1.0,65,7691.56,FINNA Illustrative Benchmark Survey 2026 (Synthetic),2026,True
Jammu and Kashmir,Srinagar,Tier 2,7855.56,1120.72,5177.89,4286.11,6001.84,2606.58,96.0,delivery,1.15,65,10362.4,FINNA Illustrative Benchmark Survey 2026 (Synthetic),2026,True
Jammu and Kashmir,Srinagar,Tier 2,3182.95,395.34,5458.21,4482.13,3123.38,2532.9,96.0,ride_hailing,0.92,25,1000.0,FINNA Illustrative Benchmark Survey 2026 (Synthetic),2026,True
Jammu and Kashmir,Srinagar,Tier 2,3467.43,454.3,5100.35,4472.28,3090.15,2682.26,96.0,ride_hailing,1.0,25,1000.0,FINNA Illustrative Benchmark Survey 2026 (Synthetic),2026,True
Jammu and Kashmir,Srinagar,Tier 2,3982.66,584.49,5421.19,4529.86,2986.16,2746.06,96.0,ride_hailing,1.15,25,1015.07,FINNA Illustrative Benchmark Survey 2026 (Synthetic),2026,True
Jammu and Kashmir,Srinagar,Tier 2,4511.26,553.42,5385.13,4472.94,4261.8,2527.34,96.0,ride_hailing,0.92,35,1876.25,FINNA Illustrative Benchmark Survey 2026 (Synthetic),2026,True
Jammu and Kashmir,Srinagar,Tier 2,4603.74,713.12,5084.39,4447.75,4151.88,2457.07,96.0,ride_hailing,1.0,35,2465.52,FINNA Illustrative Benchmark Survey 2026 (Synthetic),2026,True
Jammu and Kashmir,Srinagar,Tier 2,5364.37,843.35,5138.08,4531.18,4159.65,2701.69,96.0,ride_hailing,1.15,35,4353.13,FINNA Illustrative Benchmark Survey 2026 (Synthetic),2026,True
Jammu and Kashmir,Srinagar,Tier 2,5208.76,691.84,5170.23,4687.23,5040.24,2464.66,96.0,ride_hailing,0.92,45,3374.52,FINNA Illustrative Benchmark Survey 2026 (Synthetic),2026,True
Jammu and Kashmir,Srinagar,Tier 2,5991.19,694.56,5290.81,4304.74,5236.69,2750.13,96.0,ride_hailing,1.0,45,5433.66,FINNA Illustrative Benchmark Survey 2026 (Synthetic),2026,True
Jammu and Kashmir,Srinagar,Tier 2,6925.22,897.57,5077.38,4481.82,5417.75,2636.44,96.0,ride_hailing,1.15,45,8042.33,FINNA Illustrative Benchmark Survey 2026 (Synthetic),2026,True
Jammu and Kashmir,Srinagar,Tier 2,6558.72,990.6,5541.5,4391.14,6318.65,2721.42,96.0,ride_hailing,0.92,55,6127.26,FINNA Illustrative Benchmark Survey 2026 (Synthetic),2026,True
Jammu and Kashmir,Srinagar,Tier 2,7038.37,843.45,5387.42,4512.02,6373.59,2704.63,96.0,ride_hailing,1.0,55,7474.01,FINNA Illustrative Benchmark Survey 2026 (Synthetic),2026,True
Jammu and Kashmir,Srinagar,Tier 2,7952.26,1120.92,5462.28,4625.23,6161.04,2698.26,96.0,ride_hailing,1.15,55,10066.21,FINNA Illustrative Benchmark Survey 2026 (Synthetic),2026,True
Jammu and Kashmir,Srinagar,Tier 2,7205.44,838.22,5533.17,4410.26,7585.99,2753.29,96.0,ride_hailing,0.92,65,7095.95,FINNA Illustrative Benchmark Survey 2026 (Synthetic),2026,True
Jammu and Kashmir,Srinagar,Tier 2,7591.01,1028.59,5459.89,4390.94,7499.04,2617.16,96.0,ride_hailing,1.0,65,8386.33,FINNA Illustrative Benchmark Survey 2026 (Synthetic),2026,True
Jammu and Kashmir,Srinagar,Tier 2,9304.24,1052.66,5541.77,4483.96,7106.78,2474.76,96.0,ride_hailing,1.15,65,13442.06,FINNA Illustrative Benchmark Survey 2026 (Synthetic),2026,True
Jammu and Kashmir,Srinagar,Tier 2,3201.51,389.88,5428.54,4463.68,2075.0,2469.31,96.0,freelance_other,0.92,25,1000.0,FINNA Illustrative Benchmark Survey 2026 (Synthetic),2026,True
Jammu and Kashmir,Srinagar,Tier 2,3374.54,434.88,5527.06,4304.84,2072.1,2721.46,96.0,freelance_other,1.0,25,1000.0,FINNA Illustrative Benchmark Survey 2026 (Synthetic),2026,True
Jammu and Kashmir,Srinagar,Tier 2,3967.88,590.83,5116.64,4487.93,2024.42,2736.53,96.0,freelance_other,1.15,25,1830.01,FINNA Illustrative Benchmark Survey 2026 (Synthetic),2026,True
Jammu and Kashmir,Srinagar,Tier 2,4076.11,465.25,5500.93,4496.34,2951.72,2627.59,96.0,freelance_other,0.92,35,1347.43,FINNA Illustrative Benchmark Survey 2026 (Synthetic),2026,True
Jammu and Kashmir,Srinagar,Tier 2,4535.51,684.71,5186.83,4549.76,2771.0,2493.67,96.0,freelance_other,1.0,35,3014.37,FINNA Illustrative Benchmark Survey 2026 (Synthetic),2026,True
Jammu and Kashmir,Srinagar,Tier 2,5182.97,635.49,5078.93,4311.94,2914.8,2446.65,96.0,freelance_other,1.15,35,4998.46,FINNA Illustrative Benchmark Survey 2026 (Synthetic),2026,True
Jammu and Kashmir,Srinagar,Tier 2,5183.41,671.56,5083.93,4711.53,3657.99,2646.17,96.0,freelance_other,0.92,45,4123.95,FINNA Illustrative Benchmark Survey 2026 (Synthetic),2026,True
Jammu and Kashmir,Srinagar,Tier 2,5836.97,584.43,5129.11,4335.07,3708.15,2558.43,96.0,freelance_other,1.0,45,6203.16,FINNA Illustrative Benchmark Survey 2026 (Synthetic),2026,True
Jammu and Kashmir,Srinagar,Tier 2,6554.33,980.56,5224.34,4532.4,3438.75,2722.58,96.0,freelance_other,1.15,45,8100.42,FINNA Illustrative Benchmark Survey 2026 (Synthetic),2026,True
Jammu and Kashmir,Srinagar,Tier 2,6008.09,614.85,5343.92,4719.68,4315.77,2700.29,96.0,freelance_other,0.92,55,5807.99,FINNA Illustrative Benchmark Survey 2026 (Synthetic),2026,True
Jammu and Kashmir,Srinagar,Tier 2,6457.49,711.59,5242.16,4722.07,4142.37,2629.13,96.0,freelance_other,1.0,55,7296.38,FINNA Illustrative Benchmark Survey 2026 (Synthetic),2026,True
Jammu and Kashmir,Srinagar,Tier 2,7683.88,1010.93,5475.86,4403.0,4127.8,2633.12,96.0,freelance_other,1.15,55,10810.42,FINNA Illustrative Benchmark Survey 2026 (Synthetic),2026,True
Jammu and Kashmir,Srinagar,Tier 2,6850.93,949.59,5405.97,4318.25,5012.83,2658.98,96.0,freelance_other,0.92,65,7974.52,FINNA Illustrative Benchmark Survey 2026 (Synthetic),2026,True
Jammu and Kashmir,Srinagar,Tier 2,7308.21,1104.49,5387.45,4587.71,5093.86,2555.93,96.0,freelance_other,1.0,65,9112.74,FINNA Illustrative Benchmark Survey 2026 (Synthetic),2026,True
Jammu and Kashmir,Srinagar,Tier 2,8737.51,1027.7,5409.0,4455.49,5092.55,2517.36,96.0,freelance_other,1.15,65,13233.36,FINNA Illustrative Benchmark Survey 2026 (Synthetic),2026,True
Jammu and Kashmir,Srinagar,Tier 2,3253.06,385.68,5208.1,4383.31,2645.56,2492.43,96.0,mixed,0.92,25,1000.0,FINNA Illustrative Benchmark Survey 2026 (Synthetic),2026,True
Jammu and Kashmir,Srinagar,Tier 2,3289.45,444.93,5097.39,4323.45,2710.93,2490.59,96.0,mixed,1.0,25,1000.0,FINNA Illustrative Benchmark Survey 2026 (Synthetic),2026,True
Jammu and Kashmir,Srinagar,Tier 2,3780.98,552.86,5399.49,4535.67,2769.67,2579.82,96.0,mixed,1.15,25,1000.0,FINNA Illustrative Benchmark Survey 2026 (Synthetic),2026,True
Jammu and Kashmir,Srinagar,Tier 2,4002.07,554.92,5534.57,4523.45,3710.63,2736.48,96.0,mixed,0.92,35,1000.0,FINNA Illustrative Benchmark Survey 2026 (Synthetic),2026,True
Jammu and Kashmir,Srinagar,Tier 2,4381.35,562.54,5052.93,4345.44,3593.84,2464.61,96.0,mixed,1.0,35,2284.38,FINNA Illustrative Benchmark Survey 2026 (Synthetic),2026,True
Jammu and Kashmir,Srinagar,Tier 2,4964.94,750.62,5168.66,4358.95,3684.08,2649.4,96.0,mixed,1.15,35,3664.12,FINNA Illustrative Benchmark Survey 2026 (Synthetic),2026,True
Jammu and Kashmir,Srinagar,Tier 2,5029.45,716.94,5206.5,4334.81,4556.03,2745.61,96.0,mixed,0.92,45,3207.47,FINNA Illustrative Benchmark Survey 2026 (Synthetic),2026,True
Jammu and Kashmir,Srinagar,Tier 2,5477.76,651.24,5520.21,4529.96,4693.87,2446.32,96.0,mixed,1.0,45,4243.42,FINNA Illustrative Benchmark Survey 2026 (Synthetic),2026,True
Jammu and Kashmir,Srinagar,Tier 2,6482.42,1019.41,5255.37,4494.1,4800.5,2490.23,96.0,mixed,1.15,45,7168.64,FINNA Illustrative Benchmark Survey 2026 (Synthetic),2026,True
Jammu and Kashmir,Srinagar,Tier 2,6161.81,704.92,5355.08,4705.68,5714.82,2668.88,96.0,mixed,0.92,55,5353.52,FINNA Illustrative Benchmark Survey 2026 (Synthetic),2026,True
Jammu and Kashmir,Srinagar,Tier 2,6455.2,944.08,5369.72,4595.11,5667.4,2560.38,96.0,mixed,1.0,55,6342.96,FINNA Illustrative Benchmark Survey 2026 (Synthetic),2026,True
Jammu and Kashmir,Srinagar,Tier 2,7175.31,925.38,5471.89,4500.48,5406.55,2547.75,96.0,mixed,1.15,55,8542.57,FINNA Illustrative Benchmark Survey 2026 (Synthetic),2026,True
Jammu and Kashmir,Srinagar,Tier 2,6942.72,1001.09,5302.64,4513.89,6632.87,2754.01,96.0,mixed,0.92,65,7058.07,FINNA Illustrative Benchmark Survey 2026 (Synthetic),2026,True
Jammu and Kashmir,Srinagar,Tier 2,7518.89,1028.08,5265.52,4702.42,6586.92,2585.95,96.0,mixed,1.0,65,8720.39,FINNA Illustrative Benchmark Survey 2026 (Synthetic),2026,True
Jammu and Kashmir,Srinagar,Tier 2,8719.84,1158.23,5320.56,4615.1,6198.01,2547.77,96.0,mixed,1.15,65,12399.05,FINNA Illustrative Benchmark Survey 2026 (Synthetic),2026,True
Jammu and Kashmir,Jammu,Tier 2,2876.09,395.81,5248.84,4388.79,2613.21,2733.86,94.0,delivery,0.92,25,1000.0,FINNA Illustrative Benchmark Survey 2026 (Synthetic),2026,True
Jammu and Kashmir,Jammu,Tier 2,3253.88,444.24,4962.78,4318.68,2554.9,2584.17,94.0,delivery,1.0,25,1000.0,FINNA Illustrative Benchmark Survey 2026 (Synthetic),2026,True
Jammu and Kashmir,Jammu,Tier 2,3564.1,495.85,4864.74,4280.97,2618.51,2523.29,94.0,delivery,1.15,25,1000.0,FINNA Illustrative Benchmark Survey 2026 (Synthetic),2026,True
Jammu and Kashmir,Jammu,Tier 2,3746.54,493.96,4865.68,4598.88,3419.61,2567.86,94.0,delivery,0.92,35,1000.0,FINNA Illustrative Benchmark Survey 2026 (Synthetic),2026,True
Jammu and Kashmir,Jammu,Tier 2,4126.99,650.08,5254.22,4300.4,3519.92,2614.52,94.0,delivery,1.0,35,1417.52,FINNA Illustrative Benchmark Survey 2026 (Synthetic),2026,True
Jammu and Kashmir,Jammu,Tier 2,4740.97,616.82,5330.82,4529.64,3472.01,2539.54,94.0,delivery,1.15,35,3026.65,FINNA Illustrative Benchmark Survey 2026 (Synthetic),2026,True
Jammu and Kashmir,Jammu,Tier 2,4729.63,487.49,5349.32,4273.9,4360.55,2533.72,94.0,delivery,0.92,45,2575.18,FINNA Illustrative Benchmark Survey 2026 (Synthetic),2026,True
Jammu and Kashmir,Jammu,Tier 2,4943.28,563.98,5349.53,4426.73,4245.97,2614.06,94.0,delivery,1.0,45,3099.27,FINNA Illustrative Benchmark Survey 2026 (Synthetic),2026,True
Jammu and Kashmir,Jammu,Tier 2,5724.36,807.74,4885.64,4464.61,4458.8,2450.46,94.0,delivery,1.15,45,5542.53,FINNA Illustrative Benchmark Survey 2026 (Synthetic),2026,True
Jammu and Kashmir,Jammu,Tier 2,5367.44,778.09,4976.68,4469.28,5228.02,2573.66,94.0,delivery,0.92,55,3895.69,FINNA Illustrative Benchmark Survey 2026 (Synthetic),2026,True
Jammu and Kashmir,Jammu,Tier 2,6207.45,696.76,4928.59,4222.95,5335.26,2540.56,94.0,delivery,1.0,55,6403.08,FINNA Illustrative Benchmark Survey 2026 (Synthetic),2026,True
Jammu and Kashmir,Jammu,Tier 2,6937.44,922.13,4879.98,4612.44,5311.11,2710.15,94.0,delivery,1.15,55,8141.53,FINNA Illustrative Benchmark Survey 2026 (Synthetic),2026,True
Jammu and Kashmir,Jammu,Tier 2,6091.22,696.67,5242.12,4529.55,6206.9,2745.12,94.0,delivery,0.92,65,4973.34,FINNA Illustrative Benchmark Survey 2026 (Synthetic),2026,True
Jammu and Kashmir,Jammu,Tier 2,6681.59,849.08,4906.93,4517.04,6127.86,2589.17,94.0,delivery,1.0,65,7013.69,FINNA Illustrative Benchmark Survey 2026 (Synthetic),2026,True
Jammu and Kashmir,Jammu,Tier 2,7689.36,1077.12,4986.93,4216.64,6132.4,2554.21,94.0,delivery,1.15,65,10013.09,FINNA Illustrative Benchmark Survey 2026 (Synthetic),2026,True
Jammu and Kashmir,Jammu,Tier 2,3216.17,358.15,5326.92,4499.14,3118.86,2637.55,94.0,ride_hailing,0.92,25,1000.0,FINNA Illustrative Benchmark Survey 2026 (Synthetic),2026,True
Jammu and Kashmir,Jammu,Tier 2,3659.95,534.31,5350.98,4251.41,2981.45,2606.89,94.0,ride_hailing,1.0,25,1000.0,FINNA Illustrative Benchmark Survey 2026 (Synthetic),2026,True
Jammu and Kashmir,Jammu,Tier 2,4118.11,459.79,5350.47,4513.22,2983.69,2550.14,94.0,ride_hailing,1.15,25,1582.03,FINNA Illustrative Benchmark Survey 2026 (Synthetic),2026,True
Jammu and Kashmir,Jammu,Tier 2,4238.51,616.3,4897.82,4405.46,4189.52,2510.26,94.0,ride_hailing,0.92,35,1527.3,FINNA Illustrative Benchmark Survey 2026 (Synthetic),2026,True
Jammu and Kashmir,Jammu,Tier 2,4533.03,626.69,5239.47,4509.0,3945.93,2753.82,94.0,ride_hailing,1.0,35,2066.87,FINNA Illustrative Benchmark Survey 2026 (Synthetic),2026,True
Jammu and Kashmir,Jammu,Tier 2,5228.64,728.99,5310.57,4397.53,4176.12,2564.83,94.0,ride_hailing,1.15,35,4024.12,FINNA Illustrative Benchmark Survey 2026 (Synthetic),2026,True
Jammu and Kashmir,Jammu,Tier 2,5314.96,594.99,4866.4,4379.28,4921.53,2554.89,94.0,ride_hailing,0.92,45,4089.59,FINNA Illustrative Benchmark Survey 2026 (Synthetic),2026,True
Jammu and Kashmir,Jammu,Tier 2,5934.84,926.04,5175.85,4362.83,5263.38,2746.51,94.0,ride_hailing,1.0,45,5297.04,FINNA Illustrative Benchmark Survey 2026 (Synthetic),2026,True
Jammu and Kashmir,Jammu,Tier 2,6759.04,710.47,5274.94,4441.65,5150.18,2480.35,94.0,ride_hailing,1.15,45,7747.69,FINNA Illustrative Benchmark Survey 2026 (Synthetic),2026,True
Jammu and Kashmir,Jammu,Tier 2,6014.46,779.84,5353.03,4499.4,6061.2,2638.98,94.0,ride_hailing,0.92,55,4868.5,FINNA Illustrative Benchmark Survey 2026 (Synthetic),2026,True
Jammu and Kashmir,Jammu,Tier 2,6481.81,973.01,5006.7,4317.31,6297.68,2535.56,94.0,ride_hailing,1.0,55,6440.84,FINNA Illustrative Benchmark Survey 2026 (Synthetic),2026,True
Jammu and Kashmir,Jammu,Tier 2,7965.9,822.84,4998.1,4604.19,5961.11,2524.58,94.0,ride_hailing,1.15,55,10662.84,FINNA Illustrative Benchmark Survey 2026 (Synthetic),2026,True
Jammu and Kashmir,Jammu,Tier 2,7036.01,768.21,5018.37,4361.29,6892.55,2609.66,94.0,ride_hailing,0.92,65,7529.63,FINNA Illustrative Benchmark Survey 2026 (Synthetic),2026,True
Jammu and Kashmir,Jammu,Tier 2,7459.75,884.0,4997.91,4190.0,7410.22,2546.26,94.0,ride_hailing,1.0,65,8551.61,FINNA Illustrative Benchmark Survey 2026 (Synthetic),2026,True
Jammu and Kashmir,Jammu,Tier 2,9031.04,1374.26,5320.02,4445.28,7336.19,2557.11,94.0,ride_hailing,1.15,65,12639.77,FINNA Illustrative Benchmark Survey 2026 (Synthetic),2026,True
Jammu and Kashmir,Jammu,Tier 2,3028.03,350.8,5015.23,4570.9,2001.19,2510.24,94.0,freelance_other,0.92,25,1000.0,FINNA Illustrative Benchmark Survey 2026 (Synthetic),2026,True
Jammu and Kashmir,Jammu,Tier 2,3483.24,396.71,4986.02,4550.25,2061.57,2612.89,94.0,freelance_other,1.0,25,1000.0,FINNA Illustrative Benchmark Survey 2026 (Synthetic),2026,True
Jammu and Kashmir,Jammu,Tier 2,4024.15,598.37,5124.96,4434.04,2084.61,2536.73,94.0,freelance_other,1.15,25,2108.75,FINNA Illustrative Benchmark Survey 2026 (Synthetic),2026,True
Jammu and Kashmir,Jammu,Tier 2,4140.94,488.02,5301.62,4511.01,2677.42,2730.68,94.0,freelance_other,0.92,35,1761.2,FINNA Illustrative Benchmark Survey 2026 (Synthetic),2026,True
Jammu and Kashmir,Jammu,Tier 2,4453.62,621.16,4982.21,4202.9,2683.64,2740.08,94.0,freelance_other,1.0,35,3038.97,FINNA Illustrative Benchmark Survey 2026 (Synthetic),2026,True
Jammu and Kashmir,Jammu,Tier 2,5190.99,552.37,5088.26,4386.46,2748.66,2613.09,94.0,freelance_other,1.15,35,4966.34,FINNA Illustrative Benchmark Survey 2026 (Synthetic),2026,True
Jammu and Kashmir,Jammu,Tier 2,4971.8,673.44,5131.21,4529.41,3368.46,2496.53,94.0,freelance_other,0.92,45,3901.48,FINNA Illustrative Benchmark Survey 2026 (Synthetic),2026,True
Jammu and Kashmir,Jammu,Tier 2,5573.43,747.62,5287.01,4457.57,3350.3,2512.15,94.0,freelance_other,1.0,45,5541.85,FINNA Illustrative Benchmark Survey 2026 (Synthetic),2026,True
Jammu and Kashmir,Jammu,Tier 2,6439.68,709.41,5333.22,4560.08,3487.7,2752.77,94.0,freelance_other,1.15,45,7637.53,FINNA Illustrative Benchmark Survey 2026 (Synthetic),2026,True
Jammu and Kashmir,Jammu,Tier 2,5737.3,753.76,4984.39,4529.65,4267.09,2502.52,94.0,freelance_other,0.92,55,5563.26,FINNA Illustrative Benchmark Survey 2026 (Synthetic),2026,True
Jammu and Kashmir,Jammu,Tier 2,6517.88,675.01,4952.61,4473.43,4072.11,2608.67,94.0,freelance_other,1.0,55,7875.14,FINNA Illustrative Benchmark Survey 2026 (Synthetic),2026,True
Jammu and Kashmir,Jammu,Tier 2,7374.12,916.39,5146.29,4580.73,4103.9,2521.7,94.0,freelance_other,1.15,55,10125.26,FINNA Illustrative Benchmark Survey 2026 (Synthetic),2026,True
Jammu and Kashmir,Jammu,Tier 2,7045.91,757.29,5059.31,4465.27,4851.24,2749.08,94.0,freelance_other,0.92,65,8699.53,FINNA Illustrative Benchmark Survey 2026 (Synthetic),2026,True
Jammu and Kashmir,Jammu,Tier 2,7390.17,823.78,4974.0,4236.4,4729.62,2643.94,94.0,freelance_other,1.0,65,10020.06,FINNA Illustrative Benchmark Survey 2026 (Synthetic),2026,True
Jammu and Kashmir,Jammu,Tier 2,8303.06,1164.6,4912.55,4197.69,5045.51,2676.4,94.0,freelance_other,1.15,65,12428.06,FINNA Illustrative Benchmark Survey 2026 (Synthetic),2026,True
Jammu and Kashmir,Jammu,Tier 2,3128.25,441.22,4912.81,4275.98,2754.9,2623.27,94.0,mixed,0.92,25,1000.0,FINNA Illustrative Benchmark Survey 2026 (Synthetic),2026,True
Jammu and Kashmir,Jammu,Tier 2,3379.07,483.32,5268.29,4186.05,2573.69,2508.38,94.0,mixed,1.0,25,1000.0,FINNA Illustrative Benchmark Survey 2026 (Synthetic),2026,True
Jammu and Kashmir,Jammu,Tier 2,3730.06,535.11,5245.65,4562.27,2620.07,2572.27,94.0,mixed,1.15,25,1000.0,FINNA Illustrative Benchmark Survey 2026 (Synthetic),2026,True
Jammu and Kashmir,Jammu,Tier 2,4098.95,577.21,5071.14,4268.68,3635.91,2508.52,94.0,mixed,0.92,35,1471.73,FINNA Illustrative Benchmark Survey 2026 (Synthetic),2026,True
Jammu and Kashmir,Jammu,Tier 2,4347.57,661.69,5282.64,4471.41,3594.15,2740.13,94.0,mixed,1.0,35,1778.82,FINNA Illustrative Benchmark Survey 2026 (Synthetic),2026,True
Jammu and Kashmir,Jammu,Tier 2,5033.81,579.53,5065.98,4249.79,3678.03,2704.11,94.0,mixed,1.15,35,3964.02,FINNA Illustrative Benchmark Survey 2026 (Synthetic),2026,True
Jammu and Kashmir,Jammu,Tier 2,5072.32,666.79,4948.96,4228.58,4433.23,2532.44,94.0,mixed,0.92,45,3782.96,FINNA Illustrative Benchmark Survey 2026 (Synthetic),2026,True
Jammu and Kashmir,Jammu,Tier 2,5266.33,769.64,5086.35,4515.56,4353.16,2585.78,94.0,mixed,1.0,45,4070.53,FINNA Illustrative Benchmark Survey 2026 (Synthetic),2026,True
Jammu and Kashmir,Jammu,Tier 2,6119.02,694.26,4947.47,4560.09,4632.48,2744.61,94.0,mixed,1.15,45,6246.96,FINNA Illustrative Benchmark Survey 2026 (Synthetic),2026,True
Jammu and Kashmir,Jammu,Tier 2,5755.05,741.37,5068.45,4238.73,5524.17,2645.31,94.0,mixed,0.92,55,4837.76,FINNA Illustrative Benchmark Survey 2026 (Synthetic),2026,True
Jammu and Kashmir,Jammu,Tier 2,6314.09,1005.14,5126.39,4462.43,5249.14,2527.51,94.0,mixed,1.0,55,6483.45,FINNA Illustrative Benchmark Survey 2026 (Synthetic),2026,True
Jammu and Kashmir,Jammu,Tier 2,7253.14,836.2,4895.41,4559.28,5409.83,2540.79,94.0,mixed,1.15,55,9100.51,FINNA Illustrative Benchmark Survey 2026 (Synthetic),2026,True
Jammu and Kashmir,Jammu,Tier 2,6672.07,692.41,5333.15,4227.13,6479.56,2522.65,94.0,mixed,0.92,65,6712.92,FINNA Illustrative Benchmark Survey 2026 (Synthetic),2026,True
Jammu and Kashmir,Jammu,Tier 2,7159.03,1127.27,5320.0,4556.57,6316.62,2732.42,94.0,mixed,1.0,65,7847.44,FINNA Illustrative Benchmark Survey 2026 (Synthetic),2026,True
Jammu and Kashmir,Jammu,Tier 2,8688.45,1195.98,5343.5,4181.48,6509.63,2546.14,94.0,mixed,1.15,65,12376.16,FINNA Illustrative Benchmark Survey 2026 (Synthetic),2026,True
Puducherry,Puducherry,Tier 2,3287.6,438.01,5940.09,4465.69,2474.25,2573.14,101.0,delivery,0.92,25,1000.0,FINNA Illustrative Benchmark Survey 2026 (Synthetic),2026,True
Puducherry,Puducherry,Tier 2,3465.53,505.45,5753.19,4843.16,2553.95,2741.75,101.0,delivery,1.0,25,1000.0,FINNA Illustrative Benchmark Survey 2026 (Synthetic),2026,True
Puducherry,Puducherry,Tier 2,4103.08,646.81,5938.48,4632.74,2512.09,2740.38,101.0,delivery,1.15,25,1262.72,FINNA Illustrative Benchmark Survey 2026 (Synthetic),2026,True
Puducherry,Puducherry,Tier 2,4400.64,525.8,6111.1,4632.73,3504.67,2710.53,101.0,delivery,0.92,35,1362.23,FINNA Illustrative Benchmark Survey 2026 (Synthetic),2026,True
Puducherry,Puducherry,Tier 2,4635.95,583.43,5936.84,4789.17,3324.55,2828.28,101.0,delivery,1.0,35,2076.64,FINNA Illustrative Benchmark Survey 2026 (Synthetic),2026,True
Puducherry,Puducherry,Tier 2,5219.6,793.34,5725.93,4658.81,3569.78,2561.52,101.0,delivery,1.15,35,3955.14,FINNA Illustrative Benchmark Survey 2026 (Synthetic),2026,True
Puducherry,Puducherry,Tier 2,5319.92,843.5,5865.36,4528.79,4386.98,2608.78,101.0,delivery,0.92,45,3669.47,FINNA Illustrative Benchmark Survey 2026 (Synthetic),2026,True
Puducherry,Puducherry,Tier 2,5516.17,636.5,6146.74,4657.29,4474.21,2746.34,101.0,delivery,1.0,45,3809.28,FINNA Illustrative Benchmark Survey 2026 (Synthetic),2026,True
Puducherry,Puducherry,Tier 2,6759.41,1038.15,5660.15,4899.08,4343.49,2568.3,101.0,delivery,1.15,45,7668.2,FINNA Illustrative Benchmark Survey 2026 (Synthetic),2026,True
Puducherry,Puducherry,Tier 2,6058.47,823.34,6045.39,4905.99,5050.36,2692.23,101.0,delivery,0.92,55,4900.48,FINNA Illustrative Benchmark Survey 2026 (Synthetic),2026,True
Puducherry,Puducherry,Tier 2,6599.68,726.11,6051.82,4807.47,5332.98,2696.61,101.0,delivery,1.0,55,6297.03,FINNA Illustrative Benchmark Survey 2026 (Synthetic),2026,True
Puducherry,Puducherry,Tier 2,8031.75,1186.64,6128.61,4512.04,5158.66,2612.3,101.0,delivery,1.15,55,10637.81,FINNA Illustrative Benchmark Survey 2026 (Synthetic),2026,True
Puducherry,Puducherry,Tier 2,7132.45,713.28,6015.86,4904.29,6115.29,2718.24,101.0,delivery,0.92,65,7234.39,FINNA Illustrative Benchmark Survey 2026 (Synthetic),2026,True
Puducherry,Puducherry,Tier 2,7499.05,1082.37,6183.62,4733.7,6074.04,2600.38,101.0,delivery,1.0,65,8371.45,FINNA Illustrative Benchmark Survey 2026 (Synthetic),2026,True
Puducherry,Puducherry,Tier 2,9090.42,1036.79,5631.67,4549.31,6150.75,2602.04,101.0,delivery,1.15,65,13278.04,FINNA Illustrative Benchmark Survey 2026 (Synthetic),2026,True
Puducherry,Puducherry,Tier 2,3567.6,369.88,5870.19,4755.76,2906.42,2773.14,101.0,ride_hailing,0.92,25,1000.0,FINNA Illustrative Benchmark Survey 2026 (Synthetic),2026,True
Puducherry,Puducherry,Tier 2,4013.15,489.6,6051.39,4822.71,3100.46,2677.91,101.0,ride_hailing,1.0,25,1000.0,FINNA Illustrative Benchmark Survey 2026 (Synthetic),2026,True
Puducherry,Puducherry,Tier 2,4602.01,690.38,5698.85,4642.7,2940.21,2549.38,101.0,ride_hailing,1.15,25,2662.12,FINNA Illustrative Benchmark Survey 2026 (Synthetic),2026,True
Puducherry,Puducherry,Tier 2,4655.27,700.96,5853.01,4504.87,3975.57,2561.72,101.0,ride_hailing,0.92,35,2120.4,FINNA Illustrative Benchmark Survey 2026 (Synthetic),2026,True
Puducherry,Puducherry,Tier 2,5159.8,650.53,6017.82,4543.11,4157.44,2769.25,101.0,ride_hailing,1.0,35,3155.3,FINNA Illustrative Benchmark Survey 2026 (Synthetic),2026,True
Puducherry,Puducherry,Tier 2,6157.82,811.92,6136.54,4743.09,4238.6,2727.74,101.0,ride_hailing,1.15,35,5731.3,FINNA Illustrative Benchmark Survey 2026 (Synthetic),2026,True
Puducherry,Puducherry,Tier 2,5793.43,736.83,6093.98,4744.31,5190.81,2607.85,101.0,ride_hailing,0.92,45,4191.59,FINNA Illustrative Benchmark Survey 2026 (Synthetic),2026,True
Puducherry,Puducherry,Tier 2,6357.98,701.46,6098.65,4674.19,5049.45,2734.44,101.0,ride_hailing,1.0,45,5832.66,FINNA Illustrative Benchmark Survey 2026 (Synthetic),2026,True
Puducherry,Puducherry,Tier 2,7591.93,1122.83,6098.02,4557.25,5041.17,2788.31,101.0,ride_hailing,1.15,45,9352.4,FINNA Illustrative Benchmark Survey 2026 (Synthetic),2026,True
Puducherry,Puducherry,Tier 2,6904.33,728.14,5948.03,4839.4,5956.13,2555.43,101.0,ride_hailing,0.92,55,6887.89,FINNA Illustrative Benchmark Survey 2026 (Synthetic),2026,True
Puducherry,Puducherry,Tier 2,7668.55,1012.35,6110.73,4728.23,6087.68,2748.49,101.0,ride_hailing,1.0,55,8794.3,FINNA Illustrative Benchmark Survey 2026 (Synthetic),2026,True
Puducherry,Puducherry,Tier 2,8801.83,1311.49,5636.17,4549.5,6324.02,2796.86,101.0,ride_hailing,1.15,55,12223.49,FINNA Illustrative Benchmark Survey 2026 (Synthetic),2026,True
Puducherry,Puducherry,Tier 2,7775.42,801.22,6111.4,4720.53,6892.42,2712.64,101.0,ride_hailing,0.92,65,8599.88,FINNA Illustrative Benchmark Survey 2026 (Synthetic),2026,True
Puducherry,Puducherry,Tier 2,8343.2,1097.17,5660.19,4587.74,7163.42,2806.31,101.0,ride_hailing,1.0,65,10340.46,FINNA Illustrative Benchmark Survey 2026 (Synthetic),2026,True
Puducherry,Puducherry,Tier 2,9563.28,1237.78,6099.36,4530.66,7301.06,2764.4,101.0,ride_hailing,1.15,65,13463.79,FINNA Illustrative Benchmark Survey 2026 (Synthetic),2026,True
Puducherry,Puducherry,Tier 2,3382.65,368.27,5865.99,4663.4,2075.31,2563.97,101.0,freelance_other,0.92,25,1000.0,FINNA Illustrative Benchmark Survey 2026 (Synthetic),2026,True
Puducherry,Puducherry,Tier 2,3880.79,495.4,6006.99,4931.59,2026.66,2548.73,101.0,freelance_other,1.0,25,1000.0,FINNA Illustrative Benchmark Survey 2026 (Synthetic),2026,True
Puducherry,Puducherry,Tier 2,4201.08,426.99,5997.28,4476.38,2104.18,2547.83,101.0,freelance_other,1.15,25,1992.25,FINNA Illustrative Benchmark Survey 2026 (Synthetic),2026,True
Puducherry,Puducherry,Tier 2,4543.35,660.85,6081.7,4740.35,2686.73,2599.7,101.0,freelance_other,0.92,35,2316.75,FINNA Illustrative Benchmark Survey 2026 (Synthetic),2026,True
Puducherry,Puducherry,Tier 2,5191.15,549.72,6067.35,4718.34,2750.97,2793.14,101.0,freelance_other,1.0,35,3996.12,FINNA Illustrative Benchmark Survey 2026 (Synthetic),2026,True
Puducherry,Puducherry,Tier 2,5875.52,800.79,6029.34,4929.55,2737.92,2755.79,101.0,freelance_other,1.15,35,5842.46,FINNA Illustrative Benchmark Survey 2026 (Synthetic),2026,True
Puducherry,Puducherry,Tier 2,5797.04,755.01,5776.02,4602.3,3390.01,2714.83,101.0,freelance_other,0.92,45,5601.72,FINNA Illustrative Benchmark Survey 2026 (Synthetic),2026,True
Puducherry,Puducherry,Tier 2,5982.62,838.1,5923.61,4599.98,3491.2,2786.83,101.0,freelance_other,1.0,45,5917.03,FINNA Illustrative Benchmark Survey 2026 (Synthetic),2026,True
Puducherry,Puducherry,Tier 2,6881.5,1028.52,5775.5,4757.18,3357.44,2660.94,101.0,freelance_other,1.15,45,8609.79,FINNA Illustrative Benchmark Survey 2026 (Synthetic),2026,True
Puducherry,Puducherry,Tier 2,6431.02,810.83,5620.49,4746.63,4008.76,2622.66,101.0,freelance_other,0.92,55,7051.05,FINNA Illustrative Benchmark Survey 2026 (Synthetic),2026,True
Puducherry,Puducherry,Tier 2,7109.39,858.25,5806.48,4634.89,4180.13,2709.73,101.0,freelance_other,1.0,55,8744.08,FINNA Illustrative Benchmark Survey 2026 (Synthetic),2026,True
Puducherry,Puducherry,Tier 2,8282.33,1108.01,5744.12,4535.16,4097.81,2611.82,101.0,freelance_other,1.15,55,12267.83,FINNA Illustrative Benchmark Survey 2026 (Synthetic),2026,True
Puducherry,Puducherry,Tier 2,7547.44,1054.22,5821.06,4851.14,4962.83,2659.61,101.0,freelance_other,0.92,65,9350.75,FINNA Illustrative Benchmark Survey 2026 (Synthetic),2026,True
Puducherry,Puducherry,Tier 2,8017.47,1145.35,5973.76,4489.93,4738.76,2670.9,101.0,freelance_other,1.0,65,10947.49,FINNA Illustrative Benchmark Survey 2026 (Synthetic),2026,True
Puducherry,Puducherry,Tier 2,9843.46,1314.06,5969.67,4834.67,4664.65,2740.3,101.0,freelance_other,1.15,65,15868.38,FINNA Illustrative Benchmark Survey 2026 (Synthetic),2026,True
Puducherry,Puducherry,Tier 2,3470.19,542.45,6150.54,4551.84,2564.67,2624.77,101.0,mixed,0.92,25,1000.0,FINNA Illustrative Benchmark Survey 2026 (Synthetic),2026,True
Puducherry,Puducherry,Tier 2,3596.05,386.02,5836.09,4857.4,2577.37,2718.08,101.0,mixed,1.0,25,1000.0,FINNA Illustrative Benchmark Survey 2026 (Synthetic),2026,True
Puducherry,Puducherry,Tier 2,4301.02,431.39,5974.09,4586.57,2733.12,2595.49,101.0,mixed,1.15,25,1777.2,FINNA Illustrative Benchmark Survey 2026 (Synthetic),2026,True
Puducherry,Puducherry,Tier 2,4685.73,608.71,6154.23,4707.36,3561.97,2785.49,101.0,mixed,0.92,35,2002.1,FINNA Illustrative Benchmark Survey 2026 (Synthetic),2026,True
Puducherry,Puducherry,Tier 2,4927.94,511.77,5763.0,4537.78,3472.03,2763.71,101.0,mixed,1.0,35,3120.95,FINNA Illustrative Benchmark Survey 2026 (Synthetic),2026,True
Puducherry,Puducherry,Tier 2,5708.18,671.9,5705.81,4733.57,3645.82,2774.7,101.0,mixed,1.15,35,5106.74,FINNA Illustrative Benchmark Survey 2026 (Synthetic),2026,True
Puducherry,Puducherry,Tier 2,5517.57,604.26,5748.2,4662.31,4588.29,2657.32,101.0,mixed,0.92,45,4052.72,FINNA Illustrative Benchmark Survey 2026 (Synthetic),2026,True
Puducherry,Puducherry,Tier 2,6150.87,810.07,5731.19,4610.5,4610.41,2564.62,101.0,mixed,1.0,45,5925.76,FINNA Illustrative Benchmark Survey 2026 (Synthetic),2026,True
Puducherry,Puducherry,Tier 2,7155.88,1068.53,5777.06,4926.64,4470.27,2652.92,101.0,mixed,1.15,45,8552.75,FINNA Illustrative Benchmark Survey 2026 (Synthetic),2026,True
Puducherry,Puducherry,Tier 2,6684.08,972.26,6116.1,4484.89,5360.91,2612.22,101.0,mixed,0.92,55,6739.17,FINNA Illustrative Benchmark Survey 2026 (Synthetic),2026,True
Puducherry,Puducherry,Tier 2,7222.83,869.6,6008.08,4603.1,5601.19,2833.3,101.0,mixed,1.0,55,7948.97,FINNA Illustrative Benchmark Survey 2026 (Synthetic),2026,True
Puducherry,Puducherry,Tier 2,7878.69,827.86,5827.59,4658.26,5307.53,2632.15,101.0,mixed,1.15,55,10197.98,FINNA Illustrative Benchmark Survey 2026 (Synthetic),2026,True
Puducherry,Puducherry,Tier 2,7560.42,1125.62,5903.08,4896.48,6415.9,2774.77,101.0,mixed,0.92,65,8285.15,FINNA Illustrative Benchmark Survey 2026 (Synthetic),2026,True
Puducherry,Puducherry,Tier 2,8082.36,1077.91,5900.57,4548.87,6521.52,2645.42,101.0,mixed,1.0,65,9997.16,FINNA Illustrative Benchmark Survey 2026 (Synthetic),2026,True
Puducherry,Puducherry,Tier 2,9748.69,1247.26,6095.73,4493.92,6373.81,2550.16,101.0,mixed,1.15,65,14753.84,FINNA Illustrative Benchmark Survey 2026 (Synthetic),2026,True
Tripura,Agartala,Tier 3,2652.56,274.41,4555.3,3895.53,2301.34,2123.16,88.0,delivery,0.92,25,1000.0,FINNA Illustrative Benchmark Survey 2026 (Synthetic),2026,True
Tripura,Agartala,Tier 3,2900.99,351.9,4544.55,3903.09,2194.19,2255.14,88.0,delivery,1.0,25,1000.0,FINNA Illustrative Benchmark Survey 2026 (Synthetic),2026,True
Tripura,Agartala,Tier 3,3239.36,367.06,4242.22,3840.87,2154.9,2226.36,88.0,delivery,1.15,25,1015.35,FINNA Illustrative Benchmark Survey 2026 (Synthetic),2026,True
Tripura,Agartala,Tier 3,3451.1,494.46,4526.44,4017.75,3040.5,2120.44,88.0,delivery,0.92,35,1000.0,FINNA Illustrative Benchmark Survey 2026 (Synthetic),2026,True
Tripura,Agartala,Tier 3,3771.29,519.88,4267.12,3886.71,2991.91,2153.28,88.0,delivery,1.0,35,1969.93,FINNA Illustrative Benchmark Survey 2026 (Synthetic),2026,True
Tripura,Agartala,Tier 3,4210.38,643.95,4556.12,4089.34,3124.85,2310.39,88.0,delivery,1.15,35,2697.66,FINNA Illustrative Benchmark Survey 2026 (Synthetic),2026,True
Tripura,Agartala,Tier 3,4269.88,556.34,4513.7,3930.98,3746.54,2189.89,88.0,delivery,0.92,45,2669.86,FINNA Illustrative Benchmark Survey 2026 (Synthetic),2026,True
Tripura,Agartala,Tier 3,4600.25,572.42,4423.12,4145.61,3898.49,2070.82,88.0,delivery,1.0,45,3497.68,FINNA Illustrative Benchmark Survey 2026 (Synthetic),2026,True
Tripura,Agartala,Tier 3,5156.62,769.48,4618.8,3811.76,3661.08,2273.56,88.0,delivery,1.15,45,5175.93,FINNA Illustrative Benchmark Survey 2026 (Synthetic),2026,True
Tripura,Agartala,Tier 3,4834.09,520.51,4442.77,4169.73,4435.62,2167.6,88.0,delivery,0.92,55,3715.33,FINNA Illustrative Benchmark Survey 2026 (Synthetic),2026,True
Tripura,Agartala,Tier 3,5410.74,769.25,4296.11,3913.46,4701.74,2099.6,88.0,delivery,1.0,55,5471.44,FINNA Illustrative Benchmark Survey 2026 (Synthetic),2026,True
Tripura,Agartala,Tier 3,6348.32,793.1,4181.35,4048.42,4424.5,2165.13,88.0,delivery,1.15,55,8234.74,FINNA Illustrative Benchmark Survey 2026 (Synthetic),2026,True
Tripura,Agartala,Tier 3,5855.06,632.55,4205.5,3924.49,5082.21,2100.52,88.0,delivery,0.92,65,6525.8,FINNA Illustrative Benchmark Survey 2026 (Synthetic),2026,True
Tripura,Agartala,Tier 3,6231.8,911.79,4306.21,4015.69,5147.44,2172.81,88.0,delivery,1.0,65,7372.0,FINNA Illustrative Benchmark Survey 2026 (Synthetic),2026,True
Tripura,Agartala,Tier 3,7138.76,1072.84,4438.09,4102.61,5223.83,2113.04,88.0,delivery,1.15,65,9771.62,FINNA Illustrative Benchmark Survey 2026 (Synthetic),2026,True
Tripura,Agartala,Tier 3,2979.33,466.25,4446.89,4002.34,2560.89,2187.14,88.0,ride_hailing,0.92,25,1000.0,FINNA Illustrative Benchmark Survey 2026 (Synthetic),2026,True
Tripura,Agartala,Tier 3,3139.7,392.76,4220.58,4173.51,2692.8,2294.32,88.0,ride_hailing,1.0,25,1000.0,FINNA Illustrative Benchmark Survey 2026 (Synthetic),2026,True
Tripura,Agartala,Tier 3,3598.58,472.06,4359.19,4098.86,2721.26,2234.45,88.0,ride_hailing,1.15,25,1409.26,FINNA Illustrative Benchmark Survey 2026 (Synthetic),2026,True
Tripura,Agartala,Tier 3,3942.93,474.14,4396.65,3958.2,3570.52,2276.75,88.0,ride_hailing,0.92,35,1866.0,FINNA Illustrative Benchmark Survey 2026 (Synthetic),2026,True
Tripura,Agartala,Tier 3,4040.39,572.2,4231.27,3851.51,3669.56,2072.74,88.0,ride_hailing,1.0,35,2385.38,FINNA Illustrative Benchmark Survey 2026 (Synthetic),2026,True
Tripura,Agartala,Tier 3,4644.83,518.25,4615.71,4008.1,3503.85,2171.12,88.0,ride_hailing,1.15,35,3778.67,FINNA Illustrative Benchmark Survey 2026 (Synthetic),2026,True
Tripura,Agartala,Tier 3,4885.65,514.47,4563.34,3810.91,4375.44,2188.29,88.0,ride_hailing,0.92,45,4040.97,FINNA Illustrative Benchmark Survey 2026 (Synthetic),2026,True
Tripura,Agartala,Tier 3,5077.97,734.83,4223.98,3870.2,4398.7,2304.94,88.0,ride_hailing,1.0,45,4673.36,FINNA Illustrative Benchmark Survey 2026 (Synthetic),2026,True
Tripura,Agartala,Tier 3,5856.45,872.87,4403.99,3873.36,4525.93,2196.14,88.0,ride_hailing,1.15,45,6733.36,FINNA Illustrative Benchmark Survey 2026 (Synthetic),2026,True
Tripura,Agartala,Tier 3,5742.92,720.56,4427.0,4160.97,5442.99,2327.75,88.0,ride_hailing,0.92,55,5530.29,FINNA Illustrative Benchmark Survey 2026 (Synthetic),2026,True
Tripura,Agartala,Tier 3,6234.52,732.08,4603.78,3846.33,5306.21,2214.4,88.0,ride_hailing,1.0,55,7166.09,FINNA Illustrative Benchmark Survey 2026 (Synthetic),2026,True
Tripura,Agartala,Tier 3,7148.7,1137.42,4523.31,3937.04,5277.49,2295.79,88.0,ride_hailing,1.15,55,9698.16,FINNA Illustrative Benchmark Survey 2026 (Synthetic),2026,True
Tripura,Agartala,Tier 3,6619.52,954.53,4412.59,3962.98,6120.95,2238.32,88.0,ride_hailing,0.92,65,7752.99,FINNA Illustrative Benchmark Survey 2026 (Synthetic),2026,True
Tripura,Agartala,Tier 3,7028.96,755.25,4225.09,3948.23,6361.11,2072.77,88.0,ride_hailing,1.0,65,8988.33,FINNA Illustrative Benchmark Survey 2026 (Synthetic),2026,True
Tripura,Agartala,Tier 3,8216.42,1071.78,4617.0,4032.34,6047.21,2144.39,88.0,ride_hailing,1.15,65,12178.5,FINNA Illustrative Benchmark Survey 2026 (Synthetic),2026,True
Tripura,Agartala,Tier 3,2839.31,443.21,4494.45,3981.24,1767.62,2281.13,88.0,freelance_other,0.92,25,1000.0,FINNA Illustrative Benchmark Survey 2026 (Synthetic),2026,True
Tripura,Agartala,Tier 3,3044.18,413.62,4432.03,4177.04,1791.49,2232.86,88.0,freelance_other,1.0,25,1000.0,FINNA Illustrative Benchmark Survey 2026 (Synthetic),2026,True
Tripura,Agartala,Tier 3,3615.18,550.14,4468.98,4132.11,1823.36,2268.51,88.0,freelance_other,1.15,25,1924.5,FINNA Illustrative Benchmark Survey 2026 (Synthetic),2026,True
Tripura,Agartala,Tier 3,3792.59,533.07,4514.88,4141.68,2360.45,2205.86,88.0,freelance_other,0.92,35,2079.38,FINNA Illustrative Benchmark Survey 2026 (Synthetic),2026,True
Tripura,Agartala,Tier 3,3928.05,577.47,4434.88,4054.71,2454.0,2106.79,88.0,freelance_other,1.0,35,2572.75,FINNA Illustrative Benchmark Survey 2026 (Synthetic),2026,True
Tripura,Agartala,Tier 3,4673.53,549.91,4519.81,4154.94,2454.14,2277.17,88.0,freelance_other,1.15,35,4439.71,FINNA Illustrative Benchmark Survey 2026 (Synthetic),2026,True
Tripura,Agartala,Tier 3,4701.03,738.99,4571.84,3843.34,3143.03,2281.07,88.0,freelance_other,0.92,45,4235.52,FINNA Illustrative Benchmark Survey 2026 (Synthetic),2026,True
Tripura,Agartala,Tier 3,4857.92,713.3,4521.56,3971.95,3075.65,2321.61,88.0,freelance_other,1.0,45,4643.62,FINNA Illustrative Benchmark Survey 2026 (Synthetic),2026,True
Tripura,Agartala,Tier 3,5509.71,756.67,4190.1,4023.16,2975.54,2237.02,88.0,freelance_other,1.15,45,6780.3,FINNA Illustrative Benchmark Survey 2026 (Synthetic),2026,True
Tripura,Agartala,Tier 3,5369.6,671.53,4572.31,4056.77,3570.07,2125.0,88.0,freelance_other,0.92,55,5802.04,FINNA Illustrative Benchmark Survey 2026 (Synthetic),2026,True
Tripura,Agartala,Tier 3,5885.48,939.8,4280.37,4042.69,3614.61,2242.91,88.0,freelance_other,1.0,55,7347.31,FINNA Illustrative Benchmark Survey 2026 (Synthetic),2026,True
Tripura,Agartala,Tier 3,6954.83,966.8,4575.35,4008.08,3711.81,2216.14,88.0,freelance_other,1.15,55,10141.97,FINNA Illustrative Benchmark Survey 2026 (Synthetic),2026,True
Tripura,Agartala,Tier 3,5940.57,885.9,4305.27,3801.23,4207.48,2175.57,88.0,freelance_other,0.92,65,7301.53,FINNA Illustrative Benchmark Survey 2026 (Synthetic),2026,True
Tripura,Agartala,Tier 3,6804.29,1081.17,4576.99,4026.51,4237.97,2075.9,88.0,freelance_other,1.0,65,9454.38,FINNA Illustrative Benchmark Survey 2026 (Synthetic),2026,True
Tripura,Agartala,Tier 3,7912.06,1163.43,4358.74,4105.24,4275.58,2106.71,88.0,freelance_other,1.15,65,12618.42,FINNA Illustrative Benchmark Survey 2026 (Synthetic),2026,True
Tripura,Agartala,Tier 3,2805.97,296.34,4422.27,4029.17,2304.2,2234.41,88.0,mixed,0.92,25,1000.0,FINNA Illustrative Benchmark Survey 2026 (Synthetic),2026,True
Tripura,Agartala,Tier 3,3113.21,351.79,4427.19,4123.5,2258.2,2287.28,88.0,mixed,1.0,25,1000.0,FINNA Illustrative Benchmark Survey 2026 (Synthetic),2026,True
Tripura,Agartala,Tier 3,3568.79,521.01,4535.18,3925.48,2302.74,2311.89,88.0,mixed,1.15,25,1545.42,FINNA Illustrative Benchmark Survey 2026 (Synthetic),2026,True
Tripura,Agartala,Tier 3,3539.58,533.06,4521.98,3959.47,3069.69,2223.13,88.0,mixed,0.92,35,1008.87,FINNA Illustrative Benchmark Survey 2026 (Synthetic),2026,True
Tripura,Agartala,Tier 3,4054.65,612.19,4299.64,4159.6,3247.99,2287.79,88.0,mixed,1.0,35,2315.05,FINNA Illustrative Benchmark Survey 2026 (Synthetic),2026,True
Tripura,Agartala,Tier 3,4440.57,644.5,4180.43,4067.09,3161.9,2226.5,88.0,mixed,1.15,35,3634.64,FINNA Illustrative Benchmark Survey 2026 (Synthetic),2026,True
Tripura,Agartala,Tier 3,4632.1,571.4,4619.32,3846.71,4111.95,2170.22,88.0,mixed,0.92,45,3450.72,FINNA Illustrative Benchmark Survey 2026 (Synthetic),2026,True
Tripura,Agartala,Tier 3,4759.78,499.17,4265.07,4044.76,4062.5,2285.36,88.0,mixed,1.0,45,3868.9,FINNA Illustrative Benchmark Survey 2026 (Synthetic),2026,True
Tripura,Agartala,Tier 3,5394.54,845.44,4345.08,3822.39,4006.98,2089.15,88.0,mixed,1.15,45,5911.59,FINNA Illustrative Benchmark Survey 2026 (Synthetic),2026,True
Tripura,Agartala,Tier 3,5343.22,557.78,4504.6,3821.73,4708.85,2114.78,88.0,mixed,0.92,55,5191.02,FINNA Illustrative Benchmark Survey 2026 (Synthetic),2026,True
Tripura,Agartala,Tier 3,5807.7,649.03,4436.28,3977.33,4710.12,2105.92,88.0,mixed,1.0,55,6446.5,FINNA Illustrative Benchmark Survey 2026 (Synthetic),2026,True
Tripura,Agartala,Tier 3,6731.97,762.27,4303.11,3806.73,4742.05,2184.87,88.0,mixed,1.15,55,9173.24,FINNA Illustrative Benchmark Survey 2026 (Synthetic),2026,True
Tripura,Agartala,Tier 3,5958.65,653.89,4494.3,3979.61,5354.57,2174.45,88.0,mixed,0.92,65,6368.72,FINNA Illustrative Benchmark Survey 2026 (Synthetic),2026,True
Tripura,Agartala,Tier 3,6783.46,951.61,4442.38,3937.82,5537.95,2092.31,88.0,mixed,1.0,65,8685.25,FINNA Illustrative Benchmark Survey 2026 (Synthetic),2026,True
Tripura,Agartala,Tier 3,7806.7,1120.26,4543.44,4169.13,5700.1,2327.24,88.0,mixed,1.15,65,11091.02,FINNA Illustrative Benchmark Survey 2026 (Synthetic),2026,True
Meghalaya,Shillong,Tier 2,3026.96,472.05,5261.74,4727.76,2439.61,2736.21,97.0,delivery,0.92,25,1000.0,FINNA Illustrative Benchmark Survey 2026 (Synthetic),2026,True
Meghalaya,Shillong,Tier 2,3318.77,384.21,5758.66,4461.28,2527.1,2471.83,97.0,delivery,1.0,25,1000.0,FINNA Illustrative Benchmark Survey 2026 (Synthetic),2026,True
Meghalaya,Shillong,Tier 2,3653.39,569.5,5421.83,4798.08,2476.12,2729.74,97.0,delivery,1.15,25,1000.0,FINNA Illustrative Benchmark Survey 2026 (Synthetic),2026,True
Meghalaya,Shillong,Tier 2,3936.61,504.01,5734.94,4583.56,3352.49,2754.79,97.0,delivery,0.92,35,1000.0,FINNA Illustrative Benchmark Survey 2026 (Synthetic),2026,True
Meghalaya,Shillong,Tier 2,4453.63,626.55,5268.23,4445.16,3400.54,2512.29,97.0,delivery,1.0,35,2377.7,FINNA Illustrative Benchmark Survey 2026 (Synthetic),2026,True
Meghalaya,Shillong,Tier 2,4928.94,736.93,5763.75,4516.17,3424.68,2614.39,97.0,delivery,1.15,35,3265.16,FINNA Illustrative Benchmark Survey 2026 (Synthetic),2026,True
Meghalaya,Shillong,Tier 2,5061.85,620.37,5329.71,4575.85,4439.8,2614.1,97.0,delivery,0.92,45,3222.93,FINNA Illustrative Benchmark Survey 2026 (Synthetic),2026,True
Meghalaya,Shillong,Tier 2,5218.21,707.35,5624.29,4447.6,4332.14,2458.91,97.0,delivery,1.0,45,3725.74,FINNA Illustrative Benchmark Survey 2026 (Synthetic),2026,True
Meghalaya,Shillong,Tier 2,6272.55,737.91,5248.65,4746.03,4281.29,2532.85,97.0,delivery,1.15,45,6728.36,FINNA Illustrative Benchmark Survey 2026 (Synthetic),2026,True
Meghalaya,Shillong,Tier 2,5542.53,704.48,5600.13,4752.72,5115.2,2610.66,97.0,delivery,0.92,55,3848.29,FINNA Illustrative Benchmark Survey 2026 (Synthetic),2026,True
Meghalaya,Shillong,Tier 2,6461.74,997.06,5632.5,4599.84,5162.66,2729.53,97.0,delivery,1.0,55,6405.62,FINNA Illustrative Benchmark Survey 2026 (Synthetic),2026,True
Meghalaya,Shillong,Tier 2,6940.97,1041.41,5576.48,4773.96,5319.8,2627.77,97.0,delivery,1.15,55,7641.65,FINNA Illustrative Benchmark Survey 2026 (Synthetic),2026,True
Meghalaya,Shillong,Tier 2,6764.64,718.0,5331.36,4608.94,6220.95,2497.55,97.0,delivery,0.92,65,6910.86,FINNA Illustrative Benchmark Survey 2026 (Synthetic),2026,True
Meghalaya,Shillong,Tier 2,7191.68,1036.13,5495.22,4706.37,6044.89,2516.97,97.0,delivery,1.0,65,8044.74,FINNA Illustrative Benchmark Survey 2026 (Synthetic),2026,True
Meghalaya,Shillong,Tier 2,8191.26,1225.25,5706.1,4618.11,6174.43,2708.6,97.0,delivery,1.15,65,10569.6,FINNA Illustrative Benchmark Survey 2026 (Synthetic),2026,True
Meghalaya,Shillong,Tier 2,3285.46,462.89,5400.14,4383.41,2954.11,2678.08,97.0,ride_hailing,0.92,25,1000.0,FINNA Illustrative Benchmark Survey 2026 (Synthetic),2026,True
Meghalaya,Shillong,Tier 2,3800.65,385.29,5657.08,4640.76,3072.54,2577.75,97.0,ride_hailing,1.0,25,1000.0,FINNA Illustrative Benchmark Survey 2026 (Synthetic),2026,True
Meghalaya,Shillong,Tier 2,4276.64,682.84,5474.47,4692.05,2996.08,2736.72,97.0,ride_hailing,1.15,25,1702.05,FINNA Illustrative Benchmark Survey 2026 (Synthetic),2026,True
Meghalaya,Shillong,Tier 2,4350.22,540.75,5653.94,4437.41,4183.17,2557.91,97.0,ride_hailing,0.92,35,1302.61,FINNA Illustrative Benchmark Survey 2026 (Synthetic),2026,True
Meghalaya,Shillong,Tier 2,4638.19,614.27,5271.39,4756.71,3983.06,2640.3,97.0,ride_hailing,1.0,35,2230.74,FINNA Illustrative Benchmark Survey 2026 (Synthetic),2026,True
Meghalaya,Shillong,Tier 2,5478.63,600.2,5770.68,4682.22,4139.73,2448.63,97.0,ride_hailing,1.15,35,4342.79,FINNA Illustrative Benchmark Survey 2026 (Synthetic),2026,True
Meghalaya,Shillong,Tier 2,5389.06,858.65,5740.38,4685.9,5086.02,2490.91,97.0,ride_hailing,0.92,45,3465.42,FINNA Illustrative Benchmark Survey 2026 (Synthetic),2026,True
Meghalaya,Shillong,Tier 2,5733.16,797.36,5740.39,4403.47,5153.95,2546.15,97.0,ride_hailing,1.0,45,4537.4,FINNA Illustrative Benchmark Survey 2026 (Synthetic),2026,True
Meghalaya,Shillong,Tier 2,6770.66,862.61,5551.79,4388.14,5162.16,2685.04,97.0,ride_hailing,1.15,45,7494.39,FINNA Illustrative Benchmark Survey 2026 (Synthetic),2026,True
Meghalaya,Shillong,Tier 2,6318.69,794.88,5559.93,4502.85,6162.39,2449.04,97.0,ride_hailing,0.92,55,5645.72,FINNA Illustrative Benchmark Survey 2026 (Synthetic),2026,True
Meghalaya,Shillong,Tier 2,6806.46,1045.0,5245.78,4522.21,5910.52,2632.81,97.0,ride_hailing,1.0,55,7254.42,FINNA Illustrative Benchmark Survey 2026 (Synthetic),2026,True
Meghalaya,Shillong,Tier 2,8195.22,1145.19,5523.26,4818.5,6187.69,2659.72,97.0,ride_hailing,1.15,55,10592.49,FINNA Illustrative Benchmark Survey 2026 (Synthetic),2026,True
Meghalaya,Shillong,Tier 2,7387.41,868.11,5296.49,4775.95,7042.87,2673.45,97.0,ride_hailing,0.92,65,7929.17,FINNA Illustrative Benchmark Survey 2026 (Synthetic),2026,True
Meghalaya,Shillong,Tier 2,8032.9,1106.7,5581.0,4500.44,7108.03,2614.26,97.0,ride_hailing,1.0,65,9736.17,FINNA Illustrative Benchmark Survey 2026 (Synthetic),2026,True
Meghalaya,Shillong,Tier 2,9197.73,1366.93,5727.11,4689.83,7102.06,2555.36,97.0,ride_hailing,1.15,65,12838.68,FINNA Illustrative Benchmark Survey 2026 (Synthetic),2026,True
Meghalaya,Shillong,Tier 2,3168.6,487.05,5445.91,4549.63,2003.39,2683.96,97.0,freelance_other,0.92,25,1000.0,FINNA Illustrative Benchmark Survey 2026 (Synthetic),2026,True
Meghalaya,Shillong,Tier 2,3579.21,363.55,5563.57,4496.45,2099.36,2744.62,97.0,freelance_other,1.0,25,1000.0,FINNA Illustrative Benchmark Survey 2026 (Synthetic),2026,True
Meghalaya,Shillong,Tier 2,3923.17,540.1,5760.35,4597.65,2058.61,2563.96,97.0,freelance_other,1.15,25,1304.39,FINNA Illustrative Benchmark Survey 2026 (Synthetic),2026,True
Meghalaya,Shillong,Tier 2,4165.36,572.4,5728.43,4602.67,2828.13,2492.02,97.0,freelance_other,0.92,35,1550.09,FINNA Illustrative Benchmark Survey 2026 (Synthetic),2026,True
Meghalaya,Shillong,Tier 2,4782.51,570.11,5542.24,4597.2,2835.08,2690.64,97.0,freelance_other,1.0,35,3278.02,FINNA Illustrative Benchmark Survey 2026 (Synthetic),2026,True
Meghalaya,Shillong,Tier 2,5370.49,756.67,5225.36,4666.03,2820.08,2691.23,97.0,freelance_other,1.15,35,5103.49,FINNA Illustrative Benchmark Survey 2026 (Synthetic),2026,True
Meghalaya,Shillong,Tier 2,5210.76,738.52,5710.66,4675.24,3587.54,2679.74,97.0,freelance_other,0.92,45,3841.12,FINNA Illustrative Benchmark Survey 2026 (Synthetic),2026,True
Meghalaya,Shillong,Tier 2,5673.7,815.09,5407.53,4580.05,3356.28,2653.98,97.0,freelance_other,1.0,45,5570.03,FINNA Illustrative Benchmark Survey 2026 (Synthetic),2026,True
Meghalaya,Shillong,Tier 2,6407.72,986.7,5321.75,4713.38,3583.27,2527.72,97.0,freelance_other,1.15,45,7539.55,FINNA Illustrative Benchmark Survey 2026 (Synthetic),2026,True
Meghalaya,Shillong,Tier 2,6050.33,795.1,5478.38,4551.27,4054.71,2701.86,97.0,freelance_other,0.92,55,6117.61,FINNA Illustrative Benchmark Survey 2026 (Synthetic),2026,True
Meghalaya,Shillong,Tier 2,6807.94,756.64,5360.64,4807.75,4236.12,2674.68,97.0,freelance_other,1.0,55,8059.47,FINNA Illustrative Benchmark Survey 2026 (Synthetic),2026,True
Meghalaya,Shillong,Tier 2,7975.24,1175.33,5681.67,4472.21,4321.98,2614.41,97.0,freelance_other,1.15,55,11337.64,FINNA Illustrative Benchmark Survey 2026 (Synthetic),2026,True
Meghalaya,Shillong,Tier 2,7348.06,987.25,5281.71,4556.25,4759.26,2657.55,97.0,freelance_other,0.92,65,9465.51,FINNA Illustrative Benchmark Survey 2026 (Synthetic),2026,True
Meghalaya,Shillong,Tier 2,7995.99,889.12,5643.82,4702.31,5019.9,2499.5,97.0,freelance_other,1.0,65,10892.12,FINNA Illustrative Benchmark Survey 2026 (Synthetic),2026,True
Meghalaya,Shillong,Tier 2,9216.05,1136.75,5757.75,4449.05,5025.29,2513.16,97.0,freelance_other,1.15,65,14404.16,FINNA Illustrative Benchmark Survey 2026 (Synthetic),2026,True
Meghalaya,Shillong,Tier 2,3241.57,390.93,5559.37,4685.76,2572.68,2712.46,97.0,mixed,0.92,25,1000.0,FINNA Illustrative Benchmark Survey 2026 (Synthetic),2026,True
Meghalaya,Shillong,Tier 2,3591.44,382.03,5615.84,4539.85,2556.41,2645.5,97.0,mixed,1.0,25,1000.0,FINNA Illustrative Benchmark Survey 2026 (Synthetic),2026,True
Meghalaya,Shillong,Tier 2,3995.89,628.86,5747.27,4627.0,2554.28,2543.98,97.0,mixed,1.15,25,1189.29,FINNA Illustrative Benchmark Survey 2026 (Synthetic),2026,True
Meghalaya,Shillong,Tier 2,4201.9,591.65,5678.67,4473.14,3509.04,2639.98,97.0,mixed,0.92,35,1230.71,FINNA Illustrative Benchmark Survey 2026 (Synthetic),2026,True
Meghalaya,Shillong,Tier 2,4432.77,622.92,5506.77,4635.4,3719.73,2479.32,97.0,mixed,1.0,35,1854.24,FINNA Illustrative Benchmark Survey 2026 (Synthetic),2026,True
Meghalaya,Shillong,Tier 2,5249.62,677.49,5250.79,4609.91,3655.95,2625.58,97.0,mixed,1.15,35,4282.61,FINNA Illustrative Benchmark Survey 2026 (Synthetic),2026,True
Meghalaya,Shillong,Tier 2,5073.1,518.78,5686.21,4466.69,4440.58,2545.48,97.0,mixed,0.92,45,3137.92,FINNA Illustrative Benchmark Survey 2026 (Synthetic),2026,True
Meghalaya,Shillong,Tier 2,5597.18,669.46,5405.27,4419.32,4592.6,2558.23,97.0,mixed,1.0,45,4719.24,FINNA Illustrative Benchmark Survey 2026 (Synthetic),2026,True
Meghalaya,Shillong,Tier 2,6660.26,992.73,5486.72,4759.1,4518.85,2518.3,97.0,mixed,1.15,45,7511.37,FINNA Illustrative Benchmark Survey 2026 (Synthetic),2026,True
Meghalaya,Shillong,Tier 2,6057.07,915.18,5250.19,4811.51,5301.47,2708.14,97.0,mixed,0.92,55,5301.27,FINNA Illustrative Benchmark Survey 2026 (Synthetic),2026,True
Meghalaya,Shillong,Tier 2,6727.29,932.39,5285.01,4807.18,5529.11,2454.98,97.0,mixed,1.0,55,7184.38,FINNA Illustrative Benchmark Survey 2026 (Synthetic),2026,True
Meghalaya,Shillong,Tier 2,7527.23,958.95,5563.65,4806.07,5239.34,2628.62,97.0,mixed,1.15,55,9330.9,FINNA Illustrative Benchmark Survey 2026 (Synthetic),2026,True
Meghalaya,Shillong,Tier 2,6972.38,722.4,5627.88,4430.55,6268.2,2528.76,97.0,mixed,0.92,65,7367.76,FINNA Illustrative Benchmark Survey 2026 (Synthetic),2026,True
Meghalaya,Shillong,Tier 2,7370.2,1110.56,5514.73,4763.97,6203.05,2494.79,97.0,mixed,1.0,65,8408.68,FINNA Illustrative Benchmark Survey 2026 (Synthetic),2026,True
Meghalaya,Shillong,Tier 2,8480.67,1016.44,5670.0,4742.32,6243.15,2462.21,97.0,mixed,1.15,65,11442.35,FINNA Illustrative Benchmark Survey 2026 (Synthetic),2026,True
Manipur,Imphal,Tier 3,2632.81,385.38,4502.9,4219.84,2279.8,2284.05,89.0,delivery,0.92,25,1000.0,FINNA Illustrative Benchmark Survey 2026 (Synthetic),2026,True
Manipur,Imphal,Tier 3,2855.76,314.29,4496.72,4033.54,2259.2,2366.46,89.0,delivery,1.0,25,1000.0,FINNA Illustrative Benchmark Survey 2026 (Synthetic),2026,True
Manipur,Imphal,Tier 3,3383.1,448.2,4427.79,4136.21,2374.07,2381.86,89.0,delivery,1.15,25,1000.0,FINNA Illustrative Benchmark Survey 2026 (Synthetic),2026,True
Manipur,Imphal,Tier 3,3467.32,495.0,4551.14,3967.89,3006.58,2426.41,89.0,delivery,0.92,35,1000.0,FINNA Illustrative Benchmark Survey 2026 (Synthetic),2026,True
Manipur,Imphal,Tier 3,3950.32,624.38,4640.59,4070.52,3057.0,2199.57,89.0,delivery,1.0,35,2039.18,FINNA Illustrative Benchmark Survey 2026 (Synthetic),2026,True
Manipur,Imphal,Tier 3,4521.94,691.63,4294.29,4223.66,3066.96,2225.36,89.0,delivery,1.15,35,3750.32,FINNA Illustrative Benchmark Survey 2026 (Synthetic),2026,True
Manipur,Imphal,Tier 3,4374.97,498.42,4706.31,3948.76,4002.29,2405.73,89.0,delivery,0.92,45,2522.34,FINNA Illustrative Benchmark Survey 2026 (Synthetic),2026,True
Manipur,Imphal,Tier 3,4822.98,713.6,4665.82,3923.39,3731.33,2255.82,89.0,delivery,1.0,45,4099.64,FINNA Illustrative Benchmark Survey 2026 (Synthetic),2026,True
Manipur,Imphal,Tier 3,5203.41,584.06,4559.85,4122.77,3786.21,2189.7,89.0,delivery,1.15,45,5116.95,FINNA Illustrative Benchmark Survey 2026 (Synthetic),2026,True
Manipur,Imphal,Tier 3,5017.17,757.93,4511.16,4052.06,4686.18,2436.65,89.0,delivery,0.92,55,3924.89,FINNA Illustrative Benchmark Survey 2026 (Synthetic),2026,True
Manipur,Imphal,Tier 3,5536.5,719.61,4657.65,4301.09,4550.52,2285.93,89.0,delivery,1.0,55,5315.61,FINNA Illustrative Benchmark Survey 2026 (Synthetic),2026,True
Manipur,Imphal,Tier 3,6441.75,814.65,4702.26,4158.69,4523.58,2163.76,89.0,delivery,1.15,55,8023.92,FINNA Illustrative Benchmark Survey 2026 (Synthetic),2026,True
Manipur,Imphal,Tier 3,5783.22,757.13,4607.44,3963.76,5352.3,2219.73,89.0,delivery,0.92,65,5783.77,FINNA Illustrative Benchmark Survey 2026 (Synthetic),2026,True
Manipur,Imphal,Tier 3,6587.24,866.55,4637.42,3965.88,5427.82,2387.31,89.0,delivery,1.0,65,7867.81,FINNA Illustrative Benchmark Survey 2026 (Synthetic),2026,True
Manipur,Imphal,Tier 3,7445.76,829.65,4303.31,3977.07,5254.67,2394.16,89.0,delivery,1.15,65,10602.11,FINNA Illustrative Benchmark Survey 2026 (Synthetic),2026,True
Manipur,Imphal,Tier 3,2872.82,339.83,4316.67,4049.63,2617.77,2186.8,89.0,ride_hailing,0.92,25,1000.0,FINNA Illustrative Benchmark Survey 2026 (Synthetic),2026,True
Manipur,Imphal,Tier 3,3184.43,368.58,4347.07,4189.19,2716.97,2168.69,89.0,ride_hailing,1.0,25,1000.0,FINNA Illustrative Benchmark Survey 2026 (Synthetic),2026,True
Manipur,Imphal,Tier 3,3638.27,466.79,4508.41,3930.71,2715.41,2379.19,89.0,ride_hailing,1.15,25,1442.99,FINNA Illustrative Benchmark Survey 2026 (Synthetic),2026,True
Manipur,Imphal,Tier 3,4067.05,523.86,4419.38,4201.2,3648.4,2335.25,89.0,ride_hailing,0.92,35,1953.96,FINNA Illustrative Benchmark Survey 2026 (Synthetic),2026,True
Manipur,Imphal,Tier 3,4278.14,525.08,4663.23,4281.28,3637.26,2332.74,89.0,ride_hailing,1.0,35,2346.39,FINNA Illustrative Benchmark Survey 2026 (Synthetic),2026,True
Manipur,Imphal,Tier 3,4930.54,722.48,4576.4,4080.97,3806.71,2314.85,89.0,ride_hailing,1.15,35,4270.7,FINNA Illustrative Benchmark Survey 2026 (Synthetic),2026,True
Manipur,Imphal,Tier 3,4931.82,609.33,4522.22,3969.48,4602.63,2195.38,89.0,ride_hailing,0.92,45,3942.3,FINNA Illustrative Benchmark Survey 2026 (Synthetic),2026,True
Manipur,Imphal,Tier 3,5250.85,545.03,4584.37,3976.31,4731.27,2363.01,89.0,ride_hailing,1.0,45,4602.79,FINNA Illustrative Benchmark Survey 2026 (Synthetic),2026,True
Manipur,Imphal,Tier 3,6259.81,872.14,4709.98,4287.24,4782.65,2251.93,89.0,ride_hailing,1.15,45,7197.57,FINNA Illustrative Benchmark Survey 2026 (Synthetic),2026,True
Manipur,Imphal,Tier 3,5559.53,748.31,4530.09,4147.07,5647.29,2405.31,89.0,ride_hailing,0.92,55,4772.95,FINNA Illustrative Benchmark Survey 2026 (Synthetic),2026,True
Manipur,Imphal,Tier 3,6431.58,925.94,4634.73,4164.47,5578.23,2338.74,89.0,ride_hailing,1.0,55,7236.17,FINNA Illustrative Benchmark Survey 2026 (Synthetic),2026,True
Manipur,Imphal,Tier 3,6985.8,929.39,4381.4,3963.29,5608.43,2355.88,89.0,ride_hailing,1.15,55,9060.68,FINNA Illustrative Benchmark Survey 2026 (Synthetic),2026,True
Manipur,Imphal,Tier 3,6413.43,863.61,4677.53,3978.31,6468.18,2247.02,89.0,ride_hailing,0.92,65,6759.42,FINNA Illustrative Benchmark Survey 2026 (Synthetic),2026,True
Manipur,Imphal,Tier 3,7069.81,914.45,4565.07,4197.22,6636.4,2222.41,89.0,ride_hailing,1.0,65,8444.27,FINNA Illustrative Benchmark Survey 2026 (Synthetic),2026,True
Manipur,Imphal,Tier 3,8385.87,984.42,4698.85,4129.13,6316.26,2232.08,89.0,ride_hailing,1.15,65,12307.42,FINNA Illustrative Benchmark Survey 2026 (Synthetic),2026,True
Manipur,Imphal,Tier 3,2955.64,432.99,4550.05,4192.26,1805.63,2285.32,89.0,freelance_other,0.92,25,1000.0,FINNA Illustrative Benchmark Survey 2026 (Synthetic),2026,True
Manipur,Imphal,Tier 3,3216.19,487.69,4472.46,3971.59,1804.72,2181.29,89.0,freelance_other,1.0,25,1000.0,FINNA Illustrative Benchmark Survey 2026 (Synthetic),2026,True
Manipur,Imphal,Tier 3,3476.71,399.09,4680.48,4087.09,1857.0,2299.37,89.0,freelance_other,1.15,25,1384.64,FINNA Illustrative Benchmark Survey 2026 (Synthetic),2026,True
Manipur,Imphal,Tier 3,3682.44,476.58,4677.92,4029.02,2524.33,2316.09,89.0,freelance_other,0.92,35,1558.44,FINNA Illustrative Benchmark Survey 2026 (Synthetic),2026,True
Manipur,Imphal,Tier 3,4267.83,489.01,4342.16,4228.05,2559.08,2189.2,89.0,freelance_other,1.0,35,3354.79,FINNA Illustrative Benchmark Survey 2026 (Synthetic),2026,True
Manipur,Imphal,Tier 3,4861.74,602.02,4630.76,4248.82,2517.99,2209.82,89.0,freelance_other,1.15,35,4838.56,FINNA Illustrative Benchmark Survey 2026 (Synthetic),2026,True
Manipur,Imphal,Tier 3,4813.15,557.93,4524.39,4143.7,3255.64,2406.21,89.0,freelance_other,0.92,45,4232.15,FINNA Illustrative Benchmark Survey 2026 (Synthetic),2026,True
Manipur,Imphal,Tier 3,5083.56,662.67,4531.01,4038.22,3072.18,2366.23,89.0,freelance_other,1.0,45,5202.71,FINNA Illustrative Benchmark Survey 2026 (Synthetic),2026,True
Manipur,Imphal,Tier 3,5933.11,725.81,4506.45,3970.71,3179.58,2270.84,89.0,freelance_other,1.15,45,7645.81,FINNA Illustrative Benchmark Survey 2026 (Synthetic),2026,True
Manipur,Imphal,Tier 3,5311.8,798.21,4612.77,4303.99,3848.47,2217.75,89.0,freelance_other,0.92,55,5211.12,FINNA Illustrative Benchmark Survey 2026 (Synthetic),2026,True
Manipur,Imphal,Tier 3,5877.69,694.31,4690.15,4159.62,3862.37,2398.03,89.0,freelance_other,1.0,55,6721.15,FINNA Illustrative Benchmark Survey 2026 (Synthetic),2026,True
Manipur,Imphal,Tier 3,6922.15,737.69,4304.88,4237.43,3665.95,2219.97,89.0,freelance_other,1.15,55,10104.04,FINNA Illustrative Benchmark Survey 2026 (Synthetic),2026,True
Manipur,Imphal,Tier 3,6428.55,989.43,4665.42,3904.36,4255.88,2321.3,89.0,freelance_other,0.92,65,8247.63,FINNA Illustrative Benchmark Survey 2026 (Synthetic),2026,True
Manipur,Imphal,Tier 3,7015.69,1008.76,4539.1,4037.78,4212.03,2245.57,89.0,freelance_other,1.0,65,9973.25,FINNA Illustrative Benchmark Survey 2026 (Synthetic),2026,True
Manipur,Imphal,Tier 3,7877.86,1096.8,4605.71,3974.07,4418.02,2216.19,89.0,freelance_other,1.15,65,12283.14,FINNA Illustrative Benchmark Survey 2026 (Synthetic),2026,True
Manipur,Imphal,Tier 3,2718.42,339.63,4486.54,3981.27,2415.93,2187.65,89.0,mixed,0.92,25,1000.0,FINNA Illustrative Benchmark Survey 2026 (Synthetic),2026,True
Manipur,Imphal,Tier 3,3191.71,346.97,4296.79,3956.88,2331.2,2219.2,89.0,mixed,1.0,25,1000.0,FINNA Illustrative Benchmark Survey 2026 (Synthetic),2026,True
Manipur,Imphal,Tier 3,3430.06,484.35,4590.18,4083.74,2391.58,2344.21,89.0,mixed,1.15,25,1000.0,FINNA Illustrative Benchmark Survey 2026 (Synthetic),2026,True
Manipur,Imphal,Tier 3,3596.64,490.4,4610.71,3931.59,3145.54,2273.14,89.0,mixed,0.92,35,1048.11,FINNA Illustrative Benchmark Survey 2026 (Synthetic),2026,True
Manipur,Imphal,Tier 3,3934.04,436.06,4329.43,4190.88,3232.22,2361.55,89.0,mixed,1.0,35,1898.2,FINNA Illustrative Benchmark Survey 2026 (Synthetic),2026,True
Manipur,Imphal,Tier 3,4722.65,734.52,4616.98,4277.28,3167.68,2333.94,89.0,mixed,1.15,35,3934.58,FINNA Illustrative Benchmark Survey 2026 (Synthetic),2026,True
Manipur,Imphal,Tier 3,4667.66,477.13,4532.35,4071.89,4017.03,2309.98,89.0,mixed,0.92,45,3431.82,FINNA Illustrative Benchmark Survey 2026 (Synthetic),2026,True
Manipur,Imphal,Tier 3,5045.9,642.45,4669.59,4227.62,4160.08,2190.6,89.0,mixed,1.0,45,4290.56,FINNA Illustrative Benchmark Survey 2026 (Synthetic),2026,True
Manipur,Imphal,Tier 3,5850.47,684.05,4320.21,4011.62,4164.37,2350.52,89.0,mixed,1.15,45,6815.78,FINNA Illustrative Benchmark Survey 2026 (Synthetic),2026,True
Manipur,Imphal,Tier 3,5457.43,591.79,4426.72,3898.58,4939.95,2433.03,89.0,mixed,0.92,55,5156.05,FINNA Illustrative Benchmark Survey 2026 (Synthetic),2026,True
Manipur,Imphal,Tier 3,5708.71,669.08,4332.96,4239.4,4911.27,2355.37,89.0,mixed,1.0,55,5771.81,FINNA Illustrative Benchmark Survey 2026 (Synthetic),2026,True
Manipur,Imphal,Tier 3,6682.05,1056.17,4599.71,4239.25,4706.34,2366.82,89.0,mixed,1.15,55,8463.75,FINNA Illustrative Benchmark Survey 2026 (Synthetic),2026,True
Manipur,Imphal,Tier 3,6273.41,930.48,4371.58,4168.45,5710.25,2197.38,89.0,mixed,0.92,65,6965.53,FINNA Illustrative Benchmark Survey 2026 (Synthetic),2026,True
Manipur,Imphal,Tier 3,6840.16,887.81,4282.69,3934.84,5879.19,2194.75,89.0,mixed,1.0,65,8662.17,FINNA Illustrative Benchmark Survey 2026 (Synthetic),2026,True
Manipur,Imphal,Tier 3,7606.49,954.1,4436.56,4028.92,5606.2,2246.72,89.0,mixed,1.15,65,10801.51,FINNA Illustrative Benchmark Survey 2026 (Synthetic),2026,True
Nagaland,Kohima,Tier 3,2819.64,317.83,4382.44,4385.44,2423.85,2376.87,90.0,delivery,0.92,25,1000.0,FINNA Illustrative Benchmark Survey 2026 (Synthetic),2026,True
Nagaland,Kohima,Tier 3,2851.78,454.59,4797.89,4167.43,2324.88,2206.7,90.0,delivery,1.0,25,1000.0,FINNA Illustrative Benchmark Survey 2026 (Synthetic),2026,True
Nagaland,Kohima,Tier 3,3335.5,432.59,4397.74,4241.61,2268.4,2360.4,90.0,delivery,1.15,25,1000.0,FINNA Illustrative Benchmark Survey 2026 (Synthetic),2026,True
Nagaland,Kohima,Tier 3,3727.0,469.13,4766.5,3999.4,3113.12,2196.91,90.0,delivery,0.92,35,1340.29,FINNA Illustrative Benchmark Survey 2026 (Synthetic),2026,True
Nagaland,Kohima,Tier 3,3837.78,533.47,4784.52,4133.8,3121.48,2400.48,90.0,delivery,1.0,35,1415.25,FINNA Illustrative Benchmark Survey 2026 (Synthetic),2026,True
Nagaland,Kohima,Tier 3,4609.8,650.29,4665.34,4083.17,3235.86,2240.79,90.0,delivery,1.15,35,3727.93,FINNA Illustrative Benchmark Survey 2026 (Synthetic),2026,True
Nagaland,Kohima,Tier 3,4327.57,465.13,4653.42,4371.35,3959.85,2299.0,90.0,delivery,0.92,45,2245.59,FINNA Illustrative Benchmark Survey 2026 (Synthetic),2026,True
Nagaland,Kohima,Tier 3,4959.06,686.29,4539.54,4365.08,3928.8,2179.91,90.0,delivery,1.0,45,4198.61,FINNA Illustrative Benchmark Survey 2026 (Synthetic),2026,True
Nagaland,Kohima,Tier 3,5494.75,772.69,4829.1,4146.23,3966.11,2209.61,90.0,delivery,1.15,45,5616.79,FINNA Illustrative Benchmark Survey 2026 (Synthetic),2026,True
Nagaland,Kohima,Tier 3,5100.11,656.76,4418.96,4341.44,4684.61,2281.84,90.0,delivery,0.92,55,4131.81,FINNA Illustrative Benchmark Survey 2026 (Synthetic),2026,True
Nagaland,Kohima,Tier 3,5482.25,730.76,4723.81,4324.85,4785.2,2172.69,90.0,delivery,1.0,55,5025.54,FINNA Illustrative Benchmark Survey 2026 (Synthetic),2026,True
Nagaland,Kohima,Tier 3,6260.9,968.49,4734.56,4222.61,4626.97,2272.02,90.0,delivery,1.15,55,7314.8,FINNA Illustrative Benchmark Survey 2026 (Synthetic),2026,True
Nagaland,Kohima,Tier 3,6095.95,642.51,4444.46,4206.84,5574.97,2304.65,90.0,delivery,0.92,65,6411.95,FINNA Illustrative Benchmark Survey 2026 (Synthetic),2026,True
Nagaland,Kohima,Tier 3,6651.42,932.61,4575.97,4052.22,5346.59,2360.66,90.0,delivery,1.0,65,8102.39,FINNA Illustrative Benchmark Survey 2026 (Synthetic),2026,True
Nagaland,Kohima,Tier 3,7745.77,1101.9,4583.19,4072.1,5351.91,2287.02,90.0,delivery,1.15,65,11209.23,FINNA Illustrative Benchmark Survey 2026 (Synthetic),2026,True
Nagaland,Kohima,Tier 3,2992.44,382.18,4475.43,4023.48,2697.4,2402.18,90.0,ride_hailing,0.92,25,1000.0,FINNA Illustrative Benchmark Survey 2026 (Synthetic),2026,True
Nagaland,Kohima,Tier 3,3283.1,432.85,4496.75,4116.1,2866.05,2210.29,90.0,ride_hailing,1.0,25,1000.0,FINNA Illustrative Benchmark Survey 2026 (Synthetic),2026,True
Nagaland,Kohima,Tier 3,3880.31,393.8,4629.96,4066.32,2805.74,2307.76,90.0,ride_hailing,1.15,25,1944.78,FINNA Illustrative Benchmark Survey 2026 (Synthetic),2026,True
Nagaland,Kohima,Tier 3,3978.26,499.49,4567.56,4096.58,3645.93,2195.26,90.0,ride_hailing,0.92,35,1768.35,FINNA Illustrative Benchmark Survey 2026 (Synthetic),2026,True
Nagaland,Kohima,Tier 3,4201.75,470.34,4678.68,4356.31,3697.66,2273.11,90.0,ride_hailing,1.0,35,2072.08,FINNA Illustrative Benchmark Survey 2026 (Synthetic),2026,True
Nagaland,Kohima,Tier 3,5160.89,800.8,4572.16,4096.77,3769.52,2270.64,90.0,ride_hailing,1.15,35,4964.42,FINNA Illustrative Benchmark Survey 2026 (Synthetic),2026,True
Nagaland,Kohima,Tier 3,5073.8,531.41,4639.17,4210.34,4875.66,2355.06,90.0,ride_hailing,0.92,45,3828.06,FINNA Illustrative Benchmark Survey 2026 (Synthetic),2026,True
Nagaland,Kohima,Tier 3,5365.25,546.85,4820.72,4159.25,4721.71,2247.73,90.0,ride_hailing,1.0,45,4733.38,FINNA Illustrative Benchmark Survey 2026 (Synthetic),2026,True
Nagaland,Kohima,Tier 3,6098.48,825.48,4717.34,4323.94,4579.22,2324.43,90.0,ride_hailing,1.15,45,6799.97,FINNA Illustrative Benchmark Survey 2026 (Synthetic),2026,True
Nagaland,Kohima,Tier 3,5908.24,634.9,4486.07,3998.25,5760.82,2323.62,90.0,ride_hailing,0.92,55,5859.05,FINNA Illustrative Benchmark Survey 2026 (Synthetic),2026,True
Nagaland,Kohima,Tier 3,6359.81,995.24,4401.25,4290.26,5807.34,2398.79,90.0,ride_hailing,1.0,55,6916.22,FINNA Illustrative Benchmark Survey 2026 (Synthetic),2026,True
Nagaland,Kohima,Tier 3,7364.62,855.57,4371.39,4094.7,5916.68,2180.15,90.0,ride_hailing,1.15,55,9961.82,FINNA Illustrative Benchmark Survey 2026 (Synthetic),2026,True
Nagaland,Kohima,Tier 3,6838.71,701.23,4650.86,4200.77,6776.26,2244.15,90.0,ride_hailing,0.92,65,7630.72,FINNA Illustrative Benchmark Survey 2026 (Synthetic),2026,True
Nagaland,Kohima,Tier 3,7459.93,1113.79,4797.46,4155.9,6669.53,2435.16,90.0,ride_hailing,1.0,65,9258.24,FINNA Illustrative Benchmark Survey 2026 (Synthetic),2026,True
Nagaland,Kohima,Tier 3,8451.05,1173.7,4461.39,4237.93,6711.35,2386.57,90.0,ride_hailing,1.15,65,12217.27,FINNA Illustrative Benchmark Survey 2026 (Synthetic),2026,True
Nagaland,Kohima,Tier 3,2917.55,389.18,4504.6,4162.57,1885.12,2189.48,90.0,freelance_other,0.92,25,1000.0,FINNA Illustrative Benchmark Survey 2026 (Synthetic),2026,True
Nagaland,Kohima,Tier 3,3128.75,366.69,4392.59,4191.55,1867.48,2226.39,90.0,freelance_other,1.0,25,1000.0,FINNA Illustrative Benchmark Survey 2026 (Synthetic),2026,True
Nagaland,Kohima,Tier 3,3585.66,427.91,4454.19,4299.53,1974.19,2346.85,90.0,freelance_other,1.15,25,1593.25,FINNA Illustrative Benchmark Survey 2026 (Synthetic),2026,True
Nagaland,Kohima,Tier 3,3910.63,527.82,4789.51,4408.18,2565.04,2166.05,90.0,freelance_other,0.92,35,1952.76,FINNA Illustrative Benchmark Survey 2026 (Synthetic),2026,True
Nagaland,Kohima,Tier 3,4289.96,663.5,4445.97,4170.93,2676.74,2344.25,90.0,freelance_other,1.0,35,3209.46,FINNA Illustrative Benchmark Survey 2026 (Synthetic),2026,True
Nagaland,Kohima,Tier 3,4667.52,597.61,4607.16,4334.32,2584.52,2209.34,90.0,freelance_other,1.15,35,4208.76,FINNA Illustrative Benchmark Survey 2026 (Synthetic),2026,True
Nagaland,Kohima,Tier 3,4612.47,476.45,4442.84,4269.45,3107.89,2383.7,90.0,freelance_other,0.92,45,3749.27,FINNA Illustrative Benchmark Survey 2026 (Synthetic),2026,True
Nagaland,Kohima,Tier 3,5236.99,553.57,4798.21,4383.34,3344.66,2382.58,90.0,freelance_other,1.0,45,5048.79,FINNA Illustrative Benchmark Survey 2026 (Synthetic),2026,True
Nagaland,Kohima,Tier 3,5835.31,823.13,4715.43,4230.06,3254.67,2406.25,90.0,freelance_other,1.15,45,6929.31,FINNA Illustrative Benchmark Survey 2026 (Synthetic),2026,True
Nagaland,Kohima,Tier 3,5748.28,729.54,4437.44,4037.02,4016.7,2427.66,90.0,freelance_other,0.92,55,6481.3,FINNA Illustrative Benchmark Survey 2026 (Synthetic),2026,True
Nagaland,Kohima,Tier 3,6224.14,823.14,4657.94,4395.12,4001.77,2302.27,90.0,freelance_other,1.0,55,7535.73,FINNA Illustrative Benchmark Survey 2026 (Synthetic),2026,True
Nagaland,Kohima,Tier 3,7205.19,1088.59,4816.43,4379.79,3991.36,2245.94,90.0,freelance_other,1.15,55,10247.22,FINNA Illustrative Benchmark Survey 2026 (Synthetic),2026,True
Nagaland,Kohima,Tier 3,6261.14,910.81,4577.59,4359.67,4445.32,2303.63,90.0,freelance_other,0.92,65,7425.94,FINNA Illustrative Benchmark Survey 2026 (Synthetic),2026,True
Nagaland,Kohima,Tier 3,7247.88,973.14,4572.56,4202.88,4474.68,2165.18,90.0,freelance_other,1.0,65,10379.21,FINNA Illustrative Benchmark Survey 2026 (Synthetic),2026,True
Nagaland,Kohima,Tier 3,7848.56,1167.18,4489.37,4009.67,4487.86,2292.62,90.0,freelance_other,1.15,65,12158.08,FINNA Illustrative Benchmark Survey 2026 (Synthetic),2026,True
Nagaland,Kohima,Tier 3,2796.79,421.07,4757.37,4149.7,2381.07,2326.41,90.0,mixed,0.92,25,1000.0,FINNA Illustrative Benchmark Survey 2026 (Synthetic),2026,True
Nagaland,Kohima,Tier 3,3039.44,422.11,4408.65,4056.29,2539.85,2348.12,90.0,mixed,1.0,25,1000.0,FINNA Illustrative Benchmark Survey 2026 (Synthetic),2026,True
Nagaland,Kohima,Tier 3,3639.59,536.8,4645.95,4167.86,2542.37,2203.52,90.0,mixed,1.15,25,1429.82,FINNA Illustrative Benchmark Survey 2026 (Synthetic),2026,True
Nagaland,Kohima,Tier 3,3878.16,479.05,4803.9,4271.52,3426.65,2345.43,90.0,mixed,0.92,35,1264.21,FINNA Illustrative Benchmark Survey 2026 (Synthetic),2026,True
Nagaland,Kohima,Tier 3,3991.41,409.47,4533.13,4289.62,3269.48,2380.17,90.0,mixed,1.0,35,1826.76,FINNA Illustrative Benchmark Survey 2026 (Synthetic),2026,True
Nagaland,Kohima,Tier 3,4872.04,611.01,4533.12,4008.49,3440.42,2339.28,90.0,mixed,1.15,35,4403.51,FINNA Illustrative Benchmark Survey 2026 (Synthetic),2026,True
Nagaland,Kohima,Tier 3,4560.01,533.74,4781.13,4280.19,4199.46,2253.99,90.0,mixed,0.92,45,2749.55,FINNA Illustrative Benchmark Survey 2026 (Synthetic),2026,True
Nagaland,Kohima,Tier 3,5038.09,536.16,4798.26,4234.03,4300.05,2343.78,90.0,mixed,1.0,45,3990.23,FINNA Illustrative Benchmark Survey 2026 (Synthetic),2026,True
Nagaland,Kohima,Tier 3,5917.28,656.25,4664.4,4361.6,4322.53,2355.76,90.0,mixed,1.15,45,6446.4,FINNA Illustrative Benchmark Survey 2026 (Synthetic),2026,True
Nagaland,Kohima,Tier 3,5422.43,740.65,4546.52,4094.44,4913.18,2330.86,90.0,mixed,0.92,55,4936.18,FINNA Illustrative Benchmark Survey 2026 (Synthetic),2026,True
Nagaland,Kohima,Tier 3,5770.42,733.9,4513.7,4017.2,4811.75,2316.79,90.0,mixed,1.0,55,6062.21,FINNA Illustrative Benchmark Survey 2026 (Synthetic),2026,True
Nagaland,Kohima,Tier 3,6678.25,724.86,4821.36,4139.34,5111.56,2389.84,90.0,mixed,1.15,55,8095.57,FINNA Illustrative Benchmark Survey 2026 (Synthetic),2026,True
Nagaland,Kohima,Tier 3,6281.07,832.6,4427.53,4201.06,5854.18,2379.86,90.0,mixed,0.92,65,6717.36,FINNA Illustrative Benchmark Survey 2026 (Synthetic),2026,True
Nagaland,Kohima,Tier 3,6725.65,888.31,4615.04,4200.76,5872.9,2404.97,90.0,mixed,1.0,65,7818.46,FINNA Illustrative Benchmark Survey 2026 (Synthetic),2026,True
Nagaland,Kohima,Tier 3,7680.99,887.25,4590.58,4406.05,5937.53,2284.87,90.0,mixed,1.15,65,10425.78,FINNA Illustrative Benchmark Survey 2026 (Synthetic),2026,True
Mizoram,Aizawl,Tier 3,2743.66,344.32,4757.92,4016.63,2313.23,2317.76,91.0,delivery,0.92,25,1000.0,FINNA Illustrative Benchmark Survey 2026 (Synthetic),2026,True
Mizoram,Aizawl,Tier 3,3042.45,411.31,4820.64,4294.4,2324.11,2473.58,91.0,delivery,1.0,25,1000.0,FINNA Illustrative Benchmark Survey 2026 (Synthetic),2026,True
Mizoram,Aizawl,Tier 3,3436.1,511.61,4934.33,4356.72,2391.25,2287.09,91.0,delivery,1.15,25,1000.0,FINNA Illustrative Benchmark Survey 2026 (Synthetic),2026,True
Mizoram,Aizawl,Tier 3,3511.2,502.74,4885.39,4133.53,3304.77,2268.61,91.0,delivery,0.92,35,1000.0,FINNA Illustrative Benchmark Survey 2026 (Synthetic),2026,True
Mizoram,Aizawl,Tier 3,3829.38,510.75,4509.37,4129.63,3266.34,2262.32,91.0,delivery,1.0,35,1568.81,FINNA Illustrative Benchmark Survey 2026 (Synthetic),2026,True
Mizoram,Aizawl,Tier 3,4371.83,674.95,4595.86,4116.88,3091.84,2291.88,91.0,delivery,1.15,35,3141.82,FINNA Illustrative Benchmark Survey 2026 (Synthetic),2026,True
Mizoram,Aizawl,Tier 3,4273.76,508.89,4479.84,4071.16,3922.7,2264.14,91.0,delivery,0.92,45,2448.9,FINNA Illustrative Benchmark Survey 2026 (Synthetic),2026,True
Mizoram,Aizawl,Tier 3,4825.81,599.0,4494.69,4307.35,3984.97,2518.53,91.0,delivery,1.0,45,3633.64,FINNA Illustrative Benchmark Survey 2026 (Synthetic),2026,True
Mizoram,Aizawl,Tier 3,5629.31,823.82,4524.59,4098.65,4002.21,2472.87,91.0,delivery,1.15,45,6029.78,FINNA Illustrative Benchmark Survey 2026 (Synthetic),2026,True
Mizoram,Aizawl,Tier 3,5260.2,698.57,4914.52,4296.38,4919.85,2388.98,91.0,delivery,0.92,55,4067.01,FINNA Illustrative Benchmark Survey 2026 (Synthetic),2026,True
Mizoram,Aizawl,Tier 3,5681.7,601.2,4502.42,4103.77,4786.27,2542.64,91.0,delivery,1.0,55,5633.33,FINNA Illustrative Benchmark Survey 2026 (Synthetic),2026,True
Mizoram,Aizawl,Tier 3,6656.87,1001.09,4757.6,4376.03,4828.19,2528.79,91.0,delivery,1.15,55,8016.86,FINNA Illustrative Benchmark Survey 2026 (Synthetic),2026,True
Mizoram,Aizawl,Tier 3,5992.06,820.84,4718.05,4328.0,5443.69,2536.87,91.0,delivery,0.92,65,5797.36,FINNA Illustrative Benchmark Survey 2026 (Synthetic),2026,True
Mizoram,Aizawl,Tier 3,6435.19,882.35,4671.96,4380.73,5502.44,2345.96,91.0,delivery,1.0,65,7126.13,FINNA Illustrative Benchmark Survey 2026 (Synthetic),2026,True
Mizoram,Aizawl,Tier 3,7697.0,811.4,4624.93,4099.71,5472.39,2446.05,91.0,delivery,1.15,65,10845.2,FINNA Illustrative Benchmark Survey 2026 (Synthetic),2026,True
Mizoram,Aizawl,Tier 3,2959.25,404.89,4804.52,4275.4,2699.82,2453.99,91.0,ride_hailing,0.92,25,1000.0,FINNA Illustrative Benchmark Survey 2026 (Synthetic),2026,True
Mizoram,Aizawl,Tier 3,3314.07,403.25,4792.59,4150.23,2842.26,2357.16,91.0,ride_hailing,1.0,25,1000.0,FINNA Illustrative Benchmark Survey 2026 (Synthetic),2026,True
Mizoram,Aizawl,Tier 3,3686.76,386.06,4785.9,4015.98,2873.1,2410.89,91.0,ride_hailing,1.15,25,1220.57,FINNA Illustrative Benchmark Survey 2026 (Synthetic),2026,True
Mizoram,Aizawl,Tier 3,4112.19,610.46,4562.36,4122.04,3761.43,2460.29,91.0,ride_hailing,0.92,35,1884.78,FINNA Illustrative Benchmark Survey 2026 (Synthetic),2026,True
Mizoram,Aizawl,Tier 3,4243.85,555.44,4587.16,4146.4,3653.84,2395.83,91.0,ride_hailing,1.0,35,2335.22,FINNA Illustrative Benchmark Survey 2026 (Synthetic),2026,True
Mizoram,Aizawl,Tier 3,4849.59,657.83,4771.12,4116.48,3678.11,2408.74,91.0,ride_hailing,1.15,35,3915.78,FINNA Illustrative Benchmark Survey 2026 (Synthetic),2026,True
Mizoram,Aizawl,Tier 3,4977.72,551.21,4602.86,4148.06,4702.52,2505.17,91.0,ride_hailing,0.92,45,3636.7,FINNA Illustrative Benchmark Survey 2026 (Synthetic),2026,True
Mizoram,Aizawl,Tier 3,5498.8,794.21,4726.67,4172.66,4749.05,2270.4,91.0,ride_hailing,1.0,45,5129.17,FINNA Illustrative Benchmark Survey 2026 (Synthetic),2026,True
Mizoram,Aizawl,Tier 3,6325.43,732.03,4471.75,4322.01,4678.08,2377.99,91.0,ride_hailing,1.15,45,7500.53,FINNA Illustrative Benchmark Survey 2026 (Synthetic),2026,True
Mizoram,Aizawl,Tier 3,5767.21,838.41,4624.76,4364.83,5722.63,2481.36,91.0,ride_hailing,0.92,55,5055.99,FINNA Illustrative Benchmark Survey 2026 (Synthetic),2026,True
Mizoram,Aizawl,Tier 3,6240.48,743.47,4568.74,4318.13,5829.18,2264.32,91.0,ride_hailing,1.0,55,6526.59,FINNA Illustrative Benchmark Survey 2026 (Synthetic),2026,True
Mizoram,Aizawl,Tier 3,7072.97,1071.0,4638.68,4325.55,5861.33,2481.58,91.0,ride_hailing,1.15,55,8657.23,FINNA Illustrative Benchmark Survey 2026 (Synthetic),2026,True
Mizoram,Aizawl,Tier 3,6876.06,763.65,4661.8,4284.25,6377.53,2370.19,91.0,ride_hailing,0.92,65,7851.72,FINNA Illustrative Benchmark Survey 2026 (Synthetic),2026,True
Mizoram,Aizawl,Tier 3,7171.47,978.87,4572.58,4012.55,6716.45,2450.48,91.0,ride_hailing,1.0,65,8645.26,FINNA Illustrative Benchmark Survey 2026 (Synthetic),2026,True
Mizoram,Aizawl,Tier 3,8131.02,904.2,4547.21,4113.53,6858.5,2485.88,91.0,ride_hailing,1.15,65,11181.43,FINNA Illustrative Benchmark Survey 2026 (Synthetic),2026,True
Mizoram,Aizawl,Tier 3,2928.38,447.69,4791.16,4189.06,1888.04,2475.98,91.0,freelance_other,0.92,25,1000.0,FINNA Illustrative Benchmark Survey 2026 (Synthetic),2026,True
Mizoram,Aizawl,Tier 3,3230.42,398.66,4513.72,4064.29,1934.92,2284.78,91.0,freelance_other,1.0,25,1000.0,FINNA Illustrative Benchmark Survey 2026 (Synthetic),2026,True
Mizoram,Aizawl,Tier 3,3644.07,577.02,4701.58,4391.75,1908.17,2404.92,91.0,freelance_other,1.15,25,1542.06,FINNA Illustrative Benchmark Survey 2026 (Synthetic),2026,True
Mizoram,Aizawl,Tier 3,3846.4,398.48,4822.43,4401.36,2476.21,2392.68,91.0,freelance_other,0.92,35,1665.45,FINNA Illustrative Benchmark Survey 2026 (Synthetic),2026,True
Mizoram,Aizawl,Tier 3,4224.07,522.79,4799.15,4406.49,2499.46,2507.89,91.0,freelance_other,1.0,35,2650.2,FINNA Illustrative Benchmark Survey 2026 (Synthetic),2026,True
Mizoram,Aizawl,Tier 3,4724.41,641.25,4907.63,4176.52,2635.02,2259.92,91.0,freelance_other,1.15,35,4210.44,FINNA Illustrative Benchmark Survey 2026 (Synthetic),2026,True
Mizoram,Aizawl,Tier 3,4884.47,619.19,4932.28,4161.59,3168.79,2303.26,91.0,freelance_other,0.92,45,4279.49,FINNA Illustrative Benchmark Survey 2026 (Synthetic),2026,True
Mizoram,Aizawl,Tier 3,5313.39,555.61,4808.31,4376.2,3114.62,2408.28,91.0,freelance_other,1.0,45,5394.72,FINNA Illustrative Benchmark Survey 2026 (Synthetic),2026,True
Mizoram,Aizawl,Tier 3,5832.26,849.08,4690.0,4085.75,3190.13,2425.56,91.0,freelance_other,1.15,45,7060.46,FINNA Illustrative Benchmark Survey 2026 (Synthetic),2026,True
Mizoram,Aizawl,Tier 3,5570.99,808.65,4487.6,4222.73,4015.98,2439.04,91.0,freelance_other,0.92,55,5822.07,FINNA Illustrative Benchmark Survey 2026 (Synthetic),2026,True
Mizoram,Aizawl,Tier 3,6046.93,700.74,4706.61,4120.1,3752.77,2416.56,91.0,freelance_other,1.0,55,7271.66,FINNA Illustrative Benchmark Survey 2026 (Synthetic),2026,True
Mizoram,Aizawl,Tier 3,7169.13,933.48,4877.97,4142.05,3947.48,2529.61,91.0,freelance_other,1.15,55,10104.39,FINNA Illustrative Benchmark Survey 2026 (Synthetic),2026,True
Mizoram,Aizawl,Tier 3,6214.15,873.39,4666.74,4118.31,4449.41,2443.84,91.0,freelance_other,0.92,65,7298.83,FINNA Illustrative Benchmark Survey 2026 (Synthetic),2026,True
Mizoram,Aizawl,Tier 3,6917.89,752.24,4557.5,4359.62,4357.3,2528.01,91.0,freelance_other,1.0,65,9198.82,FINNA Illustrative Benchmark Survey 2026 (Synthetic),2026,True
Mizoram,Aizawl,Tier 3,7836.69,1118.89,4675.3,4313.3,4538.4,2468.11,91.0,freelance_other,1.15,65,11659.54,FINNA Illustrative Benchmark Survey 2026 (Synthetic),2026,True
Mizoram,Aizawl,Tier 3,3001.1,422.95,4756.77,4332.55,2381.02,2382.26,91.0,mixed,0.92,25,1000.0,FINNA Illustrative Benchmark Survey 2026 (Synthetic),2026,True
Mizoram,Aizawl,Tier 3,3210.89,468.31,4579.16,4113.26,2490.69,2469.77,91.0,mixed,1.0,25,1000.0,FINNA Illustrative Benchmark Survey 2026 (Synthetic),2026,True
Mizoram,Aizawl,Tier 3,3610.35,367.69,4872.78,4223.14,2439.07,2304.88,91.0,mixed,1.15,25,1165.41,FINNA Illustrative Benchmark Survey 2026 (Synthetic),2026,True
Mizoram,Aizawl,Tier 3,3679.03,472.7,4800.68,4265.12,3216.71,2499.88,91.0,mixed,0.92,35,1000.0,FINNA Illustrative Benchmark Survey 2026 (Synthetic),2026,True
Mizoram,Aizawl,Tier 3,4175.82,514.55,4581.06,4007.52,3288.23,2438.98,91.0,mixed,1.0,35,2447.58,FINNA Illustrative Benchmark Survey 2026 (Synthetic),2026,True
Mizoram,Aizawl,Tier 3,4583.71,625.83,4837.63,4086.41,3392.31,2400.88,91.0,mixed,1.15,35,3334.65,FINNA Illustrative Benchmark Survey 2026 (Synthetic),2026,True
Mizoram,Aizawl,Tier 3,4547.96,625.11,4572.84,4346.06,4307.44,2259.4,91.0,mixed,0.92,45,2734.5,FINNA Illustrative Benchmark Survey 2026 (Synthetic),2026,True
Mizoram,Aizawl,Tier 3,5233.65,794.43,4835.28,4300.93,4184.92,2461.96,91.0,mixed,1.0,45,4471.1,FINNA Illustrative Benchmark Survey 2026 (Synthetic),2026,True
Mizoram,Aizawl,Tier 3,5802.68,745.36,4599.7,4370.1,4294.55,2355.46,91.0,mixed,1.15,45,6178.77,FINNA Illustrative Benchmark Survey 2026 (Synthetic),2026,True
Mizoram,Aizawl,Tier 3,5373.52,619.28,4895.89,4391.31,4911.91,2379.12,91.0,mixed,0.92,55,4347.92,FINNA Illustrative Benchmark Survey 2026 (Synthetic),2026,True
Mizoram,Aizawl,Tier 3,6154.41,693.08,4716.49,4141.89,4833.52,2429.6,91.0,mixed,1.0,55,6842.61,FINNA Illustrative Benchmark Survey 2026 (Synthetic),2026,True
Mizoram,Aizawl,Tier 3,6741.84,959.19,4724.66,3996.54,5082.0,2473.63,91.0,mixed,1.15,55,8394.97,FINNA Illustrative Benchmark Survey 2026 (Synthetic),2026,True
Mizoram,Aizawl,Tier 3,6480.45,908.37,4578.23,4240.22,5655.47,2387.47,91.0,mixed,0.92,65,7279.32,FINNA Illustrative Benchmark Survey 2026 (Synthetic),2026,True
Mizoram,Aizawl,Tier 3,6879.91,960.88,4875.84,4298.84,5961.28,2419.55,91.0,mixed,1.0,65,7952.43,FINNA Illustrative Benchmark Survey 2026 (Synthetic),2026,True
Mizoram,Aizawl,Tier 3,7863.33,1062.96,4706.81,4055.1,5999.84,2454.89,91.0,mixed,1.15,65,10940.53,FINNA Illustrative Benchmark Survey 2026 (Synthetic),2026,True
Sikkim,Gangtok,Tier 2,3015.07,481.18,5888.7,4837.81,2582.05,2693.31,102.0,delivery,0.92,25,1000.0,FINNA Illustrative Benchmark Survey 2026 (Synthetic),2026,True
Sikkim,Gangtok,Tier 2,3335.22,423.46,5782.52,4740.88,2561.53,2567.01,102.0,delivery,1.0,25,1000.0,FINNA Illustrative Benchmark Survey 2026 (Synthetic),2026,True
Sikkim,Gangtok,Tier 2,3977.57,540.52,6148.62,4743.04,2607.55,2624.77,102.0,delivery,1.15,25,1000.0,FINNA Illustrative Benchmark Survey 2026 (Synthetic),2026,True
Sikkim,Gangtok,Tier 2,4250.94,637.21,6089.22,4844.35,3503.88,2614.29,102.0,delivery,0.92,35,1000.0,FINNA Illustrative Benchmark Survey 2026 (Synthetic),2026,True
Sikkim,Gangtok,Tier 2,4500.09,477.87,6285.47,5032.96,3647.0,2699.99,102.0,delivery,1.0,35,1182.98,FINNA Illustrative Benchmark Survey 2026 (Synthetic),2026,True
Sikkim,Gangtok,Tier 2,5102.58,760.36,6266.22,4831.96,3740.3,2705.53,102.0,delivery,1.15,35,2957.6,FINNA Illustrative Benchmark Survey 2026 (Synthetic),2026,True
Sikkim,Gangtok,Tier 2,5065.94,521.6,6046.84,5003.58,4395.0,2577.25,102.0,delivery,0.92,45,2543.35,FINNA Illustrative Benchmark Survey 2026 (Synthetic),2026,True
Sikkim,Gangtok,Tier 2,5639.13,568.96,5838.01,4986.7,4340.28,2762.1,102.0,delivery,1.0,45,4218.72,FINNA Illustrative Benchmark Survey 2026 (Synthetic),2026,True
Sikkim,Gangtok,Tier 2,6267.29,789.92,5768.77,4996.82,4517.86,2742.57,102.0,delivery,1.15,45,5922.37,FINNA Illustrative Benchmark Survey 2026 (Synthetic),2026,True
Sikkim,Gangtok,Tier 2,6046.87,807.18,6181.22,4790.81,5359.47,2541.63,102.0,delivery,0.92,55,4751.38,FINNA Illustrative Benchmark Survey 2026 (Synthetic),2026,True
Sikkim,Gangtok,Tier 2,6267.76,737.89,5923.6,4942.49,5317.3,2835.2,102.0,delivery,1.0,55,5278.53,FINNA Illustrative Benchmark Survey 2026 (Synthetic),2026,True
Sikkim,Gangtok,Tier 2,7298.37,972.01,6257.13,4871.94,5469.78,2565.56,102.0,delivery,1.15,55,8084.4,FINNA Illustrative Benchmark Survey 2026 (Synthetic),2026,True
Sikkim,Gangtok,Tier 2,6846.43,704.1,5989.55,4762.15,6412.47,2815.41,102.0,delivery,0.92,65,6282.55,FINNA Illustrative Benchmark Survey 2026 (Synthetic),2026,True
Sikkim,Gangtok,Tier 2,7519.8,839.96,5885.6,4975.85,6330.81,2807.59,102.0,delivery,1.0,65,8164.57,FINNA Illustrative Benchmark Survey 2026 (Synthetic),2026,True
Sikkim,Gangtok,Tier 2,8749.42,893.25,5819.13,4931.09,6043.26,2808.64,102.0,delivery,1.15,65,11883.86,FINNA Illustrative Benchmark Survey 2026 (Synthetic),2026,True
Sikkim,Gangtok,Tier 2,3473.01,385.31,5922.03,4951.48,3279.24,2846.61,102.0,ride_hailing,0.92,25,1000.0,FINNA Illustrative Benchmark Survey 2026 (Synthetic),2026,True
Sikkim,Gangtok,Tier 2,3831.03,483.68,5744.72,4569.38,3214.78,2679.24,102.0,ride_hailing,1.0,25,1000.0,FINNA Illustrative Benchmark Survey 2026 (Synthetic),2026,True
Sikkim,Gangtok,Tier 2,4540.12,636.1,5953.25,4604.17,3043.52,2747.73,102.0,ride_hailing,1.15,25,2151.53,FINNA Illustrative Benchmark Survey 2026 (Synthetic),2026,True
Sikkim,Gangtok,Tier 2,4765.33,562.05,5751.93,4603.34,4403.8,2859.77,102.0,ride_hailing,0.92,35,1959.78,FINNA Illustrative Benchmark Survey 2026 (Synthetic),2026,True
Sikkim,Gangtok,Tier 2,4902.46,573.25,6184.66,4819.99,4149.96,2736.97,102.0,ride_hailing,1.0,35,2168.45,FINNA Illustrative Benchmark Survey 2026 (Synthetic),2026,True
Sikkim,Gangtok,Tier 2,5959.54,807.45,6163.46,4785.33,4294.77,2542.87,102.0,ride_hailing,1.15,35,5211.95,FINNA Illustrative Benchmark Survey 2026 (Synthetic),2026,True
Sikkim,Gangtok,Tier 2,5790.97,843.24,5957.94,4823.15,5286.51,2583.63,102.0,ride_hailing,0.92,45,4175.39,FINNA Illustrative Benchmark Survey 2026 (Synthetic),2026,True
Sikkim,Gangtok,Tier 2,6176.9,828.0,6073.1,4636.47,5420.98,2792.31,102.0,ride_hailing,1.0,45,5085.03,FINNA Illustrative Benchmark Survey 2026 (Synthetic),2026,True
Sikkim,Gangtok,Tier 2,7099.84,939.99,6034.82,4809.62,5433.17,2576.33,102.0,ride_hailing,1.15,45,7727.44,FINNA Illustrative Benchmark Survey 2026 (Synthetic),2026,True
Sikkim,Gangtok,Tier 2,6696.42,943.71,6084.5,4935.16,6218.79,2547.93,102.0,ride_hailing,0.92,55,5985.93,FINNA Illustrative Benchmark Survey 2026 (Synthetic),2026,True
Sikkim,Gangtok,Tier 2,7437.73,935.11,5917.81,4965.07,6474.65,2828.56,102.0,ride_hailing,1.0,55,7812.53,FINNA Illustrative Benchmark Survey 2026 (Synthetic),2026,True
Sikkim,Gangtok,Tier 2,8032.63,1089.88,5775.9,5012.77,6249.73,2823.5,102.0,ride_hailing,1.15,55,9697.6,FINNA Illustrative Benchmark Survey 2026 (Synthetic),2026,True
Sikkim,Gangtok,Tier 2,7823.48,950.63,6209.56,4862.91,7529.86,2807.26,102.0,ride_hailing,0.92,65,8102.95,FINNA Illustrative Benchmark Survey 2026 (Synthetic),2026,True
Sikkim,Gangtok,Tier 2,8119.22,819.08,6286.67,4825.58,7187.73,2843.73,102.0,ride_hailing,1.0,65,9108.13,FINNA Illustrative Benchmark Survey 2026 (Synthetic),2026,True
Sikkim,Gangtok,Tier 2,9881.5,1206.66,5783.52,4594.96,7460.22,2646.74,102.0,ride_hailing,1.15,65,14495.95,FINNA Illustrative Benchmark Survey 2026 (Synthetic),2026,True
Sikkim,Gangtok,Tier 2,3324.7,523.44,5976.34,4779.32,2188.99,2755.39,102.0,freelance_other,0.92,25,1000.0,FINNA Illustrative Benchmark Survey 2026 (Synthetic),2026,True
Sikkim,Gangtok,Tier 2,3562.04,419.64,6061.27,4936.35,2083.98,2756.04,102.0,freelance_other,1.0,25,1000.0,FINNA Illustrative Benchmark Survey 2026 (Synthetic),2026,True
Sikkim,Gangtok,Tier 2,4331.51,576.46,5868.2,4852.1,2169.37,2842.55,102.0,freelance_other,1.15,25,1965.09,FINNA Illustrative Benchmark Survey 2026 (Synthetic),2026,True
Sikkim,Gangtok,Tier 2,4424.23,489.42,5784.55,5012.65,2876.48,2728.39,102.0,freelance_other,0.92,35,1790.65,FINNA Illustrative Benchmark Survey 2026 (Synthetic),2026,True
Sikkim,Gangtok,Tier 2,4814.18,715.72,6228.98,4998.44,2860.17,2774.98,102.0,freelance_other,1.0,35,2588.84,FINNA Illustrative Benchmark Survey 2026 (Synthetic),2026,True
Sikkim,Gangtok,Tier 2,5454.98,588.67,6193.98,4726.37,2867.0,2695.5,102.0,freelance_other,1.15,35,4639.19,FINNA Illustrative Benchmark Survey 2026 (Synthetic),2026,True
Sikkim,Gangtok,Tier 2,5611.26,668.51,6167.7,4620.68,3755.86,2583.86,102.0,freelance_other,0.92,45,4659.63,FINNA Illustrative Benchmark Survey 2026 (Synthetic),2026,True
Sikkim,Gangtok,Tier 2,6103.74,744.84,6198.3,4900.95,3514.08,2775.92,102.0,freelance_other,1.0,45,5875.96,FINNA Illustrative Benchmark Survey 2026 (Synthetic),2026,True
Sikkim,Gangtok,Tier 2,6592.39,817.18,6255.2,4991.27,3628.69,2846.01,102.0,freelance_other,1.15,45,7035.52,FINNA Illustrative Benchmark Survey 2026 (Synthetic),2026,True
Sikkim,Gangtok,Tier 2,6421.3,723.53,5781.61,4966.86,4367.96,2595.55,102.0,freelance_other,0.92,55,6559.96,FINNA Illustrative Benchmark Survey 2026 (Synthetic),2026,True
Sikkim,Gangtok,Tier 2,6813.63,910.3,5896.86,4906.14,4479.19,2539.64,102.0,freelance_other,1.0,55,7592.77,FINNA Illustrative Benchmark Survey 2026 (Synthetic),2026,True
Sikkim,Gangtok,Tier 2,7788.01,1021.87,6267.19,4952.08,4267.35,2761.19,102.0,freelance_other,1.15,55,10058.28,FINNA Illustrative Benchmark Survey 2026 (Synthetic),2026,True
Sikkim,Gangtok,Tier 2,7516.34,860.04,5781.75,4761.45,5043.84,2840.6,102.0,freelance_other,0.92,65,9176.77,FINNA Illustrative Benchmark Survey 2026 (Synthetic),2026,True
Sikkim,Gangtok,Tier 2,8302.99,1226.27,5923.88,4791.11,4909.26,2651.86,102.0,freelance_other,1.0,65,11489.29,FINNA Illustrative Benchmark Survey 2026 (Synthetic),2026,True
Sikkim,Gangtok,Tier 2,9281.19,1316.82,6269.27,4603.9,5119.11,2853.81,102.0,freelance_other,1.15,65,13871.95,FINNA Illustrative Benchmark Survey 2026 (Synthetic),2026,True
Sikkim,Gangtok,Tier 2,3341.58,503.34,6231.55,4612.42,2857.38,2565.92,102.0,mixed,0.92,25,1000.0,FINNA Illustrative Benchmark Survey 2026 (Synthetic),2026,True
Sikkim,Gangtok,Tier 2,3509.89,368.02,6228.07,4917.06,2726.09,2802.69,102.0,mixed,1.0,25,1000.0,FINNA Illustrative Benchmark Survey 2026 (Synthetic),2026,True
Sikkim,Gangtok,Tier 2,4237.77,437.31,6041.71,4655.81,2682.71,2560.97,102.0,mixed,1.15,25,1565.42,FINNA Illustrative Benchmark Survey 2026 (Synthetic),2026,True
Sikkim,Gangtok,Tier 2,4340.36,515.78,5708.82,5019.35,3699.01,2765.01,102.0,mixed,0.92,35,1041.02,FINNA Illustrative Benchmark Survey 2026 (Synthetic),2026,True
Sikkim,Gangtok,Tier 2,4929.48,518.57,6002.51,4936.9,3791.16,2644.02,102.0,mixed,1.0,35,2580.54,FINNA Illustrative Benchmark Survey 2026 (Synthetic),2026,True
Sikkim,Gangtok,Tier 2,5365.58,797.56,5784.51,4832.39,3762.96,2730.16,102.0,mixed,1.15,35,3979.91,FINNA Illustrative Benchmark Survey 2026 (Synthetic),2026,True
Sikkim,Gangtok,Tier 2,5394.96,819.56,5947.28,4623.12,4638.08,2847.92,102.0,mixed,0.92,45,3447.45,FINNA Illustrative Benchmark Survey 2026 (Synthetic),2026,True
Sikkim,Gangtok,Tier 2,5954.06,743.1,6139.62,5020.48,4840.88,2704.75,102.0,mixed,1.0,45,4598.98,FINNA Illustrative Benchmark Survey 2026 (Synthetic),2026,True
Sikkim,Gangtok,Tier 2,6512.08,836.46,6182.86,4949.25,4572.07,2830.15,102.0,mixed,1.15,45,6280.93,FINNA Illustrative Benchmark Survey 2026 (Synthetic),2026,True
Sikkim,Gangtok,Tier 2,6436.94,671.01,5854.69,4581.79,5599.08,2719.92,102.0,mixed,0.92,55,5925.71,FINNA Illustrative Benchmark Survey 2026 (Synthetic),2026,True
Sikkim,Gangtok,Tier 2,6933.67,785.63,5809.91,4784.77,5574.13,2852.55,102.0,mixed,1.0,55,7150.93,FINNA Illustrative Benchmark Survey 2026 (Synthetic),2026,True
Sikkim,Gangtok,Tier 2,8083.05,1161.55,5962.71,4811.53,5839.1,2616.39,102.0,mixed,1.15,55,10250.42,FINNA Illustrative Benchmark Survey 2026 (Synthetic),2026,True
Sikkim,Gangtok,Tier 2,7466.64,814.48,6017.96,4754.7,6465.96,2714.8,102.0,mixed,0.92,65,8045.14,FINNA Illustrative Benchmark Survey 2026 (Synthetic),2026,True
Sikkim,Gangtok,Tier 2,7591.03,954.62,5816.25,4823.02,6843.56,2860.85,102.0,mixed,1.0,65,8141.56,FINNA Illustrative Benchmark Survey 2026 (Synthetic),2026,True
Sikkim,Gangtok,Tier 2,9347.54,1456.88,6002.03,4822.64,6831.94,2641.01,102.0,mixed,1.15,65,13115.2,FINNA Illustrative Benchmark Survey 2026 (Synthetic),2026,True
Arunachal Pradesh,Itanagar,Tier 3,2556.6,396.96,4634.01,4153.56,2353.06,2175.16,89.0,delivery,0.92,25,1000.0,FINNA Illustrative Benchmark Survey 2026 (Synthetic),2026,True
Arunachal Pradesh,Itanagar,Tier 3,2758.47,283.7,4425.3,4077.66,2278.81,2141.05,89.0,delivery,1.0,25,1000.0,FINNA Illustrative Benchmark Survey 2026 (Synthetic),2026,True
Arunachal Pradesh,Itanagar,Tier 3,3149.3,382.97,4553.94,4039.5,2264.14,2172.83,89.0,delivery,1.15,25,1000.0,FINNA Illustrative Benchmark Survey 2026 (Synthetic),2026,True
Arunachal Pradesh,Itanagar,Tier 3,3362.87,373.17,4646.09,4138.57,3108.69,2155.99,89.0,delivery,0.92,35,1000.0,FINNA Illustrative Benchmark Survey 2026 (Synthetic),2026,True
Arunachal Pradesh,Itanagar,Tier 3,3822.9,406.87,4497.02,4181.93,3155.74,2243.85,89.0,delivery,1.0,35,1608.5,FINNA Illustrative Benchmark Survey 2026 (Synthetic),2026,True
Arunachal Pradesh,Itanagar,Tier 3,4339.31,665.52,4319.88,3929.17,2999.44,2273.63,89.0,delivery,1.15,35,3423.61,FINNA Illustrative Benchmark Survey 2026 (Synthetic),2026,True
Arunachal Pradesh,Itanagar,Tier 3,4381.44,463.05,4718.83,3902.83,3831.71,2145.86,89.0,delivery,0.92,45,2842.06,FINNA Illustrative Benchmark Survey 2026 (Synthetic),2026,True
Arunachal Pradesh,Itanagar,Tier 3,4762.81,671.17,4299.29,4183.11,3781.87,2074.28,89.0,delivery,1.0,45,4084.87,FINNA Illustrative Benchmark Survey 2026 (Synthetic),2026,True
Arunachal Pradesh,Itanagar,Tier 3,5381.87,657.97,4380.21,4230.2,4019.32,2252.44,89.0,delivery,1.15,45,5473.86,FINNA Illustrative Benchmark Survey 2026 (Synthetic),2026,True
Arunachal Pradesh,Itanagar,Tier 3,4822.58,533.51,4275.29,3928.9,4518.19,2183.56,89.0,delivery,0.92,55,3884.29,FINNA Illustrative Benchmark Survey 2026 (Synthetic),2026,True
Arunachal Pradesh,Itanagar,Tier 3,5341.97,788.65,4529.65,4252.49,4490.0,2109.69,89.0,delivery,1.0,55,5036.79,FINNA Illustrative Benchmark Survey 2026 (Synthetic),2026,True
Arunachal Pradesh,Itanagar,Tier 3,6195.11,921.51,4688.54,3927.37,4509.16,2124.65,89.0,delivery,1.15,55,7523.82,FINNA Illustrative Benchmark Survey 2026 (Synthetic),2026,True
Arunachal Pradesh,Itanagar,Tier 3,5821.83,646.14,4670.33,4291.31,5475.99,2249.21,89.0,delivery,0.92,65,5539.09,FINNA Illustrative Benchmark Survey 2026 (Synthetic),2026,True
Arunachal Pradesh,Itanagar,Tier 3,6099.3,841.84,4552.94,3908.12,5314.95,2320.35,89.0,delivery,1.0,65,6703.85,FINNA Illustrative Benchmark Survey 2026 (Synthetic),2026,True
Arunachal Pradesh,Itanagar,Tier 3,7147.32,1042.79,4591.88,4241.26,5393.35,2213.4,89.0,delivery,1.15,65,9430.2,FINNA Illustrative Benchmark Survey 2026 (Synthetic),2026,True
Arunachal Pradesh,Itanagar,Tier 3,3027.99,431.48,4540.45,4045.12,2622.11,2128.88,89.0,ride_hailing,0.92,25,1000.0,FINNA Illustrative Benchmark Survey 2026 (Synthetic),2026,True
Arunachal Pradesh,Itanagar,Tier 3,3245.54,337.36,4279.38,4055.99,2824.71,2232.22,89.0,ride_hailing,1.0,25,1000.0,FINNA Illustrative Benchmark Survey 2026 (Synthetic),2026,True
Arunachal Pradesh,Itanagar,Tier 3,3796.42,555.69,4280.49,4177.91,2742.22,2068.79,89.0,ride_hailing,1.15,25,2059.91,FINNA Illustrative Benchmark Survey 2026 (Synthetic),2026,True
Arunachal Pradesh,Itanagar,Tier 3,3810.3,595.4,4670.23,4070.65,3690.68,2252.46,89.0,ride_hailing,0.92,35,1179.48,FINNA Illustrative Benchmark Survey 2026 (Synthetic),2026,True
Arunachal Pradesh,Itanagar,Tier 3,4279.85,444.52,4519.24,4152.01,3809.72,2320.23,89.0,ride_hailing,1.0,35,2424.86,FINNA Illustrative Benchmark Survey 2026 (Synthetic),2026,True
Arunachal Pradesh,Itanagar,Tier 3,5010.61,602.32,4551.92,4260.68,3824.47,2162.82,89.0,ride_hailing,1.15,35,4482.43,FINNA Illustrative Benchmark Survey 2026 (Synthetic),2026,True
Arunachal Pradesh,Itanagar,Tier 3,4838.42,554.57,4443.21,4127.5,4494.21,2163.4,89.0,ride_hailing,0.92,45,3719.33,FINNA Illustrative Benchmark Survey 2026 (Synthetic),2026,True
Arunachal Pradesh,Itanagar,Tier 3,4975.04,515.21,4708.69,4128.45,4653.72,2238.05,89.0,ride_hailing,1.0,45,3778.46,FINNA Illustrative Benchmark Survey 2026 (Synthetic),2026,True
Arunachal Pradesh,Itanagar,Tier 3,5876.35,738.71,4686.3,4232.94,4461.75,2212.34,89.0,ride_hailing,1.15,45,6403.32,FINNA Illustrative Benchmark Survey 2026 (Synthetic),2026,True
Arunachal Pradesh,Itanagar,Tier 3,5684.68,731.33,4294.84,4180.14,5425.96,2194.45,89.0,ride_hailing,0.92,55,5537.53,FINNA Illustrative Benchmark Survey 2026 (Synthetic),2026,True
Arunachal Pradesh,Itanagar,Tier 3,5960.32,839.29,4597.5,4287.13,5612.37,2218.55,89.0,ride_hailing,1.0,55,5910.21,FINNA Illustrative Benchmark Survey 2026 (Synthetic),2026,True
Arunachal Pradesh,Itanagar,Tier 3,6866.61,926.05,4708.43,4048.74,5418.6,2068.73,89.0,ride_hailing,1.15,55,8767.15,FINNA Illustrative Benchmark Survey 2026 (Synthetic),2026,True
Arunachal Pradesh,Itanagar,Tier 3,6403.21,785.15,4656.63,3959.44,6350.8,2125.54,89.0,ride_hailing,0.92,65,6911.77,FINNA Illustrative Benchmark Survey 2026 (Synthetic),2026,True
Arunachal Pradesh,Itanagar,Tier 3,7039.2,1053.81,4307.8,3982.13,6377.27,2135.35,89.0,ride_hailing,1.0,65,8890.17,FINNA Illustrative Benchmark Survey 2026 (Synthetic),2026,True
Arunachal Pradesh,Itanagar,Tier 3,8265.5,917.63,4322.6,4115.27,6276.45,2084.14,89.0,ride_hailing,1.15,65,12344.25,FINNA Illustrative Benchmark Survey 2026 (Synthetic),2026,True
Arunachal Pradesh,Itanagar,Tier 3,2751.85,431.55,4591.11,3956.28,1895.88,2149.24,89.0,freelance_other,0.92,25,1000.0,FINNA Illustrative Benchmark Survey 2026 (Synthetic),2026,True
Arunachal Pradesh,Itanagar,Tier 3,3155.4,328.74,4606.75,3908.1,1784.78,2304.29,89.0,freelance_other,1.0,25,1000.0,FINNA Illustrative Benchmark Survey 2026 (Synthetic),2026,True
Arunachal Pradesh,Itanagar,Tier 3,3506.14,492.98,4435.28,3897.3,1892.18,2210.83,89.0,freelance_other,1.15,25,1784.9,FINNA Illustrative Benchmark Survey 2026 (Synthetic),2026,True
Arunachal Pradesh,Itanagar,Tier 3,3842.43,501.92,4384.34,3957.1,2589.2,2091.33,89.0,freelance_other,0.92,35,2350.24,FINNA Illustrative Benchmark Survey 2026 (Synthetic),2026,True
Arunachal Pradesh,Itanagar,Tier 3,4008.07,453.7,4336.24,4275.28,2464.54,2247.08,89.0,freelance_other,1.0,35,2620.67,FINNA Illustrative Benchmark Survey 2026 (Synthetic),2026,True
Arunachal Pradesh,Itanagar,Tier 3,4819.46,749.0,4480.44,4204.24,2607.9,2214.91,89.0,freelance_other,1.15,35,4784.5,FINNA Illustrative Benchmark Survey 2026 (Synthetic),2026,True
Arunachal Pradesh,Itanagar,Tier 3,4746.81,603.17,4660.74,4247.89,3041.27,2224.66,89.0,freelance_other,0.92,45,4146.43,FINNA Illustrative Benchmark Survey 2026 (Synthetic),2026,True
Arunachal Pradesh,Itanagar,Tier 3,5005.2,627.7,4350.37,3914.03,3259.04,2131.43,89.0,freelance_other,1.0,45,5211.47,FINNA Illustrative Benchmark Survey 2026 (Synthetic),2026,True
Arunachal Pradesh,Itanagar,Tier 3,5791.37,885.72,4633.8,4257.75,3054.79,2165.69,89.0,freelance_other,1.15,45,7126.99,FINNA Illustrative Benchmark Survey 2026 (Synthetic),2026,True
Arunachal Pradesh,Itanagar,Tier 3,5396.97,564.87,4482.87,4084.98,3624.26,2225.3,89.0,freelance_other,0.92,55,5818.46,FINNA Illustrative Benchmark Survey 2026 (Synthetic),2026,True
Arunachal Pradesh,Itanagar,Tier 3,5622.84,712.39,4315.88,4036.14,3665.68,2256.42,89.0,freelance_other,1.0,55,6547.31,FINNA Illustrative Benchmark Survey 2026 (Synthetic),2026,True
Arunachal Pradesh,Itanagar,Tier 3,6762.41,749.65,4469.15,4287.55,3646.65,2277.95,89.0,freelance_other,1.15,55,9489.96,FINNA Illustrative Benchmark Survey 2026 (Synthetic),2026,True
Arunachal Pradesh,Itanagar,Tier 3,6290.58,693.57,4433.66,4268.26,4478.84,2205.88,89.0,freelance_other,0.92,65,7703.52,FINNA Illustrative Benchmark Survey 2026 (Synthetic),2026,True
Arunachal Pradesh,Itanagar,Tier 3,6936.62,994.48,4583.88,4126.87,4355.55,2272.02,89.0,freelance_other,1.0,65,9553.21,FINNA Illustrative Benchmark Survey 2026 (Synthetic),2026,True
Arunachal Pradesh,Itanagar,Tier 3,7725.79,870.59,4442.14,4120.6,4232.18,2223.37,89.0,freelance_other,1.15,65,11982.35,FINNA Illustrative Benchmark Survey 2026 (Synthetic),2026,True
Arunachal Pradesh,Itanagar,Tier 3,2728.85,395.62,4585.62,4087.88,2437.13,2092.87,89.0,mixed,0.92,25,1000.0,FINNA Illustrative Benchmark Survey 2026 (Synthetic),2026,True
Arunachal Pradesh,Itanagar,Tier 3,3024.7,310.54,4297.65,4301.89,2367.24,2130.39,89.0,mixed,1.0,25,1000.0,FINNA Illustrative Benchmark Survey 2026 (Synthetic),2026,True
Arunachal Pradesh,Itanagar,Tier 3,3472.58,515.67,4546.74,3983.54,2407.11,2167.12,89.0,mixed,1.15,25,1255.64,FINNA Illustrative Benchmark Survey 2026 (Synthetic),2026,True
Arunachal Pradesh,Itanagar,Tier 3,3779.76,493.3,4536.85,4263.68,3324.99,2140.89,89.0,mixed,0.92,35,1364.97,FINNA Illustrative Benchmark Survey 2026 (Synthetic),2026,True
Arunachal Pradesh,Itanagar,Tier 3,4114.42,488.22,4299.04,3934.35,3249.73,2112.38,89.0,mixed,1.0,35,2742.96,FINNA Illustrative Benchmark Survey 2026 (Synthetic),2026,True
Arunachal Pradesh,Itanagar,Tier 3,4655.85,510.98,4299.29,4120.99,3275.99,2209.68,89.0,mixed,1.15,35,4065.02,FINNA Illustrative Benchmark Survey 2026 (Synthetic),2026,True
Arunachal Pradesh,Itanagar,Tier 3,4530.88,681.09,4377.89,4166.62,3957.83,2134.52,89.0,mixed,0.92,45,3238.2,FINNA Illustrative Benchmark Survey 2026 (Synthetic),2026,True
Arunachal Pradesh,Itanagar,Tier 3,4789.18,618.94,4400.44,3981.68,3950.07,2265.82,89.0,mixed,1.0,45,3990.44,FINNA Illustrative Benchmark Survey 2026 (Synthetic),2026,True
Arunachal Pradesh,Itanagar,Tier 3,5618.57,598.84,4464.66,4285.93,4024.38,2227.05,89.0,mixed,1.15,45,6062.15,FINNA Illustrative Benchmark Survey 2026 (Synthetic),2026,True
Arunachal Pradesh,Itanagar,Tier 3,5159.79,519.14,4331.94,4152.19,4685.68,2077.53,89.0,mixed,0.92,55,4611.46,FINNA Illustrative Benchmark Survey 2026 (Synthetic),2026,True
Arunachal Pradesh,Itanagar,Tier 3,5613.79,578.46,4696.7,4180.31,4766.02,2102.64,89.0,mixed,1.0,55,5565.33,FINNA Illustrative Benchmark Survey 2026 (Synthetic),2026,True
Arunachal Pradesh,Itanagar,Tier 3,6725.08,873.46,4657.72,3947.15,5022.2,2132.34,89.0,mixed,1.15,55,8684.12,FINNA Illustrative Benchmark Survey 2026 (Synthetic),2026,True
Arunachal Pradesh,Itanagar,Tier 3,6170.35,632.37,4624.58,3948.56,5482.37,2156.56,89.0,mixed,0.92,65,6828.6,FINNA Illustrative Benchmark Survey 2026 (Synthetic),2026,True
Arunachal Pradesh,Itanagar,Tier 3,6353.14,731.93,4363.67,4174.69,5813.91,2158.93,89.0,mixed,1.0,65,7148.63,FINNA Illustrative Benchmark Survey 2026 (Synthetic),2026,True
Arunachal Pradesh,Itanagar,Tier 3,7758.54,883.3,4647.68,4082.34,5601.29,2306.42,89.0,mixed,1.15,65,11021.89,FINNA Illustrative Benchmark Survey 2026 (Synthetic),2026,True
Ladakh,Leh,Tier 3,2803.91,370.78,5393.93,4498.39,2558.66,2398.57,99.0,delivery,0.92,25,1000.0,FINNA Illustrative Benchmark Survey 2026 (Synthetic),2026,True
Ladakh,Leh,Tier 3,3174.28,396.6,5814.74,4787.32,2711.75,2490.9,99.0,delivery,1.0,25,1000.0,FINNA Illustrative Benchmark Survey 2026 (Synthetic),2026,True
Ladakh,Leh,Tier 3,3586.65,489.53,5801.94,4539.79,2713.2,2509.27,99.0,delivery,1.15,25,1000.0,FINNA Illustrative Benchmark Survey 2026 (Synthetic),2026,True
Ladakh,Leh,Tier 3,3701.93,544.59,5467.66,4860.81,3670.72,2596.35,99.0,delivery,0.92,35,1000.0,FINNA Illustrative Benchmark Survey 2026 (Synthetic),2026,True
Ladakh,Leh,Tier 3,4006.42,493.69,5410.83,4731.72,3687.88,2410.91,99.0,delivery,1.0,35,1000.0,FINNA Illustrative Benchmark Survey 2026 (Synthetic),2026,True
Ladakh,Leh,Tier 3,4627.1,597.87,5600.61,4637.44,3617.51,2460.57,99.0,delivery,1.15,35,2417.49,FINNA Illustrative Benchmark Survey 2026 (Synthetic),2026,True
Ladakh,Leh,Tier 3,4820.09,725.36,5828.15,4681.44,4606.44,2617.28,99.0,delivery,0.92,45,2039.49,FINNA Illustrative Benchmark Survey 2026 (Synthetic),2026,True
Ladakh,Leh,Tier 3,5052.33,717.56,5840.72,4504.53,4519.39,2468.11,99.0,delivery,1.0,45,2953.5,FINNA Illustrative Benchmark Survey 2026 (Synthetic),2026,True
Ladakh,Leh,Tier 3,5800.1,685.52,5480.69,4823.64,4426.41,2546.81,99.0,delivery,1.15,45,5093.97,FINNA Illustrative Benchmark Survey 2026 (Synthetic),2026,True
Ladakh,Leh,Tier 3,5505.1,693.03,5868.63,4786.88,5453.99,2406.57,99.0,delivery,0.92,55,3458.66,FINNA Illustrative Benchmark Survey 2026 (Synthetic),2026,True
Ladakh,Leh,Tier 3,5879.8,735.03,5324.78,4769.19,5355.45,2486.08,99.0,delivery,1.0,55,4890.62,FINNA Illustrative Benchmark Survey 2026 (Synthetic),2026,True
Ladakh,Leh,Tier 3,6709.08,738.92,5395.43,4879.57,5243.18,2438.66,99.0,delivery,1.15,55,7210.76,FINNA Illustrative Benchmark Survey 2026 (Synthetic),2026,True
Ladakh,Leh,Tier 3,6164.06,696.46,5550.12,4529.6,6451.53,2453.06,99.0,delivery,0.92,65,5008.95,FINNA Illustrative Benchmark Survey 2026 (Synthetic),2026,True
Ladakh,Leh,Tier 3,6980.1,989.26,5469.27,4536.11,6376.31,2605.05,99.0,delivery,1.0,65,7304.11,FINNA Illustrative Benchmark Survey 2026 (Synthetic),2026,True
Ladakh,Leh,Tier 3,8015.49,1260.82,5618.93,4696.71,6530.78,2635.11,99.0,delivery,1.15,65,9896.6,FINNA Illustrative Benchmark Survey 2026 (Synthetic),2026,True
Ladakh,Leh,Tier 3,3275.84,473.01,5840.97,4534.33,3101.05,2443.34,99.0,ride_hailing,0.92,25,1000.0,FINNA Illustrative Benchmark Survey 2026 (Synthetic),2026,True
Ladakh,Leh,Tier 3,3617.97,380.17,5656.44,4785.87,3107.02,2410.3,99.0,ride_hailing,1.0,25,1000.0,FINNA Illustrative Benchmark Survey 2026 (Synthetic),2026,True
Ladakh,Leh,Tier 3,4004.3,457.95,5395.03,4918.88,3290.86,2634.17,99.0,ride_hailing,1.15,25,1000.0,FINNA Illustrative Benchmark Survey 2026 (Synthetic),2026,True
Ladakh,Leh,Tier 3,4438.59,493.57,5524.75,4492.07,4297.8,2417.47,99.0,ride_hailing,0.92,35,1616.55,FINNA Illustrative Benchmark Survey 2026 (Synthetic),2026,True
Ladakh,Leh,Tier 3,4559.28,511.27,5776.53,4845.19,4198.09,2373.61,99.0,ride_hailing,1.0,35,1656.37,FINNA Illustrative Benchmark Survey 2026 (Synthetic),2026,True
Ladakh,Leh,Tier 3,5488.52,828.22,5616.24,4655.66,4243.69,2565.63,99.0,ride_hailing,1.15,35,4344.65,FINNA Illustrative Benchmark Survey 2026 (Synthetic),2026,True
Ladakh,Leh,Tier 3,5200.3,665.71,5727.55,4895.58,5402.4,2430.57,99.0,ride_hailing,0.92,45,2639.78,FINNA Illustrative Benchmark Survey 2026 (Synthetic),2026,True
Ladakh,Leh,Tier 3,5634.69,716.8,5648.62,4885.61,5502.92,2430.48,99.0,ride_hailing,1.0,45,3854.88,FINNA Illustrative Benchmark Survey 2026 (Synthetic),2026,True
Ladakh,Leh,Tier 3,6711.78,1034.21,5676.01,4910.09,5315.01,2421.98,99.0,ride_hailing,1.15,45,6980.3,FINNA Illustrative Benchmark Survey 2026 (Synthetic),2026,True
Ladakh,Leh,Tier 3,6130.9,786.79,5800.06,4649.72,6661.04,2528.39,99.0,ride_hailing,0.92,55,4489.93,FINNA Illustrative Benchmark Survey 2026 (Synthetic),2026,True
Ladakh,Leh,Tier 3,6735.17,1062.38,5355.61,4563.05,6325.79,2373.72,99.0,ride_hailing,1.0,55,6854.33,FINNA Illustrative Benchmark Survey 2026 (Synthetic),2026,True
Ladakh,Leh,Tier 3,7646.61,934.39,5619.87,4891.88,6476.37,2627.59,99.0,ride_hailing,1.15,55,8771.17,FINNA Illustrative Benchmark Survey 2026 (Synthetic),2026,True
Ladakh,Leh,Tier 3,7352.74,1139.85,5491.56,4506.14,7388.8,2578.13,99.0,ride_hailing,0.92,65,7717.28,FINNA Illustrative Benchmark Survey 2026 (Synthetic),2026,True
Ladakh,Leh,Tier 3,7781.51,929.0,5846.37,4735.59,7421.96,2603.27,99.0,ride_hailing,1.0,65,8506.39,FINNA Illustrative Benchmark Survey 2026 (Synthetic),2026,True
Ladakh,Leh,Tier 3,8654.45,1308.61,5454.14,4678.0,7771.45,2391.01,99.0,ride_hailing,1.15,65,11166.46,FINNA Illustrative Benchmark Survey 2026 (Synthetic),2026,True
Ladakh,Leh,Tier 3,3096.32,442.91,5872.89,4589.88,2133.64,2629.94,99.0,freelance_other,0.92,25,1000.0,FINNA Illustrative Benchmark Survey 2026 (Synthetic),2026,True
Ladakh,Leh,Tier 3,3343.24,534.46,5854.05,4770.81,2167.88,2424.34,99.0,freelance_other,1.0,25,1000.0,FINNA Illustrative Benchmark Survey 2026 (Synthetic),2026,True
Ladakh,Leh,Tier 3,4036.04,631.47,5777.28,4606.47,2121.91,2442.68,99.0,freelance_other,1.15,25,1643.01,FINNA Illustrative Benchmark Survey 2026 (Synthetic),2026,True
Ladakh,Leh,Tier 3,4195.71,433.63,5637.28,4568.41,2978.17,2417.8,99.0,freelance_other,0.92,35,1667.75,FINNA Illustrative Benchmark Survey 2026 (Synthetic),2026,True
Ladakh,Leh,Tier 3,4647.57,654.56,5330.12,4716.05,2958.56,2386.59,99.0,freelance_other,1.0,35,3076.23,FINNA Illustrative Benchmark Survey 2026 (Synthetic),2026,True
Ladakh,Leh,Tier 3,5336.08,796.77,5835.06,4531.78,2826.56,2460.51,99.0,freelance_other,1.15,35,4843.36,FINNA Illustrative Benchmark Survey 2026 (Synthetic),2026,True
Ladakh,Leh,Tier 3,5087.22,536.92,5842.22,4597.0,3554.54,2458.82,99.0,freelance_other,0.92,45,3623.8,FINNA Illustrative Benchmark Survey 2026 (Synthetic),2026,True
Ladakh,Leh,Tier 3,5714.86,667.28,5821.91,4668.48,3773.67,2589.25,99.0,freelance_other,1.0,45,5129.82,FINNA Illustrative Benchmark Survey 2026 (Synthetic),2026,True
Ladakh,Leh,Tier 3,6212.46,935.9,5684.27,4783.99,3523.01,2499.17,99.0,freelance_other,1.15,45,6766.18,FINNA Illustrative Benchmark Survey 2026 (Synthetic),2026,True
Ladakh,Leh,Tier 3,6041.97,663.51,5682.94,4848.46,4212.2,2508.71,99.0,freelance_other,0.92,55,5791.12,FINNA Illustrative Benchmark Survey 2026 (Synthetic),2026,True
Ladakh,Leh,Tier 3,6647.26,1013.83,5779.4,4569.61,4359.1,2485.89,99.0,freelance_other,1.0,55,7532.61,FINNA Illustrative Benchmark Survey 2026 (Synthetic),2026,True
Ladakh,Leh,Tier 3,7513.33,931.79,5501.39,4553.5,4367.27,2383.44,99.0,freelance_other,1.15,55,10222.63,FINNA Illustrative Benchmark Survey 2026 (Synthetic),2026,True
Ladakh,Leh,Tier 3,7075.99,981.74,5346.12,4823.7,5170.36,2594.59,99.0,freelance_other,0.92,65,8257.77,FINNA Illustrative Benchmark Survey 2026 (Synthetic),2026,True
Ladakh,Leh,Tier 3,7633.3,1190.38,5355.21,4900.96,5034.89,2544.72,99.0,freelance_other,1.0,65,9890.67,FINNA Illustrative Benchmark Survey 2026 (Synthetic),2026,True
Ladakh,Leh,Tier 3,8671.84,890.93,5334.18,4536.43,5233.9,2403.45,99.0,freelance_other,1.15,65,13026.72,FINNA Illustrative Benchmark Survey 2026 (Synthetic),2026,True
Ladakh,Leh,Tier 3,2980.03,353.29,5499.08,4776.41,2886.16,2385.97,99.0,mixed,0.92,25,1000.0,FINNA Illustrative Benchmark Survey 2026 (Synthetic),2026,True
Ladakh,Leh,Tier 3,3212.04,379.24,5861.89,4790.38,2702.91,2625.54,99.0,mixed,1.0,25,1000.0,FINNA Illustrative Benchmark Survey 2026 (Synthetic),2026,True
Ladakh,Leh,Tier 3,3920.08,516.45,5671.43,4505.82,2896.88,2622.53,99.0,mixed,1.15,25,1000.0,FINNA Illustrative Benchmark Survey 2026 (Synthetic),2026,True
Ladakh,Leh,Tier 3,3949.67,441.92,5668.56,4630.0,3668.15,2582.67,99.0,mixed,0.92,35,1000.0,FINNA Illustrative Benchmark Survey 2026 (Synthetic),2026,True
Ladakh,Leh,Tier 3,4285.21,613.86,5656.52,4552.65,3840.8,2606.78,99.0,mixed,1.0,35,1233.84,FINNA Illustrative Benchmark Survey 2026 (Synthetic),2026,True
Ladakh,Leh,Tier 3,5174.11,624.2,5722.72,4919.19,3727.92,2617.98,99.0,mixed,1.15,35,3520.46,FINNA Illustrative Benchmark Survey 2026 (Synthetic),2026,True
Ladakh,Leh,Tier 3,5036.89,568.12,5451.39,4544.42,4782.95,2581.26,99.0,mixed,0.92,45,2892.31,FINNA Illustrative Benchmark Survey 2026 (Synthetic),2026,True
Ladakh,Leh,Tier 3,5381.22,763.91,5426.46,4710.44,4770.84,2350.43,99.0,mixed,1.0,45,3927.63,FINNA Illustrative Benchmark Survey 2026 (Synthetic),2026,True
Ladakh,Leh,Tier 3,6149.06,789.67,5708.36,4885.37,4855.48,2584.56,99.0,mixed,1.15,45,5584.58,FINNA Illustrative Benchmark Survey 2026 (Synthetic),2026,True
Ladakh,Leh,Tier 3,5734.34,651.41,5559.02,4703.42,5880.21,2490.86,99.0,mixed,0.92,55,4027.52,FINNA Illustrative Benchmark Survey 2026 (Synthetic),2026,True
Ladakh,Leh,Tier 3,6164.73,634.58,5866.63,4486.41,5524.57,2532.14,99.0,mixed,1.0,55,5384.3,FINNA Illustrative Benchmark Survey 2026 (Synthetic),2026,True
Ladakh,Leh,Tier 3,7497.68,804.11,5603.17,4539.45,5826.52,2464.34,99.0,mixed,1.15,55,9120.46,FINNA Illustrative Benchmark Survey 2026 (Synthetic),2026,True
Ladakh,Leh,Tier 3,6507.98,842.68,5407.34,4511.9,6661.84,2635.65,99.0,mixed,0.92,65,5825.84,FINNA Illustrative Benchmark Survey 2026 (Synthetic),2026,True
Ladakh,Leh,Tier 3,7589.47,860.16,5859.14,4783.55,6655.15,2404.87,99.0,mixed,1.0,65,8553.8,FINNA Illustrative Benchmark Survey 2026 (Synthetic),2026,True
Ladakh,Leh,Tier 3,8128.9,1231.87,5693.08,4860.65,6551.17,2562.24,99.0,mixed,1.15,65,10095.15,FINNA Illustrative Benchmark Survey 2026 (Synthetic),2026,True
Andaman and Nicobar Islands,Port Blair,Tier 3,3009.64,456.18,6373.2,5089.02,2683.8,2679.17,105.0,delivery,0.92,25,1000.0,FINNA Illustrative Benchmark Survey 2026 (Synthetic),2026,True
Andaman and Nicobar Islands,Port Blair,Tier 3,3236.37,364.38,6491.32,4955.51,2763.61,2491.66,105.0,delivery,1.0,25,1000.0,FINNA Illustrative Benchmark Survey 2026 (Synthetic),2026,True
Andaman and Nicobar Islands,Port Blair,Tier 3,3973.79,616.65,6205.18,5168.72,2777.45,2535.12,105.0,delivery,1.15,25,1000.0,FINNA Illustrative Benchmark Survey 2026 (Synthetic),2026,True
Andaman and Nicobar Islands,Port Blair,Tier 3,4203.59,507.65,6504.04,5282.61,3704.26,2667.81,105.0,delivery,0.92,35,1000.0,FINNA Illustrative Benchmark Survey 2026 (Synthetic),2026,True
Andaman and Nicobar Islands,Port Blair,Tier 3,4452.36,628.32,6423.34,4936.11,3819.9,2570.37,105.0,delivery,1.0,35,1000.0,FINNA Illustrative Benchmark Survey 2026 (Synthetic),2026,True
Andaman and Nicobar Islands,Port Blair,Tier 3,5003.79,746.88,6273.12,5351.46,3599.61,2648.7,105.0,delivery,1.15,35,2465.79,FINNA Illustrative Benchmark Survey 2026 (Synthetic),2026,True
Andaman and Nicobar Islands,Port Blair,Tier 3,5127.06,587.23,6446.2,5248.08,4612.16,2693.21,105.0,delivery,0.92,45,2080.34,FINNA Illustrative Benchmark Survey 2026 (Synthetic),2026,True
Andaman and Nicobar Islands,Port Blair,Tier 3,5212.8,723.88,6219.58,4983.49,4687.89,2597.43,105.0,delivery,1.0,45,2653.97,FINNA Illustrative Benchmark Survey 2026 (Synthetic),2026,True
Andaman and Nicobar Islands,Port Blair,Tier 3,6013.54,686.62,6191.05,5005.78,4751.86,2740.33,105.0,delivery,1.15,45,4777.25,FINNA Illustrative Benchmark Survey 2026 (Synthetic),2026,True
Andaman and Nicobar Islands,Port Blair,Tier 3,5984.11,832.94,6090.85,4851.91,5605.32,2512.56,105.0,delivery,0.92,55,4452.86,FINNA Illustrative Benchmark Survey 2026 (Synthetic),2026,True
Andaman and Nicobar Islands,Port Blair,Tier 3,6307.48,782.62,5925.55,5245.12,5607.08,2515.52,105.0,delivery,1.0,55,5211.78,FINNA Illustrative Benchmark Survey 2026 (Synthetic),2026,True
Andaman and Nicobar Islands,Port Blair,Tier 3,7512.93,964.75,6116.53,4877.26,5636.54,2690.72,105.0,delivery,1.15,55,8586.46,FINNA Illustrative Benchmark Survey 2026 (Synthetic),2026,True
Andaman and Nicobar Islands,Port Blair,Tier 3,6471.94,770.84,6242.58,5252.63,6657.16,2649.82,105.0,delivery,0.92,65,4693.85,FINNA Illustrative Benchmark Survey 2026 (Synthetic),2026,True
Andaman and Nicobar Islands,Port Blair,Tier 3,7223.51,907.9,6336.64,4881.73,6466.47,2730.51,105.0,delivery,1.0,65,7060.59,FINNA Illustrative Benchmark Survey 2026 (Synthetic),2026,True
Andaman and Nicobar Islands,Port Blair,Tier 3,8289.52,1041.96,5900.48,5321.01,6222.09,2668.92,105.0,delivery,1.15,65,10257.73,FINNA Illustrative Benchmark Survey 2026 (Synthetic),2026,True
Andaman and Nicobar Islands,Port Blair,Tier 3,3461.59,390.09,6089.05,5124.03,3203.66,2501.68,105.0,ride_hailing,0.92,25,1000.0,FINNA Illustrative Benchmark Survey 2026 (Synthetic),2026,True
Andaman and Nicobar Islands,Port Blair,Tier 3,3728.16,372.93,5974.99,4974.35,3223.59,2493.39,105.0,ride_hailing,1.0,25,1000.0,FINNA Illustrative Benchmark Survey 2026 (Synthetic),2026,True
Andaman and Nicobar Islands,Port Blair,Tier 3,4128.54,567.12,6294.26,4894.01,3299.9,2472.02,105.0,ride_hailing,1.15,25,1000.0,FINNA Illustrative Benchmark Survey 2026 (Synthetic),2026,True
Andaman and Nicobar Islands,Port Blair,Tier 3,4458.21,697.48,6244.38,5228.47,4362.08,2739.35,105.0,ride_hailing,0.92,35,1000.0,FINNA Illustrative Benchmark Survey 2026 (Synthetic),2026,True
Andaman and Nicobar Islands,Port Blair,Tier 3,4883.7,644.25,6291.31,5052.05,4409.95,2607.24,105.0,ride_hailing,1.0,35,1810.82,FINNA Illustrative Benchmark Survey 2026 (Synthetic),2026,True
Andaman and Nicobar Islands,Port Blair,Tier 3,5531.17,607.87,6194.14,5091.78,4239.22,2631.81,105.0,ride_hailing,1.15,35,3765.46,FINNA Illustrative Benchmark Survey 2026 (Synthetic),2026,True
Andaman and Nicobar Islands,Port Blair,Tier 3,5684.56,613.43,6294.26,5189.22,5292.46,2743.25,105.0,ride_hailing,0.92,45,3311.72,FINNA Illustrative Benchmark Survey 2026 (Synthetic),2026,True
Andaman and Nicobar Islands,Port Blair,Tier 3,6142.57,969.48,6221.55,5087.33,5519.67,2553.95,105.0,ride_hailing,1.0,45,4689.64,FINNA Illustrative Benchmark Survey 2026 (Synthetic),2026,True
Andaman and Nicobar Islands,Port Blair,Tier 3,7144.75,1115.71,6473.24,5194.32,5676.05,2661.86,105.0,ride_hailing,1.15,45,7105.34,FINNA Illustrative Benchmark Survey 2026 (Synthetic),2026,True
Andaman and Nicobar Islands,Port Blair,Tier 3,6459.03,690.58,5946.85,5237.68,6498.44,2502.77,105.0,ride_hailing,0.92,55,5058.21,FINNA Illustrative Benchmark Survey 2026 (Synthetic),2026,True
Andaman and Nicobar Islands,Port Blair,Tier 3,7388.61,1036.82,6377.1,5169.84,6420.89,2482.9,105.0,ride_hailing,1.0,55,7502.27,FINNA Illustrative Benchmark Survey 2026 (Synthetic),2026,True
Andaman and Nicobar Islands,Port Blair,Tier 3,7901.22,847.51,5932.94,5274.5,6733.41,2595.72,105.0,ride_hailing,1.15,55,8889.21,FINNA Illustrative Benchmark Survey 2026 (Synthetic),2026,True
Andaman and Nicobar Islands,Port Blair,Tier 3,7449.03,1188.8,6239.09,5077.61,7915.93,2593.74,105.0,ride_hailing,0.92,65,6778.15,FINNA Illustrative Benchmark Survey 2026 (Synthetic),2026,True
Andaman and Nicobar Islands,Port Blair,Tier 3,8314.48,832.04,6150.94,5131.24,7593.68,2540.47,105.0,ride_hailing,1.0,65,9480.49,FINNA Illustrative Benchmark Survey 2026 (Synthetic),2026,True
Andaman and Nicobar Islands,Port Blair,Tier 3,9527.36,1201.55,6138.57,5136.92,7714.64,2732.09,105.0,ride_hailing,1.15,65,12695.31,FINNA Illustrative Benchmark Survey 2026 (Synthetic),2026,True
Andaman and Nicobar Islands,Port Blair,Tier 3,3415.47,359.79,6396.05,5041.69,2176.69,2659.48,105.0,freelance_other,0.92,25,1000.0,FINNA Illustrative Benchmark Survey 2026 (Synthetic),2026,True
Andaman and Nicobar Islands,Port Blair,Tier 3,3467.26,525.2,5910.48,5052.42,2177.65,2662.1,105.0,freelance_other,1.0,25,1000.0,FINNA Illustrative Benchmark Survey 2026 (Synthetic),2026,True
Andaman and Nicobar Islands,Port Blair,Tier 3,4131.97,422.53,6348.25,5342.28,2215.03,2636.34,105.0,freelance_other,1.15,25,1000.0,FINNA Illustrative Benchmark Survey 2026 (Synthetic),2026,True
Andaman and Nicobar Islands,Port Blair,Tier 3,4527.92,572.7,5958.14,5168.84,3018.73,2486.85,105.0,freelance_other,0.92,35,1932.67,FINNA Illustrative Benchmark Survey 2026 (Synthetic),2026,True
Andaman and Nicobar Islands,Port Blair,Tier 3,4820.3,546.45,6017.65,5199.31,3005.25,2668.33,105.0,freelance_other,1.0,35,2587.88,FINNA Illustrative Benchmark Survey 2026 (Synthetic),2026,True
Andaman and Nicobar Islands,Port Blair,Tier 3,5317.74,643.37,5990.14,4927.16,2962.28,2508.39,105.0,freelance_other,1.15,35,4314.6,FINNA Illustrative Benchmark Survey 2026 (Synthetic),2026,True
Andaman and Nicobar Islands,Port Blair,Tier 3,5279.47,840.74,6419.06,5158.18,3864.52,2637.68,105.0,freelance_other,0.92,45,3107.43,FINNA Illustrative Benchmark Survey 2026 (Synthetic),2026,True
Andaman and Nicobar Islands,Port Blair,Tier 3,5859.8,786.36,6097.95,5045.67,3866.44,2573.15,105.0,freelance_other,1.0,45,5063.32,FINNA Illustrative Benchmark Survey 2026 (Synthetic),2026,True
Andaman and Nicobar Islands,Port Blair,Tier 3,6671.72,786.68,6094.85,4978.48,3860.02,2732.08,105.0,freelance_other,1.15,45,7295.03,FINNA Illustrative Benchmark Survey 2026 (Synthetic),2026,True
Andaman and Nicobar Islands,Port Blair,Tier 3,6449.25,763.87,6049.59,4882.23,4622.48,2634.94,105.0,freelance_other,0.92,55,6328.41,FINNA Illustrative Benchmark Survey 2026 (Synthetic),2026,True
Andaman and Nicobar Islands,Port Blair,Tier 3,6817.66,1061.37,6255.23,5229.02,4387.99,2664.17,105.0,freelance_other,1.0,55,7139.64,FINNA Illustrative Benchmark Survey 2026 (Synthetic),2026,True
Andaman and Nicobar Islands,Port Blair,Tier 3,8132.66,947.84,6169.55,4960.47,4616.83,2717.65,105.0,freelance_other,1.15,55,10887.45,FINNA Illustrative Benchmark Survey 2026 (Synthetic),2026,True
Andaman and Nicobar Islands,Port Blair,Tier 3,7116.64,936.19,6309.13,5180.27,5232.74,2489.58,105.0,freelance_other,0.92,65,7542.17,FINNA Illustrative Benchmark Survey 2026 (Synthetic),2026,True
Andaman and Nicobar Islands,Port Blair,Tier 3,7599.2,909.56,6150.48,5153.77,5197.61,2735.78,105.0,freelance_other,1.0,65,8883.48,FINNA Illustrative Benchmark Survey 2026 (Synthetic),2026,True
Andaman and Nicobar Islands,Port Blair,Tier 3,9421.35,1320.31,6220.57,5237.97,5216.5,2711.74,105.0,freelance_other,1.15,65,13914.98,FINNA Illustrative Benchmark Survey 2026 (Synthetic),2026,True
Andaman and Nicobar Islands,Port Blair,Tier 3,3192.16,366.94,5954.24,4849.07,2941.61,2622.15,105.0,mixed,0.92,25,1000.0,FINNA Illustrative Benchmark Survey 2026 (Synthetic),2026,True
Andaman and Nicobar Islands,Port Blair,Tier 3,3430.0,485.26,5961.39,5089.16,2747.5,2545.97,105.0,mixed,1.0,25,1000.0,FINNA Illustrative Benchmark Survey 2026 (Synthetic),2026,True
Andaman and Nicobar Islands,Port Blair,Tier 3,4194.96,550.02,6009.48,5166.45,2916.55,2559.61,105.0,mixed,1.15,25,1000.0,FINNA Illustrative Benchmark Survey 2026 (Synthetic),2026,True
Andaman and Nicobar Islands,Port Blair,Tier 3,4275.99,577.84,6422.67,4909.09,3781.33,2457.39,105.0,mixed,0.92,35,1000.0,FINNA Illustrative Benchmark Survey 2026 (Synthetic),2026,True
Andaman and Nicobar Islands,Port Blair,Tier 3,4575.34,576.36,6078.72,5318.74,3751.66,2634.61,105.0,mixed,1.0,35,1317.87,FINNA Illustrative Benchmark Survey 2026 (Synthetic),2026,True
Andaman and Nicobar Islands,Port Blair,Tier 3,5385.25,804.44,5977.69,5221.02,3815.71,2486.54,105.0,mixed,1.15,35,3781.16,FINNA Illustrative Benchmark Survey 2026 (Synthetic),2026,True
Andaman and Nicobar Islands,Port Blair,Tier 3,5103.8,735.1,6176.11,5282.82,4981.06,2608.97,105.0,mixed,0.92,45,1982.82,FINNA Illustrative Benchmark Survey 2026 (Synthetic),2026,True
Andaman and Nicobar Islands,Port Blair,Tier 3,5767.46,642.6,6251.06,5165.28,4971.49,2744.72,105.0,mixed,1.0,45,3796.36,FINNA Illustrative Benchmark Survey 2026 (Synthetic),2026,True
Andaman and Nicobar Islands,Port Blair,Tier 3,6611.76,831.86,6389.82,5315.58,4882.39,2738.65,105.0,mixed,1.15,45,6046.61,FINNA Illustrative Benchmark Survey 2026 (Synthetic),2026,True
Andaman and Nicobar Islands,Port Blair,Tier 3,6089.33,740.64,6074.97,4977.28,5717.9,2565.02,105.0,mixed,0.92,55,4570.56,FINNA Illustrative Benchmark Survey 2026 (Synthetic),2026,True
Andaman and Nicobar Islands,Port Blair,Tier 3,6523.59,739.58,6226.06,5034.2,5976.62,2536.55,105.0,mixed,1.0,55,5507.91,FINNA Illustrative Benchmark Survey 2026 (Synthetic),2026,True
Andaman and Nicobar Islands,Port Blair,Tier 3,7563.54,1132.48,5987.69,5187.08,5629.07,2711.69,105.0,mixed,1.15,55,8602.49,FINNA Illustrative Benchmark Survey 2026 (Synthetic),2026,True
Andaman and Nicobar Islands,Port Blair,Tier 3,6945.61,885.23,6003.53,5052.35,6822.81,2449.84,105.0,mixed,0.92,65,6334.87,FINNA Illustrative Benchmark Survey 2026 (Synthetic),2026,True
Andaman and Nicobar Islands,Port Blair,Tier 3,7572.54,962.06,6249.26,5102.26,6842.82,2693.91,105.0,mixed,1.0,65,7735.55,FINNA Illustrative Benchmark Survey 2026 (Synthetic),2026,True
Andaman and Nicobar Islands,Port Blair,Tier 3,8825.36,1317.57,6405.34,4861.66,6895.83,2752.44,105.0,mixed,1.15,65,11244.05,FINNA Illustrative Benchmark Survey 2026 (Synthetic),2026,True
Dadra and Nagar Haveli and Daman and Diu,Daman,Tier 3,2990.11,426.53,5406.54,4430.4,2431.16,2575.98,95.0,delivery,0.92,25,1000.0,FINNA Illustrative Benchmark Survey 2026 (Synthetic),2026,True
Dadra and Nagar Haveli and Daman and Diu,Daman,Tier 3,3329.28,363.49,5358.45,4219.46,2506.8,2496.19,95.0,delivery,1.0,25,1000.0,FINNA Illustrative Benchmark Survey 2026 (Synthetic),2026,True
Dadra and Nagar Haveli and Daman and Diu,Daman,Tier 3,3807.99,395.52,5077.02,4617.16,2435.42,2602.44,95.0,delivery,1.15,25,1141.76,FINNA Illustrative Benchmark Survey 2026 (Synthetic),2026,True
Dadra and Nagar Haveli and Daman and Diu,Daman,Tier 3,3755.55,427.02,5352.85,4547.27,3469.66,2399.01,95.0,delivery,0.92,35,1000.0,FINNA Illustrative Benchmark Survey 2026 (Synthetic),2026,True
Dadra and Nagar Haveli and Daman and Diu,Daman,Tier 3,4338.26,592.48,5085.77,4351.97,3264.36,2575.48,95.0,delivery,1.0,35,2279.61,FINNA Illustrative Benchmark Survey 2026 (Synthetic),2026,True
Dadra and Nagar Haveli and Daman and Diu,Daman,Tier 3,4955.82,719.75,5334.56,4267.55,3251.58,2648.2,95.0,delivery,1.15,35,3871.93,FINNA Illustrative Benchmark Survey 2026 (Synthetic),2026,True
Dadra and Nagar Haveli and Daman and Diu,Daman,Tier 3,4831.31,550.9,5010.87,4239.15,4166.83,2647.45,95.0,delivery,0.92,45,3155.93,FINNA Illustrative Benchmark Survey 2026 (Synthetic),2026,True
Dadra and Nagar Haveli and Daman and Diu,Daman,Tier 3,5081.66,775.81,5059.46,4276.56,4117.22,2490.53,95.0,delivery,1.0,45,3938.88,FINNA Illustrative Benchmark Survey 2026 (Synthetic),2026,True
Dadra and Nagar Haveli and Daman and Diu,Daman,Tier 3,5773.2,817.11,5288.57,4368.22,4185.31,2629.84,95.0,delivery,1.15,45,5541.91,FINNA Illustrative Benchmark Survey 2026 (Synthetic),2026,True
Dadra and Nagar Haveli and Daman and Diu,Daman,Tier 3,5418.92,820.18,5013.84,4390.49,5075.61,2575.27,95.0,delivery,0.92,55,4165.66,FINNA Illustrative Benchmark Survey 2026 (Synthetic),2026,True
Dadra and Nagar Haveli and Daman and Diu,Daman,Tier 3,6039.45,929.58,4969.47,4302.32,4979.1,2366.82,95.0,delivery,1.0,55,6196.52,FINNA Illustrative Benchmark Survey 2026 (Synthetic),2026,True
Dadra and Nagar Haveli and Daman and Diu,Daman,Tier 3,7298.62,805.64,5060.03,4435.96,5139.86,2594.82,95.0,delivery,1.15,55,9342.03,FINNA Illustrative Benchmark Survey 2026 (Synthetic),2026,True
Dadra and Nagar Haveli and Daman and Diu,Daman,Tier 3,6297.22,640.7,5080.84,4583.88,5984.42,2364.0,95.0,delivery,0.92,65,6014.98,FINNA Illustrative Benchmark Survey 2026 (Synthetic),2026,True
Dadra and Nagar Haveli and Daman and Diu,Daman,Tier 3,7052.64,899.26,5432.2,4531.8,5992.42,2589.15,95.0,delivery,1.0,65,7795.03,FINNA Illustrative Benchmark Survey 2026 (Synthetic),2026,True
Dadra and Nagar Haveli and Daman and Diu,Daman,Tier 3,8354.43,843.66,5176.19,4251.74,5690.17,2589.12,95.0,delivery,1.15,65,12003.85,FINNA Illustrative Benchmark Survey 2026 (Synthetic),2026,True
Dadra and Nagar Haveli and Daman and Diu,Daman,Tier 3,3254.03,497.43,4970.41,4538.3,2998.32,2624.89,95.0,ride_hailing,0.92,25,1000.0,FINNA Illustrative Benchmark Survey 2026 (Synthetic),2026,True
Dadra and Nagar Haveli and Daman and Diu,Daman,Tier 3,3527.29,539.63,5180.54,4521.52,2852.05,2625.2,95.0,ride_hailing,1.0,25,1000.0,FINNA Illustrative Benchmark Survey 2026 (Synthetic),2026,True
Dadra and Nagar Haveli and Daman and Diu,Daman,Tier 3,4183.2,591.75,5106.98,4294.6,2853.06,2586.0,95.0,ride_hailing,1.15,25,2127.2,FINNA Illustrative Benchmark Survey 2026 (Synthetic),2026,True
Dadra and Nagar Haveli and Daman and Diu,Daman,Tier 3,4395.38,666.94,5421.34,4202.02,3943.12,2512.49,95.0,ride_hailing,0.92,35,1919.47,FINNA Illustrative Benchmark Survey 2026 (Synthetic),2026,True
Dadra and Nagar Haveli and Daman and Diu,Daman,Tier 3,4753.36,737.86,5020.12,4478.16,4028.99,2451.84,95.0,ride_hailing,1.0,35,2991.91,FINNA Illustrative Benchmark Survey 2026 (Synthetic),2026,True
Dadra and Nagar Haveli and Daman and Diu,Daman,Tier 3,5612.6,582.84,5020.89,4443.47,4084.42,2525.48,95.0,ride_hailing,1.15,35,5348.39,FINNA Illustrative Benchmark Survey 2026 (Synthetic),2026,True
Dadra and Nagar Haveli and Daman and Diu,Daman,Tier 3,5438.71,669.6,5334.29,4303.97,4901.89,2502.14,95.0,ride_hailing,0.92,45,4229.76,FINNA Illustrative Benchmark Survey 2026 (Synthetic),2026,True
Dadra and Nagar Haveli and Daman and Diu,Daman,Tier 3,5935.59,930.87,5192.44,4455.97,4980.55,2580.83,95.0,ride_hailing,1.0,45,5519.35,FINNA Illustrative Benchmark Survey 2026 (Synthetic),2026,True
Dadra and Nagar Haveli and Daman and Diu,Daman,Tier 3,6470.58,719.39,5007.6,4217.82,4818.86,2509.27,95.0,ride_hailing,1.15,45,7451.64,FINNA Illustrative Benchmark Survey 2026 (Synthetic),2026,True
Dadra and Nagar Haveli and Daman and Diu,Daman,Tier 3,6551.92,671.69,5302.38,4612.31,6015.0,2592.2,95.0,ride_hailing,0.92,55,6401.15,FINNA Illustrative Benchmark Survey 2026 (Synthetic),2026,True
Dadra and Nagar Haveli and Daman and Diu,Daman,Tier 3,6999.03,720.9,5416.49,4609.44,5785.54,2606.52,95.0,ride_hailing,1.0,55,7727.08,FINNA Illustrative Benchmark Survey 2026 (Synthetic),2026,True
Dadra and Nagar Haveli and Daman and Diu,Daman,Tier 3,8124.81,1048.78,5300.66,4531.09,6196.96,2529.48,95.0,ride_hailing,1.15,55,10804.45,FINNA Illustrative Benchmark Survey 2026 (Synthetic),2026,True
Dadra and Nagar Haveli and Daman and Diu,Daman,Tier 3,7158.29,968.27,5262.1,4290.8,6880.69,2529.45,95.0,ride_hailing,0.92,65,7821.03,FINNA Illustrative Benchmark Survey 2026 (Synthetic),2026,True
Dadra and Nagar Haveli and Daman and Diu,Daman,Tier 3,8021.81,1234.11,4996.88,4224.89,6780.75,2621.59,95.0,ride_hailing,1.0,65,10471.71,FINNA Illustrative Benchmark Survey 2026 (Synthetic),2026,True
Dadra and Nagar Haveli and Daman and Diu,Daman,Tier 3,9377.29,1358.83,5069.88,4425.32,6784.25,2356.44,95.0,ride_hailing,1.15,65,14279.05,FINNA Illustrative Benchmark Survey 2026 (Synthetic),2026,True
Dadra and Nagar Haveli and Daman and Diu,Daman,Tier 3,3281.91,357.66,4998.75,4257.5,2031.95,2555.53,95.0,freelance_other,0.92,25,1000.0,FINNA Illustrative Benchmark Survey 2026 (Synthetic),2026,True
Dadra and Nagar Haveli and Daman and Diu,Daman,Tier 3,3401.79,519.6,5138.9,4601.57,2068.75,2572.01,95.0,freelance_other,1.0,25,1000.0,FINNA Illustrative Benchmark Survey 2026 (Synthetic),2026,True
Dadra and Nagar Haveli and Daman and Diu,Daman,Tier 3,3829.37,506.91,5041.66,4609.51,1970.3,2482.85,95.0,freelance_other,1.15,25,1609.95,FINNA Illustrative Benchmark Survey 2026 (Synthetic),2026,True
Dadra and Nagar Haveli and Daman and Diu,Daman,Tier 3,4340.69,438.89,5201.15,4408.17,2713.61,2524.03,95.0,freelance_other,0.92,35,2566.35,FINNA Illustrative Benchmark Survey 2026 (Synthetic),2026,True
Dadra and Nagar Haveli and Daman and Diu,Daman,Tier 3,4508.19,524.11,4950.82,4253.13,2789.88,2534.15,95.0,freelance_other,1.0,35,3245.11,FINNA Illustrative Benchmark Survey 2026 (Synthetic),2026,True
Dadra and Nagar Haveli and Daman and Diu,Daman,Tier 3,5204.15,678.88,5121.67,4449.31,2793.09,2406.84,95.0,freelance_other,1.15,35,5045.99,FINNA Illustrative Benchmark Survey 2026 (Synthetic),2026,True
Dadra and Nagar Haveli and Daman and Diu,Daman,Tier 3,5241.89,680.45,5264.44,4577.66,3372.05,2540.4,95.0,freelance_other,0.92,45,4512.84,FINNA Illustrative Benchmark Survey 2026 (Synthetic),2026,True
Dadra and Nagar Haveli and Daman and Diu,Daman,Tier 3,5485.35,860.42,5250.82,4319.27,3327.42,2405.5,95.0,freelance_other,1.0,45,5491.56,FINNA Illustrative Benchmark Survey 2026 (Synthetic),2026,True
Dadra and Nagar Haveli and Daman and Diu,Daman,Tier 3,6676.06,857.54,5353.29,4250.41,3361.56,2396.08,95.0,freelance_other,1.15,45,8804.9,FINNA Illustrative Benchmark Survey 2026 (Synthetic),2026,True
Dadra and Nagar Haveli and Daman and Diu,Daman,Tier 3,6051.07,926.72,5121.63,4216.83,4173.85,2390.15,95.0,freelance_other,0.92,55,6694.14,FINNA Illustrative Benchmark Survey 2026 (Synthetic),2026,True
Dadra and Nagar Haveli and Daman and Diu,Daman,Tier 3,6702.12,900.51,5422.27,4246.4,4003.21,2371.4,95.0,freelance_other,1.0,55,8434.98,FINNA Illustrative Benchmark Survey 2026 (Synthetic),2026,True
Dadra and Nagar Haveli and Daman and Diu,Daman,Tier 3,7871.85,1238.27,5339.67,4276.08,3959.49,2445.32,95.0,freelance_other,1.15,55,11741.96,FINNA Illustrative Benchmark Survey 2026 (Synthetic),2026,True
Dadra and Nagar Haveli and Daman and Diu,Daman,Tier 3,7128.92,1012.79,5149.16,4371.79,4719.89,2566.06,95.0,freelance_other,0.92,65,9139.86,FINNA Illustrative Benchmark Survey 2026 (Synthetic),2026,True
Dadra and Nagar Haveli and Daman and Diu,Daman,Tier 3,7382.39,919.23,5369.87,4498.0,4795.94,2636.19,95.0,freelance_other,1.0,65,9532.74,FINNA Illustrative Benchmark Survey 2026 (Synthetic),2026,True
Dadra and Nagar Haveli and Daman and Diu,Daman,Tier 3,8411.92,1031.46,5114.32,4294.05,4739.24,2543.89,95.0,freelance_other,1.15,65,12825.87,FINNA Illustrative Benchmark Survey 2026 (Synthetic),2026,True
Dadra and Nagar Haveli and Daman and Diu,Daman,Tier 3,3144.49,332.77,5046.48,4227.07,2624.52,2578.08,95.0,mixed,0.92,25,1000.0,FINNA Illustrative Benchmark Survey 2026 (Synthetic),2026,True
Dadra and Nagar Haveli and Daman and Diu,Daman,Tier 3,3278.83,381.51,5217.91,4554.44,2634.82,2397.11,95.0,mixed,1.0,25,1000.0,FINNA Illustrative Benchmark Survey 2026 (Synthetic),2026,True
Dadra and Nagar Haveli and Daman and Diu,Daman,Tier 3,4014.44,421.61,5382.26,4221.52,2660.63,2584.63,95.0,mixed,1.15,25,1646.77,FINNA Illustrative Benchmark Survey 2026 (Synthetic),2026,True
Dadra and Nagar Haveli and Daman and Diu,Daman,Tier 3,4084.44,481.0,5284.63,4568.71,3568.62,2511.5,95.0,mixed,0.92,35,1138.91,FINNA Illustrative Benchmark Survey 2026 (Synthetic),2026,True
Dadra and Nagar Haveli and Daman and Diu,Daman,Tier 3,4618.17,612.4,5218.61,4616.23,3452.59,2352.53,95.0,mixed,1.0,35,2831.87,FINNA Illustrative Benchmark Survey 2026 (Synthetic),2026,True
Dadra and Nagar Haveli and Daman and Diu,Daman,Tier 3,5267.09,561.39,5109.89,4424.76,3385.36,2442.79,95.0,mixed,1.15,35,4838.4,FINNA Illustrative Benchmark Survey 2026 (Synthetic),2026,True
Dadra and Nagar Haveli and Daman and Diu,Daman,Tier 3,4992.17,539.22,5375.15,4180.42,4503.7,2403.3,95.0,mixed,0.92,45,3349.79,FINNA Illustrative Benchmark Survey 2026 (Synthetic),2026,True
Dadra and Nagar Haveli and Daman and Diu,Daman,Tier 3,5700.76,883.24,5198.87,4460.84,4393.12,2599.57,95.0,mixed,1.0,45,5220.73,FINNA Illustrative Benchmark Survey 2026 (Synthetic),2026,True
Dadra and Nagar Haveli and Daman and Diu,Daman,Tier 3,6349.34,930.54,5439.08,4460.63,4323.18,2611.06,95.0,mixed,1.15,45,6928.15,FINNA Illustrative Benchmark Survey 2026 (Synthetic),2026,True
Dadra and Nagar Haveli and Daman and Diu,Daman,Tier 3,6097.11,893.25,5001.75,4371.55,5114.62,2438.86,95.0,mixed,0.92,55,6157.91,FINNA Illustrative Benchmark Survey 2026 (Synthetic),2026,True
Dadra and Nagar Haveli and Daman and Diu,Daman,Tier 3,6331.7,865.11,5311.73,4371.89,5121.17,2372.53,95.0,mixed,1.0,55,6655.31,FINNA Illustrative Benchmark Survey 2026 (Synthetic),2026,True
Dadra and Nagar Haveli and Daman and Diu,Daman,Tier 3,7283.08,861.87,4973.26,4305.1,5318.05,2509.57,95.0,mixed,1.15,55,9379.34,FINNA Illustrative Benchmark Survey 2026 (Synthetic),2026,True
Dadra and Nagar Haveli and Daman and Diu,Daman,Tier 3,7017.95,749.28,5321.02,4592.57,6330.48,2520.51,95.0,mixed,0.92,65,7555.04,FINNA Illustrative Benchmark Survey 2026 (Synthetic),2026,True
Dadra and Nagar Haveli and Daman and Diu,Daman,Tier 3,7667.58,1165.09,4986.82,4559.59,6099.88,2597.61,95.0,mixed,1.0,65,9721.87,FINNA Illustrative Benchmark Survey 2026 (Synthetic),2026,True
Dadra and Nagar Haveli and Daman and Diu,Daman,Tier 3,8505.35,1161.53,5447.92,4302.18,6219.53,2378.96,95.0,mixed,1.15,65,12011.72,FINNA Illustrative Benchmark Survey 2026 (Synthetic),2026,True
Lakshadweep,Kavaratti,Tier 3,2653.14,376.48,4613.23,4321.31,2267.55,2299.05,92.0,delivery,0.92,25,1000.0,FINNA Illustrative Benchmark Survey 2026 (Synthetic),2026,True
Lakshadweep,Kavaratti,Tier 3,2945.83,298.28,4890.33,4157.28,2257.23,2069.42,92.0,delivery,1.0,25,1000.0,FINNA Illustrative Benchmark Survey 2026 (Synthetic),2026,True
Lakshadweep,Kavaratti,Tier 3,3527.88,511.12,4818.84,4168.16,2331.31,2298.46,92.0,delivery,1.15,25,1078.32,FINNA Illustrative Benchmark Survey 2026 (Synthetic),2026,True
Lakshadweep,Kavaratti,Tier 3,3450.97,475.92,4716.79,4162.17,3117.21,2207.78,92.0,delivery,0.92,35,1000.0,FINNA Illustrative Benchmark Survey 2026 (Synthetic),2026,True
Lakshadweep,Kavaratti,Tier 3,3823.27,545.15,5008.95,4322.85,3096.22,2178.33,92.0,delivery,1.0,35,1266.47,FINNA Illustrative Benchmark Survey 2026 (Synthetic),2026,True
Lakshadweep,Kavaratti,Tier 3,4603.52,507.56,4933.61,4414.94,3070.92,2187.09,92.0,delivery,1.15,35,3462.34,FINNA Illustrative Benchmark Survey 2026 (Synthetic),2026,True
Lakshadweep,Kavaratti,Tier 3,4428.01,557.63,4954.86,4410.2,4128.39,2294.46,92.0,delivery,0.92,45,2200.49,FINNA Illustrative Benchmark Survey 2026 (Synthetic),2026,True
Lakshadweep,Kavaratti,Tier 3,4676.09,623.55,4986.98,4464.27,3990.51,2303.74,92.0,delivery,1.0,45,2926.28,FINNA Illustrative Benchmark Survey 2026 (Synthetic),2026,True
Lakshadweep,Kavaratti,Tier 3,5596.47,856.07,4657.85,4435.26,3960.48,2265.2,92.0,delivery,1.15,45,5794.05,FINNA Illustrative Benchmark Survey 2026 (Synthetic),2026,True
Lakshadweep,Kavaratti,Tier 3,5208.21,719.25,4983.97,4499.29,4937.73,2266.01,92.0,delivery,0.92,55,3811.96,FINNA Illustrative Benchmark Survey 2026 (Synthetic),2026,True
Lakshadweep,Kavaratti,Tier 3,5779.84,639.38,4778.34,4191.57,4799.72,2322.79,92.0,delivery,1.0,55,5807.29,FINNA Illustrative Benchmark Survey 2026 (Synthetic),2026,True
Lakshadweep,Kavaratti,Tier 3,6303.59,998.42,4651.14,4370.44,4891.09,2121.1,92.0,delivery,1.15,55,7319.5,FINNA Illustrative Benchmark Survey 2026 (Synthetic),2026,True
Lakshadweep,Kavaratti,Tier 3,5839.08,797.19,4607.59,4317.44,5558.85,2324.3,92.0,delivery,0.92,65,5508.77,FINNA Illustrative Benchmark Survey 2026 (Synthetic),2026,True
Lakshadweep,Kavaratti,Tier 3,6411.05,712.97,4913.84,4398.18,5361.17,2193.89,92.0,delivery,1.0,65,7080.3,FINNA Illustrative Benchmark Survey 2026 (Synthetic),2026,True
Lakshadweep,Kavaratti,Tier 3,7586.99,1106.6,5011.67,4093.51,5756.43,2195.32,92.0,delivery,1.15,65,10266.58,FINNA Illustrative Benchmark Survey 2026 (Synthetic),2026,True
Lakshadweep,Kavaratti,Tier 3,3026.44,420.79,4762.8,4355.53,2769.59,2221.65,92.0,ride_hailing,0.92,25,1000.0,FINNA Illustrative Benchmark Survey 2026 (Synthetic),2026,True
Lakshadweep,Kavaratti,Tier 3,3188.85,490.86,4818.35,4128.19,2833.17,2138.33,92.0,ride_hailing,1.0,25,1000.0,FINNA Illustrative Benchmark Survey 2026 (Synthetic),2026,True
Lakshadweep,Kavaratti,Tier 3,3900.55,535.43,4784.2,4276.18,2778.44,2189.61,92.0,ride_hailing,1.15,25,1859.62,FINNA Illustrative Benchmark Survey 2026 (Synthetic),2026,True
Lakshadweep,Kavaratti,Tier 3,4025.86,429.32,5025.57,4265.17,3895.52,2237.82,92.0,ride_hailing,0.92,35,1305.13,FINNA Illustrative Benchmark Survey 2026 (Synthetic),2026,True
Lakshadweep,Kavaratti,Tier 3,4389.18,517.64,4877.16,4161.62,3841.68,2329.54,92.0,ride_hailing,1.0,35,2466.85,FINNA Illustrative Benchmark Survey 2026 (Synthetic),2026,True
Lakshadweep,Kavaratti,Tier 3,5160.61,562.72,4747.58,4243.51,3925.87,2173.4,92.0,ride_hailing,1.15,35,4715.8,FINNA Illustrative Benchmark Survey 2026 (Synthetic),2026,True
Lakshadweep,Kavaratti,Tier 3,4900.21,540.24,4977.54,4332.14,4595.8,2153.45,92.0,ride_hailing,0.92,45,3353.34,FINNA Illustrative Benchmark Survey 2026 (Synthetic),2026,True
Lakshadweep,Kavaratti,Tier 3,5248.76,719.1,4844.72,4468.18,4621.75,2154.1,92.0,ride_hailing,1.0,45,4314.95,FINNA Illustrative Benchmark Survey 2026 (Synthetic),2026,True
Lakshadweep,Kavaratti,Tier 3,6233.02,874.3,4861.57,4088.88,4728.85,2146.64,92.0,ride_hailing,1.15,45,7255.97,FINNA Illustrative Benchmark Survey 2026 (Synthetic),2026,True
Lakshadweep,Kavaratti,Tier 3,5661.01,858.77,4570.79,4200.29,5678.92,2269.92,92.0,ride_hailing,0.92,55,5064.96,FINNA Illustrative Benchmark Survey 2026 (Synthetic),2026,True
Lakshadweep,Kavaratti,Tier 3,6292.95,852.17,5038.57,4112.06,5661.93,2231.35,92.0,ride_hailing,1.0,55,6632.97,FINNA Illustrative Benchmark Survey 2026 (Synthetic),2026,True
Lakshadweep,Kavaratti,Tier 3,7279.12,973.55,4825.56,4340.97,5602.36,2247.44,92.0,ride_hailing,1.15,55,9426.47,FINNA Illustrative Benchmark Survey 2026 (Synthetic),2026,True
Lakshadweep,Kavaratti,Tier 3,6555.44,793.97,4856.55,4330.52,6563.46,2087.87,92.0,ride_hailing,0.92,65,6855.33,FINNA Illustrative Benchmark Survey 2026 (Synthetic),2026,True
Lakshadweep,Kavaratti,Tier 3,7273.25,1077.63,4944.95,4449.2,6408.4,2189.98,92.0,ride_hailing,1.0,65,8775.42,FINNA Illustrative Benchmark Survey 2026 (Synthetic),2026,True
Lakshadweep,Kavaratti,Tier 3,8217.08,1047.68,5012.99,4232.65,6559.78,2221.52,92.0,ride_hailing,1.15,65,11409.46,FINNA Illustrative Benchmark Survey 2026 (Synthetic),2026,True
Lakshadweep,Kavaratti,Tier 3,3017.97,321.14,4742.79,4418.85,1908.21,2138.02,92.0,freelance_other,0.92,25,1000.0,FINNA Illustrative Benchmark Survey 2026 (Synthetic),2026,True
Lakshadweep,Kavaratti,Tier 3,3154.3,465.39,4640.0,4360.2,1949.7,2299.22,92.0,freelance_other,1.0,25,1000.0,FINNA Illustrative Benchmark Survey 2026 (Synthetic),2026,True
Lakshadweep,Kavaratti,Tier 3,3630.57,400.29,4961.13,4509.23,1851.93,2104.84,92.0,freelance_other,1.15,25,1490.6,FINNA Illustrative Benchmark Survey 2026 (Synthetic),2026,True
Lakshadweep,Kavaratti,Tier 3,3868.27,478.9,4699.14,4343.79,2485.73,2289.72,92.0,freelance_other,0.92,35,1905.3,FINNA Illustrative Benchmark Survey 2026 (Synthetic),2026,True
Lakshadweep,Kavaratti,Tier 3,4110.3,542.88,4681.28,4308.64,2631.84,2068.14,92.0,freelance_other,1.0,35,2670.0,FINNA Illustrative Benchmark Survey 2026 (Synthetic),2026,True
Lakshadweep,Kavaratti,Tier 3,4997.79,671.64,4651.18,4371.26,2481.59,2195.37,92.0,freelance_other,1.15,35,5161.67,FINNA Illustrative Benchmark Survey 2026 (Synthetic),2026,True
Lakshadweep,Kavaratti,Tier 3,4832.9,640.12,4673.74,4340.85,3223.21,2288.02,92.0,freelance_other,0.92,45,4160.41,FINNA Illustrative Benchmark Survey 2026 (Synthetic),2026,True
Lakshadweep,Kavaratti,Tier 3,5284.99,562.11,4726.86,4508.23,3161.93,2107.44,92.0,freelance_other,1.0,45,5446.71,FINNA Illustrative Benchmark Survey 2026 (Synthetic),2026,True
Lakshadweep,Kavaratti,Tier 3,6181.05,910.46,4999.3,4105.31,3155.8,2247.43,92.0,freelance_other,1.15,45,7966.47,FINNA Illustrative Benchmark Survey 2026 (Synthetic),2026,True
Lakshadweep,Kavaratti,Tier 3,5721.37,832.95,4753.58,4339.63,3983.71,2225.46,92.0,freelance_other,0.92,55,6156.25,FINNA Illustrative Benchmark Survey 2026 (Synthetic),2026,True
Lakshadweep,Kavaratti,Tier 3,6182.14,624.63,5024.76,4238.7,3805.2,2215.3,92.0,freelance_other,1.0,55,7465.06,FINNA Illustrative Benchmark Survey 2026 (Synthetic),2026,True
Lakshadweep,Kavaratti,Tier 3,7178.17,800.33,4770.37,4317.79,3976.04,2329.5,92.0,freelance_other,1.15,55,10197.05,FINNA Illustrative Benchmark Survey 2026 (Synthetic),2026,True
Lakshadweep,Kavaratti,Tier 3,6412.66,860.38,4801.27,4291.34,4576.62,2073.15,92.0,freelance_other,0.92,65,7815.88,FINNA Illustrative Benchmark Survey 2026 (Synthetic),2026,True
Lakshadweep,Kavaratti,Tier 3,6794.41,871.9,4758.93,4361.38,4329.79,2097.83,92.0,freelance_other,1.0,65,9016.71,FINNA Illustrative Benchmark Survey 2026 (Synthetic),2026,True
Lakshadweep,Kavaratti,Tier 3,8220.95,1033.07,4986.51,4137.84,4400.3,2310.6,92.0,freelance_other,1.15,65,12844.95,FINNA Illustrative Benchmark Survey 2026 (Synthetic),2026,True
Lakshadweep,Kavaratti,Tier 3,2845.2,449.93,4623.13,4340.98,2372.82,2195.76,92.0,mixed,0.92,25,1000.0,FINNA Illustrative Benchmark Survey 2026 (Synthetic),2026,True
Lakshadweep,Kavaratti,Tier 3,3183.67,500.73,4828.14,4484.52,2525.56,2166.8,92.0,mixed,1.0,25,1000.0,FINNA Illustrative Benchmark Survey 2026 (Synthetic),2026,True
Lakshadweep,Kavaratti,Tier 3,3555.89,363.83,4628.05,4419.59,2387.32,2308.28,92.0,mixed,1.15,25,1074.95,FINNA Illustrative Benchmark Survey 2026 (Synthetic),2026,True
Lakshadweep,Kavaratti,Tier 3,3843.14,484.89,4789.29,4220.63,3313.97,2115.06,92.0,mixed,0.92,35,1431.2,FINNA Illustrative Benchmark Survey 2026 (Synthetic),2026,True
Lakshadweep,Kavaratti,Tier 3,4285.85,475.08,4852.31,4227.67,3257.96,2235.69,92.0,mixed,1.0,35,2589.67,FINNA Illustrative Benchmark Survey 2026 (Synthetic),2026,True
Lakshadweep,Kavaratti,Tier 3,4822.44,609.43,4574.11,4299.53,3328.62,2170.64,92.0,mixed,1.15,35,4230.37,FINNA Illustrative Benchmark Survey 2026 (Synthetic),2026,True
Lakshadweep,Kavaratti,Tier 3,4696.38,662.58,4716.33,4341.83,4213.7,2154.13,92.0,mixed,0.92,45,3191.07,FINNA Illustrative Benchmark Survey 2026 (Synthetic),2026,True
Lakshadweep,Kavaratti,Tier 3,4923.71,735.83,4671.24,4181.85,4014.84,2287.24,92.0,mixed,1.0,45,4006.92,FINNA Illustrative Benchmark Survey 2026 (Synthetic),2026,True
Lakshadweep,Kavaratti,Tier 3,6070.95,711.81,4909.75,4178.81,4068.39,2286.83,92.0,mixed,1.15,45,7048.23,FINNA Illustrative Benchmark Survey 2026 (Synthetic),2026,True
Lakshadweep,Kavaratti,Tier 3,5694.56,588.71,4915.69,4254.59,5070.85,2317.88,92.0,mixed,0.92,55,5263.98,FINNA Illustrative Benchmark Survey 2026 (Synthetic),2026,True
Lakshadweep,Kavaratti,Tier 3,6204.63,645.77,4904.22,4288.09,5176.89,2236.98,92.0,mixed,1.0,55,6668.91,FINNA Illustrative Benchmark Survey 2026 (Synthetic),2026,True
Lakshadweep,Kavaratti,Tier 3,6971.32,890.93,4635.39,4417.13,5021.84,2212.03,92.0,mixed,1.15,55,9034.63,FINNA Illustrative Benchmark Survey 2026 (Synthetic),2026,True
Lakshadweep,Kavaratti,Tier 3,6199.94,748.89,4714.07,4375.3,5844.99,2113.14,92.0,mixed,0.92,65,6368.86,FINNA Illustrative Benchmark Survey 2026 (Synthetic),2026,True
Lakshadweep,Kavaratti,Tier 3,6925.1,819.35,4887.01,4233.9,5918.86,2150.53,92.0,mixed,1.0,65,8317.0,FINNA Illustrative Benchmark Survey 2026 (Synthetic),2026,True
Lakshadweep,Kavaratti,Tier 3,7850.99,1245.56,4717.29,4243.34,5626.12,2085.57,92.0,mixed,1.15,65,11259.6,FINNA Illustrative Benchmark Survey 2026 (Synthetic),2026,True
Tamil Nadu,Salem,Tier 3,2691.35,277.57,4761.77,3914.34,2253.93,2282.71,88.0,delivery,0.92,25,1000.0,FINNA Illustrative Benchmark Survey 2026 (Synthetic),2026,True
Tamil Nadu,Salem,Tier 3,2951.99,349.62,4586.94,4208.52,2314.39,2358.71,88.0,delivery,1.0,25,1000.0,FINNA Illustrative Benchmark Survey 2026 (Synthetic),2026,True
Tamil Nadu,Salem,Tier 3,3311.05,418.19,4613.31,4199.77,2331.53,2288.29,88.0,delivery,1.15,25,1000.0,FINNA Illustrative Benchmark Survey 2026 (Synthetic),2026,True
Tamil Nadu,Salem,Tier 3,3676.83,469.44,4533.95,4018.11,3174.37,2420.47,88.0,delivery,0.92,35,1152.95,FINNA Illustrative Benchmark Survey 2026 (Synthetic),2026,True
Tamil Nadu,Salem,Tier 3,3812.17,447.41,4784.6,3978.3,3057.26,2396.64,88.0,delivery,1.0,35,1488.43,FINNA Illustrative Benchmark Survey 2026 (Synthetic),2026,True
Tamil Nadu,Salem,Tier 3,4504.34,510.5,4427.41,3984.29,2995.24,2482.8,88.0,delivery,1.15,35,3649.13,FINNA Illustrative Benchmark Survey 2026 (Synthetic),2026,True
Tamil Nadu,Salem,Tier 3,4482.55,512.71,4666.38,4271.56,4034.31,2379.01,88.0,delivery,0.92,45,2637.82,FINNA Illustrative Benchmark Survey 2026 (Synthetic),2026,True
Tamil Nadu,Salem,Tier 3,4622.37,593.82,4616.08,3966.78,4013.55,2275.68,88.0,delivery,1.0,45,3342.8,FINNA Illustrative Benchmark Survey 2026 (Synthetic),2026,True
Tamil Nadu,Salem,Tier 3,5650.01,727.69,4588.6,3898.95,3986.7,2381.22,88.0,delivery,1.15,45,6245.9,FINNA Illustrative Benchmark Survey 2026 (Synthetic),2026,True
Tamil Nadu,Salem,Tier 3,5129.21,532.18,4453.51,4077.52,4581.67,2350.09,88.0,delivery,0.92,55,4385.35,FINNA Illustrative Benchmark Survey 2026 (Synthetic),2026,True
Tamil Nadu,Salem,Tier 3,5731.37,891.77,4705.31,4092.88,4767.84,2403.42,88.0,delivery,1.0,55,5750.8,FINNA Illustrative Benchmark Survey 2026 (Synthetic),2026,True
Tamil Nadu,Salem,Tier 3,6299.88,843.37,4419.39,4069.19,4645.94,2340.25,88.0,delivery,1.15,55,7672.41,FINNA Illustrative Benchmark Survey 2026 (Synthetic),2026,True
Tamil Nadu,Salem,Tier 3,6146.54,797.78,4708.2,4076.5,5356.66,2302.82,88.0,delivery,0.92,65,6610.72,FINNA Illustrative Benchmark Survey 2026 (Synthetic),2026,True
Tamil Nadu,Salem,Tier 3,6649.72,899.91,4400.04,4022.26,5283.53,2370.06,88.0,delivery,1.0,65,8266.31,FINNA Illustrative Benchmark Survey 2026 (Synthetic),2026,True
Tamil Nadu,Salem,Tier 3,7515.0,1011.03,4778.78,4152.93,5378.77,2535.84,88.0,delivery,1.15,65,10200.86,FINNA Illustrative Benchmark Survey 2026 (Synthetic),2026,True
Tamil Nadu,Salem,Tier 3,3015.64,411.86,4634.55,4219.02,2766.31,2288.3,88.0,ride_hailing,0.92,25,1000.0,FINNA Illustrative Benchmark Survey 2026 (Synthetic),2026,True
Tamil Nadu,Salem,Tier 3,3328.55,443.52,4590.66,4131.75,2731.82,2323.38,88.0,ride_hailing,1.0,25,1000.0,FINNA Illustrative Benchmark Survey 2026 (Synthetic),2026,True
Tamil Nadu,Salem,Tier 3,3949.66,562.95,4445.31,4183.75,2733.79,2373.96,88.0,ride_hailing,1.15,25,2187.39,FINNA Illustrative Benchmark Survey 2026 (Synthetic),2026,True
Tamil Nadu,Salem,Tier 3,4031.95,622.03,4448.29,4015.87,3622.94,2526.11,88.0,ride_hailing,0.92,35,1849.34,FINNA Illustrative Benchmark Survey 2026 (Synthetic),2026,True
Tamil Nadu,Salem,Tier 3,4471.59,526.99,4715.5,4264.39,3738.94,2464.57,88.0,ride_hailing,1.0,35,2716.08,FINNA Illustrative Benchmark Survey 2026 (Synthetic),2026,True
Tamil Nadu,Salem,Tier 3,5064.39,639.54,4628.08,4254.51,3784.35,2512.27,88.0,ride_hailing,1.15,35,4387.24,FINNA Illustrative Benchmark Survey 2026 (Synthetic),2026,True
Tamil Nadu,Salem,Tier 3,4878.1,695.61,4530.32,4108.16,4789.82,2469.67,88.0,ride_hailing,0.92,45,3395.73,FINNA Illustrative Benchmark Survey 2026 (Synthetic),2026,True
Tamil Nadu,Salem,Tier 3,5523.34,569.35,4435.99,4075.85,4656.01,2466.56,88.0,ride_hailing,1.0,45,5383.07,FINNA Illustrative Benchmark Survey 2026 (Synthetic),2026,True
Tamil Nadu,Salem,Tier 3,6236.41,959.36,4759.04,4238.82,4743.4,2342.18,88.0,ride_hailing,1.15,45,7098.14,FINNA Illustrative Benchmark Survey 2026 (Synthetic),2026,True
Tamil Nadu,Salem,Tier 3,5849.43,809.31,4787.36,4080.26,5355.18,2260.14,88.0,ride_hailing,0.92,55,5749.31,FINNA Illustrative Benchmark Survey 2026 (Synthetic),2026,True
Tamil Nadu,Salem,Tier 3,6250.44,842.78,4507.65,4290.85,5729.05,2489.53,88.0,ride_hailing,1.0,55,6530.76,FINNA Illustrative Benchmark Survey 2026 (Synthetic),2026,True
Tamil Nadu,Salem,Tier 3,7457.23,1101.35,4464.81,4098.5,5706.18,2406.64,88.0,ride_hailing,1.15,55,10148.89,FINNA Illustrative Benchmark Survey 2026 (Synthetic),2026,True
Tamil Nadu,Salem,Tier 3,6628.36,870.98,4408.18,4192.71,6510.55,2316.46,88.0,ride_hailing,0.92,65,7327.38,FINNA Illustrative Benchmark Survey 2026 (Synthetic),2026,True
Tamil Nadu,Salem,Tier 3,7269.6,1054.96,4760.5,3941.77,6223.98,2326.78,88.0,ride_hailing,1.0,65,9245.82,FINNA Illustrative Benchmark Survey 2026 (Synthetic),2026,True
Tamil Nadu,Salem,Tier 3,8683.2,1124.48,4617.83,4007.79,6653.88,2422.01,88.0,ride_hailing,1.15,65,12932.88,FINNA Illustrative Benchmark Survey 2026 (Synthetic),2026,True
Tamil Nadu,Salem,Tier 3,3036.6,307.79,4735.67,4164.24,1907.32,2498.99,88.0,freelance_other,0.92,25,1000.0,FINNA Illustrative Benchmark Survey 2026 (Synthetic),2026,True
Tamil Nadu,Salem,Tier 3,3220.07,485.44,4753.36,4077.57,1864.43,2362.68,88.0,freelance_other,1.0,25,1000.0,FINNA Illustrative Benchmark Survey 2026 (Synthetic),2026,True
Tamil Nadu,Salem,Tier 3,3577.89,542.72,4795.32,4134.93,1811.64,2483.32,88.0,freelance_other,1.15,25,1473.58,FINNA Illustrative Benchmark Survey 2026 (Synthetic),2026,True
Tamil Nadu,Salem,Tier 3,3753.62,562.08,4514.02,4101.88,2558.7,2473.31,88.0,freelance_other,0.92,35,1693.42,FINNA Illustrative Benchmark Survey 2026 (Synthetic),2026,True
Tamil Nadu,Salem,Tier 3,4206.66,609.71,4723.65,4169.26,2447.19,2449.92,88.0,freelance_other,1.0,35,2876.13,FINNA Illustrative Benchmark Survey 2026 (Synthetic),2026,True
Tamil Nadu,Salem,Tier 3,4665.07,674.87,4426.06,3993.86,2525.32,2259.01,88.0,freelance_other,1.15,35,4547.08,FINNA Illustrative Benchmark Survey 2026 (Synthetic),2026,True
Tamil Nadu,Salem,Tier 3,4944.23,652.43,4762.3,4298.75,3096.54,2442.14,88.0,freelance_other,0.92,45,4425.71,FINNA Illustrative Benchmark Survey 2026 (Synthetic),2026,True
Tamil Nadu,Salem,Tier 3,5107.34,547.89,4702.81,3912.33,3034.06,2408.96,88.0,freelance_other,1.0,45,5236.8,FINNA Illustrative Benchmark Survey 2026 (Synthetic),2026,True
Tamil Nadu,Salem,Tier 3,6117.25,904.47,4763.57,4189.04,3029.95,2350.39,88.0,freelance_other,1.15,45,7900.58,FINNA Illustrative Benchmark Survey 2026 (Synthetic),2026,True
Tamil Nadu,Salem,Tier 3,5792.94,683.34,4698.73,3979.7,3637.82,2354.86,88.0,freelance_other,0.92,55,6768.01,FINNA Illustrative Benchmark Survey 2026 (Synthetic),2026,True
Tamil Nadu,Salem,Tier 3,6207.61,913.89,4598.25,4050.44,3738.0,2519.52,88.0,freelance_other,1.0,55,7782.28,FINNA Illustrative Benchmark Survey 2026 (Synthetic),2026,True
Tamil Nadu,Salem,Tier 3,6791.13,960.35,4604.44,4140.83,3788.12,2316.19,88.0,freelance_other,1.15,55,9461.41,FINNA Illustrative Benchmark Survey 2026 (Synthetic),2026,True
Tamil Nadu,Salem,Tier 3,6314.66,865.87,4693.98,4151.92,4394.37,2536.92,88.0,freelance_other,0.92,65,7517.44,FINNA Illustrative Benchmark Survey 2026 (Synthetic),2026,True
Tamil Nadu,Salem,Tier 3,7275.61,1094.93,4567.89,4045.35,4538.37,2385.7,88.0,freelance_other,1.0,65,10377.95,FINNA Illustrative Benchmark Survey 2026 (Synthetic),2026,True
Tamil Nadu,Salem,Tier 3,7896.1,1097.87,4765.96,4231.37,4287.48,2396.35,88.0,freelance_other,1.15,65,12030.82,FINNA Illustrative Benchmark Survey 2026 (Synthetic),2026,True
Tamil Nadu,Salem,Tier 3,2818.13,340.44,4773.52,3936.52,2357.75,2369.15,88.0,mixed,0.92,25,1000.0,FINNA Illustrative Benchmark Survey 2026 (Synthetic),2026,True
Tamil Nadu,Salem,Tier 3,3187.08,326.85,4431.65,4103.3,2348.12,2396.01,88.0,mixed,1.0,25,1000.0,FINNA Illustrative Benchmark Survey 2026 (Synthetic),2026,True
Tamil Nadu,Salem,Tier 3,3601.0,544.89,4620.56,4067.95,2448.97,2364.92,88.0,mixed,1.15,25,1358.45,FINNA Illustrative Benchmark Survey 2026 (Synthetic),2026,True
Tamil Nadu,Salem,Tier 3,3658.28,566.47,4505.69,4108.71,3214.36,2329.41,88.0,mixed,0.92,35,1093.42,FINNA Illustrative Benchmark Survey 2026 (Synthetic),2026,True
Tamil Nadu,Salem,Tier 3,3997.59,568.81,4559.62,3909.33,3143.5,2543.76,88.0,mixed,1.0,35,2049.68,FINNA Illustrative Benchmark Survey 2026 (Synthetic),2026,True
Tamil Nadu,Salem,Tier 3,4746.99,744.93,4661.92,3978.94,3255.32,2491.62,88.0,mixed,1.15,35,4008.33,FINNA Illustrative Benchmark Survey 2026 (Synthetic),2026,True
Tamil Nadu,Salem,Tier 3,4837.88,602.68,4492.18,4294.88,4220.86,2266.79,88.0,mixed,0.92,45,3687.65,FINNA Illustrative Benchmark Survey 2026 (Synthetic),2026,True
Tamil Nadu,Salem,Tier 3,5156.9,684.9,4432.27,4296.85,3909.89,2297.1,88.0,mixed,1.0,45,4805.62,FINNA Illustrative Benchmark Survey 2026 (Synthetic),2026,True
Tamil Nadu,Salem,Tier 3,5813.61,728.64,4799.47,4103.74,3940.56,2438.52,88.0,mixed,1.15,45,6428.92,FINNA Illustrative Benchmark Survey 2026 (Synthetic),2026,True
Tamil Nadu,Salem,Tier 3,5596.1,711.81,4613.28,4132.39,4911.49,2484.74,88.0,mixed,0.92,55,5257.99,FINNA Illustrative Benchmark Survey 2026 (Synthetic),2026,True
Tamil Nadu,Salem,Tier 3,6202.74,834.4,4634.56,3913.41,4873.78,2330.92,88.0,mixed,1.0,55,7218.38,FINNA Illustrative Benchmark Survey 2026 (Synthetic),2026,True
Tamil Nadu,Salem,Tier 3,7039.12,1091.39,4765.72,4151.95,4950.53,2257.04,88.0,mixed,1.15,55,9330.2,FINNA Illustrative Benchmark Survey 2026 (Synthetic),2026,True
Tamil Nadu,Salem,Tier 3,6163.14,803.3,4721.22,4009.07,5718.16,2386.85,88.0,mixed,0.92,65,6403.21,FINNA Illustrative Benchmark Survey 2026 (Synthetic),2026,True
Tamil Nadu,Salem,Tier 3,6751.85,804.78,4812.02,3940.87,5760.43,2495.37,88.0,mixed,1.0,65,7947.43,FINNA Illustrative Benchmark Survey 2026 (Synthetic),2026,True
Tamil Nadu,Salem,Tier 3,8079.34,1068.56,4780.67,3950.67,5662.54,2386.61,88.0,mixed,1.15,65,11831.98,FINNA Illustrative Benchmark Survey 2026 (Synthetic),2026,True
Tamil Nadu,Tiruchirappalli,Tier 3,2870.42,290.71,4919.88,4328.54,2437.35,2539.71,89.0,delivery,0.92,25,1000.0,FINNA Illustrative Benchmark Survey 2026 (Synthetic),2026,True
Tamil Nadu,Tiruchirappalli,Tier 3,3095.95,450.32,4859.4,4334.72,2402.71,2476.51,89.0,delivery,1.0,25,1000.0,FINNA Illustrative Benchmark Survey 2026 (Synthetic),2026,True
Tamil Nadu,Tiruchirappalli,Tier 3,3350.51,396.38,4562.88,4201.63,2355.14,2274.72,89.0,delivery,1.15,25,1000.0,FINNA Illustrative Benchmark Survey 2026 (Synthetic),2026,True
Tamil Nadu,Tiruchirappalli,Tier 3,3666.54,487.29,4673.3,4303.91,3299.88,2320.06,89.0,delivery,0.92,35,1000.0,FINNA Illustrative Benchmark Survey 2026 (Synthetic),2026,True
Tamil Nadu,Tiruchirappalli,Tier 3,3902.63,485.03,4822.66,4178.79,3266.17,2283.16,89.0,delivery,1.0,35,1525.95,FINNA Illustrative Benchmark Survey 2026 (Synthetic),2026,True
Tamil Nadu,Tiruchirappalli,Tier 3,4665.37,635.9,4757.66,4037.34,3297.26,2311.58,89.0,delivery,1.15,35,3768.19,FINNA Illustrative Benchmark Survey 2026 (Synthetic),2026,True
Tamil Nadu,Tiruchirappalli,Tier 3,4625.53,704.93,4920.58,4068.24,3871.17,2294.37,89.0,delivery,0.92,45,3168.22,FINNA Illustrative Benchmark Survey 2026 (Synthetic),2026,True
Tamil Nadu,Tiruchirappalli,Tier 3,4807.69,528.9,4483.57,4100.03,4039.54,2305.07,89.0,delivery,1.0,45,3827.91,FINNA Illustrative Benchmark Survey 2026 (Synthetic),2026,True
Tamil Nadu,Tiruchirappalli,Tier 3,5801.75,891.53,4752.27,4294.15,3944.07,2389.01,89.0,delivery,1.15,45,6332.35,FINNA Illustrative Benchmark Survey 2026 (Synthetic),2026,True
Tamil Nadu,Tiruchirappalli,Tier 3,5104.85,742.64,4496.15,4013.77,4852.49,2454.57,89.0,delivery,0.92,55,4086.56,FINNA Illustrative Benchmark Survey 2026 (Synthetic),2026,True
Tamil Nadu,Tiruchirappalli,Tier 3,5933.02,690.17,4730.56,4057.02,4730.54,2480.87,89.0,delivery,1.0,55,6299.14,FINNA Illustrative Benchmark Survey 2026 (Synthetic),2026,True
Tamil Nadu,Tiruchirappalli,Tier 3,6823.68,945.73,4492.96,4192.74,4824.19,2284.45,89.0,delivery,1.15,55,8938.93,FINNA Illustrative Benchmark Survey 2026 (Synthetic),2026,True
Tamil Nadu,Tiruchirappalli,Tier 3,6159.98,669.38,4817.81,4218.47,5539.97,2425.17,89.0,delivery,0.92,65,6286.34,FINNA Illustrative Benchmark Survey 2026 (Synthetic),2026,True
Tamil Nadu,Tiruchirappalli,Tier 3,6749.21,867.14,4814.87,4402.84,5717.71,2421.41,89.0,delivery,1.0,65,7713.71,FINNA Illustrative Benchmark Survey 2026 (Synthetic),2026,True
Tamil Nadu,Tiruchirappalli,Tier 3,7438.15,823.01,4501.72,4198.32,5465.72,2297.52,89.0,delivery,1.15,65,10233.54,FINNA Illustrative Benchmark Survey 2026 (Synthetic),2026,True
Tamil Nadu,Tiruchirappalli,Tier 3,3065.54,355.3,4883.33,4261.19,2734.61,2376.73,89.0,ride_hailing,0.92,25,1000.0,FINNA Illustrative Benchmark Survey 2026 (Synthetic),2026,True
Tamil Nadu,Tiruchirappalli,Tier 3,3282.83,491.46,4489.26,4070.82,2772.36,2380.31,89.0,ride_hailing,1.0,25,1000.0,FINNA Illustrative Benchmark Survey 2026 (Synthetic),2026,True
Tamil Nadu,Tiruchirappalli,Tier 3,3956.0,446.66,4688.2,4052.71,2776.12,2456.0,89.0,ride_hailing,1.15,25,2051.69,FINNA Illustrative Benchmark Survey 2026 (Synthetic),2026,True
Tamil Nadu,Tiruchirappalli,Tier 3,4000.17,624.25,4536.18,4004.76,3817.13,2480.48,89.0,ride_hailing,0.92,35,1613.42,FINNA Illustrative Benchmark Survey 2026 (Synthetic),2026,True
Tamil Nadu,Tiruchirappalli,Tier 3,4371.81,671.49,4659.63,4046.93,3810.06,2312.62,89.0,ride_hailing,1.0,35,2665.45,FINNA Illustrative Benchmark Survey 2026 (Synthetic),2026,True
Tamil Nadu,Tiruchirappalli,Tier 3,5324.22,718.79,4469.69,4185.24,3820.27,2264.65,89.0,ride_hailing,1.15,35,5404.11,FINNA Illustrative Benchmark Survey 2026 (Synthetic),2026,True
Tamil Nadu,Tiruchirappalli,Tier 3,4885.69,559.92,4621.76,4325.14,4926.96,2263.49,89.0,ride_hailing,0.92,45,3261.5,FINNA Illustrative Benchmark Survey 2026 (Synthetic),2026,True
Tamil Nadu,Tiruchirappalli,Tier 3,5471.05,749.1,4507.05,4306.11,4573.15,2386.02,89.0,ride_hailing,1.0,45,5146.26,FINNA Illustrative Benchmark Survey 2026 (Synthetic),2026,True
Tamil Nadu,Tiruchirappalli,Tier 3,6139.66,654.18,4719.05,4149.88,4575.68,2402.68,89.0,ride_hailing,1.15,45,6979.33,FINNA Illustrative Benchmark Survey 2026 (Synthetic),2026,True
Tamil Nadu,Tiruchirappalli,Tier 3,6135.16,854.66,4697.94,4067.97,5473.97,2493.2,89.0,ride_hailing,0.92,55,6390.91,FINNA Illustrative Benchmark Survey 2026 (Synthetic),2026,True
Tamil Nadu,Tiruchirappalli,Tier 3,6374.48,990.1,4828.53,4302.26,5823.3,2543.65,89.0,ride_hailing,1.0,55,6567.44,FINNA Illustrative Benchmark Survey 2026 (Synthetic),2026,True
Tamil Nadu,Tiruchirappalli,Tier 3,7208.48,793.16,4844.64,4395.05,5678.36,2257.81,89.0,ride_hailing,1.15,55,9123.96,FINNA Illustrative Benchmark Survey 2026 (Synthetic),2026,True
Tamil Nadu,Tiruchirappalli,Tier 3,6693.06,767.65,4490.28,4400.92,6785.37,2474.76,89.0,ride_hailing,0.92,65,7039.25,FINNA Illustrative Benchmark Survey 2026 (Synthetic),2026,True
Tamil Nadu,Tiruchirappalli,Tier 3,7296.62,1074.0,4889.12,4067.14,6425.16,2442.61,89.0,ride_hailing,1.0,65,8950.72,FINNA Illustrative Benchmark Survey 2026 (Synthetic),2026,True
Tamil Nadu,Tiruchirappalli,Tier 3,8201.53,988.61,4565.9,4236.84,6748.48,2296.87,89.0,ride_hailing,1.15,65,11481.95,FINNA Illustrative Benchmark Survey 2026 (Synthetic),2026,True
Tamil Nadu,Tiruchirappalli,Tier 3,3062.6,478.35,4808.3,4235.0,1873.41,2493.11,89.0,freelance_other,0.92,25,1000.0,FINNA Illustrative Benchmark Survey 2026 (Synthetic),2026,True
Tamil Nadu,Tiruchirappalli,Tier 3,3345.98,429.85,4549.74,4249.15,1858.66,2308.6,89.0,freelance_other,1.0,25,1000.0,FINNA Illustrative Benchmark Survey 2026 (Synthetic),2026,True
Tamil Nadu,Tiruchirappalli,Tier 3,3800.88,460.62,4509.36,4377.64,1898.56,2278.72,89.0,freelance_other,1.15,25,2205.79,FINNA Illustrative Benchmark Survey 2026 (Synthetic),2026,True
Tamil Nadu,Tiruchirappalli,Tier 3,3951.05,589.1,4803.49,4000.12,2673.16,2294.57,89.0,freelance_other,0.92,35,2168.86,FINNA Illustrative Benchmark Survey 2026 (Synthetic),2026,True
Tamil Nadu,Tiruchirappalli,Tier 3,4460.82,667.47,4633.77,4216.82,2496.18,2266.67,89.0,freelance_other,1.0,35,3706.24,FINNA Illustrative Benchmark Survey 2026 (Synthetic),2026,True
Tamil Nadu,Tiruchirappalli,Tier 3,4796.25,645.09,4516.91,4391.13,2583.79,2521.59,89.0,freelance_other,1.15,35,4390.32,FINNA Illustrative Benchmark Survey 2026 (Synthetic),2026,True
Tamil Nadu,Tiruchirappalli,Tier 3,4709.31,698.51,4719.03,4159.93,3296.52,2338.23,89.0,freelance_other,0.92,45,3820.44,FINNA Illustrative Benchmark Survey 2026 (Synthetic),2026,True
Tamil Nadu,Tiruchirappalli,Tier 3,5337.15,705.31,4659.4,4191.17,3211.38,2509.1,89.0,freelance_other,1.0,45,5550.23,FINNA Illustrative Benchmark Survey 2026 (Synthetic),2026,True
Tamil Nadu,Tiruchirappalli,Tier 3,6319.82,887.73,4524.64,4184.72,3358.97,2517.46,89.0,freelance_other,1.15,45,8306.37,FINNA Illustrative Benchmark Survey 2026 (Synthetic),2026,True
Tamil Nadu,Tiruchirappalli,Tier 3,5739.55,666.67,4679.41,3999.93,3946.49,2382.24,89.0,freelance_other,0.92,55,6398.72,FINNA Illustrative Benchmark Survey 2026 (Synthetic),2026,True
Tamil Nadu,Tiruchirappalli,Tier 3,6317.07,1001.79,4924.06,4036.0,3724.64,2339.97,89.0,freelance_other,1.0,55,8013.36,FINNA Illustrative Benchmark Survey 2026 (Synthetic),2026,True
Tamil Nadu,Tiruchirappalli,Tier 3,7373.12,795.1,4670.48,4008.32,3839.53,2468.25,89.0,freelance_other,1.15,55,11010.37,FINNA Illustrative Benchmark Survey 2026 (Synthetic),2026,True
Tamil Nadu,Tiruchirappalli,Tier 3,6721.13,1048.48,4826.21,4385.8,4389.75,2431.08,89.0,freelance_other,0.92,65,8495.27,FINNA Illustrative Benchmark Survey 2026 (Synthetic),2026,True
Tamil Nadu,Tiruchirappalli,Tier 3,7286.27,784.52,4557.77,4126.93,4400.14,2411.62,89.0,freelance_other,1.0,65,10434.51,FINNA Illustrative Benchmark Survey 2026 (Synthetic),2026,True
Tamil Nadu,Tiruchirappalli,Tier 3,8234.08,957.01,4908.94,4006.41,4373.97,2320.51,89.0,freelance_other,1.15,65,13028.43,FINNA Illustrative Benchmark Survey 2026 (Synthetic),2026,True
Tamil Nadu,Tiruchirappalli,Tier 3,3060.87,381.42,4593.93,4068.75,2505.06,2258.8,89.0,mixed,0.92,25,1000.0,FINNA Illustrative Benchmark Survey 2026 (Synthetic),2026,True
Tamil Nadu,Tiruchirappalli,Tier 3,3096.2,340.55,4814.44,4196.5,2549.27,2298.73,89.0,mixed,1.0,25,1000.0,FINNA Illustrative Benchmark Survey 2026 (Synthetic),2026,True
Tamil Nadu,Tiruchirappalli,Tier 3,3545.47,546.57,4465.7,4077.42,2407.21,2273.56,89.0,mixed,1.15,25,1383.2,FINNA Illustrative Benchmark Survey 2026 (Synthetic),2026,True
Tamil Nadu,Tiruchirappalli,Tier 3,3738.69,490.29,4581.87,4112.51,3391.01,2372.15,89.0,mixed,0.92,35,1125.14,FINNA Illustrative Benchmark Survey 2026 (Synthetic),2026,True
Tamil Nadu,Tiruchirappalli,Tier 3,4138.56,441.48,4467.27,4206.79,3352.98,2480.11,89.0,mixed,1.0,35,2218.33,FINNA Illustrative Benchmark Survey 2026 (Synthetic),2026,True
Tamil Nadu,Tiruchirappalli,Tier 3,5054.87,542.28,4520.98,4325.29,3206.67,2531.02,89.0,mixed,1.15,35,4747.36,FINNA Illustrative Benchmark Survey 2026 (Synthetic),2026,True
Tamil Nadu,Tiruchirappalli,Tier 3,4912.43,604.57,4818.9,4253.67,4287.14,2295.99,89.0,mixed,0.92,45,3649.83,FINNA Illustrative Benchmark Survey 2026 (Synthetic),2026,True
Tamil Nadu,Tiruchirappalli,Tier 3,5191.7,810.06,4813.82,4234.43,4190.68,2478.72,89.0,mixed,1.0,45,4395.57,FINNA Illustrative Benchmark Survey 2026 (Synthetic),2026,True
Tamil Nadu,Tiruchirappalli,Tier 3,6081.45,878.17,4755.35,4153.05,4193.97,2467.12,89.0,mixed,1.15,45,6996.07,FINNA Illustrative Benchmark Survey 2026 (Synthetic),2026,True
Tamil Nadu,Tiruchirappalli,Tier 3,5543.13,883.24,4911.95,4385.98,5154.25,2413.71,89.0,mixed,0.92,55,4638.31,FINNA Illustrative Benchmark Survey 2026 (Synthetic),2026,True
Tamil Nadu,Tiruchirappalli,Tier 3,6113.23,705.96,4580.12,4011.28,5176.18,2490.99,89.0,mixed,1.0,55,6637.62,FINNA Illustrative Benchmark Survey 2026 (Synthetic),2026,True
Tamil Nadu,Tiruchirappalli,Tier 3,7307.6,956.59,4786.62,4094.6,4854.66,2283.87,89.0,mixed,1.15,55,10154.4,FINNA Illustrative Benchmark Survey 2026 (Synthetic),2026,True
Tamil Nadu,Tiruchirappalli,Tier 3,6633.33,1042.66,4503.77,4030.37,5997.82,2347.68,89.0,mixed,0.92,65,7697.74,FINNA Illustrative Benchmark Survey 2026 (Synthetic),2026,True
Tamil Nadu,Tiruchirappalli,Tier 3,7113.02,948.29,4638.61,4098.84,5820.37,2474.66,89.0,mixed,1.0,65,8948.48,FINNA Illustrative Benchmark Survey 2026 (Synthetic),2026,True
Tamil Nadu,Tiruchirappalli,Tier 3,8374.23,992.7,4922.21,4069.43,5707.94,2500.18,89.0,mixed,1.15,65,12389.43,FINNA Illustrative Benchmark Survey 2026 (Synthetic),2026,True
Karnataka,Hubballi,Tier 3,2620.67,319.15,4420.77,3993.06,2273.05,2264.63,88.0,delivery,0.92,25,1000.0,FINNA Illustrative Benchmark Survey 2026 (Synthetic),2026,True
Karnataka,Hubballi,Tier 3,2921.98,457.6,4548.24,3997.66,2304.02,2458.77,88.0,delivery,1.0,25,1000.0,FINNA Illustrative Benchmark Survey 2026 (Synthetic),2026,True
Karnataka,Hubballi,Tier 3,3507.97,441.71,4341.72,3917.0,2208.16,2295.73,88.0,delivery,1.15,25,1577.49,FINNA Illustrative Benchmark Survey 2026 (Synthetic),2026,True
Karnataka,Hubballi,Tier 3,3703.21,530.53,4639.55,4184.6,3108.25,2282.38,88.0,delivery,0.92,35,1183.08,FINNA Illustrative Benchmark Survey 2026 (Synthetic),2026,True
Karnataka,Hubballi,Tier 3,3908.28,606.72,4568.68,4105.47,3122.48,2476.91,88.0,delivery,1.0,35,1722.05,FINNA Illustrative Benchmark Survey 2026 (Synthetic),2026,True
Karnataka,Hubballi,Tier 3,4660.24,507.77,4675.81,3952.7,3106.22,2400.23,88.0,delivery,1.15,35,3928.52,FINNA Illustrative Benchmark Survey 2026 (Synthetic),2026,True
Karnataka,Hubballi,Tier 3,4264.1,493.46,4421.14,3950.74,3800.28,2518.87,88.0,delivery,0.92,45,2452.14,FINNA Illustrative Benchmark Survey 2026 (Synthetic),2026,True
Karnataka,Hubballi,Tier 3,4852.67,541.36,4415.21,4284.92,3798.68,2542.77,88.0,delivery,1.0,45,3880.81,FINNA Illustrative Benchmark Survey 2026 (Synthetic),2026,True
Karnataka,Hubballi,Tier 3,5306.88,624.51,4346.76,3933.83,3969.41,2529.72,88.0,delivery,1.15,45,5329.4,FINNA Illustrative Benchmark Survey 2026 (Synthetic),2026,True
Karnataka,Hubballi,Tier 3,5227.37,626.87,4522.03,4176.51,4817.17,2436.96,88.0,delivery,0.92,55,4343.2,FINNA Illustrative Benchmark Survey 2026 (Synthetic),2026,True
Karnataka,Hubballi,Tier 3,5788.14,917.26,4430.68,3902.34,4715.64,2512.97,88.0,delivery,1.0,55,6175.66,FINNA Illustrative Benchmark Survey 2026 (Synthetic),2026,True
Karnataka,Hubballi,Tier 3,6306.59,642.66,4484.09,3965.89,4488.46,2378.82,88.0,delivery,1.15,55,7793.68,FINNA Illustrative Benchmark Survey 2026 (Synthetic),2026,True
Karnataka,Hubballi,Tier 3,5742.56,603.63,4527.7,4109.17,5391.01,2264.53,88.0,delivery,0.92,65,5572.37,FINNA Illustrative Benchmark Survey 2026 (Synthetic),2026,True
Karnataka,Hubballi,Tier 3,6605.25,956.03,4354.1,4298.28,5247.72,2467.68,88.0,delivery,1.0,65,7951.42,FINNA Illustrative Benchmark Survey 2026 (Synthetic),2026,True
Karnataka,Hubballi,Tier 3,7716.53,969.45,4432.88,3946.29,5476.07,2332.17,88.0,delivery,1.15,65,11196.36,FINNA Illustrative Benchmark Survey 2026 (Synthetic),2026,True
Karnataka,Hubballi,Tier 3,3062.29,374.99,4498.99,4071.05,2779.81,2320.62,88.0,ride_hailing,0.92,25,1000.0,FINNA Illustrative Benchmark Survey 2026 (Synthetic),2026,True
Karnataka,Hubballi,Tier 3,3403.62,522.36,4686.05,4204.11,2684.03,2464.92,88.0,ride_hailing,1.0,25,1000.0,FINNA Illustrative Benchmark Survey 2026 (Synthetic),2026,True
Karnataka,Hubballi,Tier 3,3961.73,468.78,4354.97,3954.17,2711.88,2540.42,88.0,ride_hailing,1.15,25,2335.35,FINNA Illustrative Benchmark Survey 2026 (Synthetic),2026,True
Karnataka,Hubballi,Tier 3,4138.22,488.27,4646.35,3905.31,3724.79,2351.87,88.0,ride_hailing,0.92,35,2138.61,FINNA Illustrative Benchmark Survey 2026 (Synthetic),2026,True
Karnataka,Hubballi,Tier 3,4202.23,546.09,4609.58,4151.63,3601.7,2466.78,88.0,ride_hailing,1.0,35,2187.88,FINNA Illustrative Benchmark Survey 2026 (Synthetic),2026,True
Karnataka,Hubballi,Tier 3,5027.76,547.69,4380.7,4123.92,3665.71,2397.46,88.0,ride_hailing,1.15,35,4681.57,FINNA Illustrative Benchmark Survey 2026 (Synthetic),2026,True
Karnataka,Hubballi,Tier 3,4910.24,540.84,4698.09,4205.31,4717.3,2292.35,88.0,ride_hailing,0.92,45,3476.39,FINNA Illustrative Benchmark Survey 2026 (Synthetic),2026,True
Karnataka,Hubballi,Tier 3,5358.3,842.13,4452.41,4299.61,4628.47,2500.02,88.0,ride_hailing,1.0,45,4758.6,FINNA Illustrative Benchmark Survey 2026 (Synthetic),2026,True
Karnataka,Hubballi,Tier 3,6283.1,774.36,4432.99,4181.5,4588.07,2299.96,88.0,ride_hailing,1.15,45,7607.15,FINNA Illustrative Benchmark Survey 2026 (Synthetic),2026,True
Karnataka,Hubballi,Tier 3,5657.99,899.7,4705.38,4149.77,5514.73,2543.36,88.0,ride_hailing,0.92,55,4930.81,FINNA Illustrative Benchmark Survey 2026 (Synthetic),2026,True
Karnataka,Hubballi,Tier 3,6516.18,824.43,4660.32,4005.52,5595.23,2392.31,88.0,ride_hailing,1.0,55,7515.09,FINNA Illustrative Benchmark Survey 2026 (Synthetic),2026,True
Karnataka,Hubballi,Tier 3,7480.53,1045.36,4535.18,4157.04,5479.13,2266.51,88.0,ride_hailing,1.15,55,10369.34,FINNA Illustrative Benchmark Survey 2026 (Synthetic),2026,True
Karnataka,Hubballi,Tier 3,6940.62,739.39,4504.62,4100.25,6430.79,2342.79,88.0,ride_hailing,0.92,65,8238.38,FINNA Illustrative Benchmark Survey 2026 (Synthetic),2026,True
Karnataka,Hubballi,Tier 3,7061.91,805.89,4663.84,4227.79,6340.24,2344.48,88.0,ride_hailing,1.0,65,8451.12,FINNA Illustrative Benchmark Survey 2026 (Synthetic),2026,True
Karnataka,Hubballi,Tier 3,8304.21,1198.59,4445.28,3957.47,6238.69,2281.02,88.0,ride_hailing,1.15,65,12372.6,FINNA Illustrative Benchmark Survey 2026 (Synthetic),2026,True
Karnataka,Hubballi,Tier 3,3013.78,379.64,4388.75,4197.68,1831.69,2358.79,88.0,freelance_other,0.92,25,1000.0,FINNA Illustrative Benchmark Survey 2026 (Synthetic),2026,True
Karnataka,Hubballi,Tier 3,3220.58,355.31,4711.45,4165.57,1819.86,2337.52,88.0,freelance_other,1.0,25,1000.0,FINNA Illustrative Benchmark Survey 2026 (Synthetic),2026,True
Karnataka,Hubballi,Tier 3,3775.39,551.15,4320.48,4186.21,1851.97,2312.32,88.0,freelance_other,1.15,25,2389.7,FINNA Illustrative Benchmark Survey 2026 (Synthetic),2026,True
Karnataka,Hubballi,Tier 3,3896.75,513.87,4483.62,3896.03,2542.22,2323.25,88.0,freelance_other,0.92,35,2358.07,FINNA Illustrative Benchmark Survey 2026 (Synthetic),2026,True
Karnataka,Hubballi,Tier 3,4125.89,580.22,4630.03,4100.18,2581.41,2488.21,88.0,freelance_other,1.0,35,2642.43,FINNA Illustrative Benchmark Survey 2026 (Synthetic),2026,True
Karnataka,Hubballi,Tier 3,4938.31,650.35,4399.75,4223.56,2515.76,2542.0,88.0,freelance_other,1.15,35,5006.18,FINNA Illustrative Benchmark Survey 2026 (Synthetic),2026,True
Karnataka,Hubballi,Tier 3,4733.09,719.29,4283.23,4242.16,3224.65,2541.97,88.0,freelance_other,0.92,45,4031.48,FINNA Illustrative Benchmark Survey 2026 (Synthetic),2026,True
Karnataka,Hubballi,Tier 3,5052.01,554.0,4670.17,4022.51,3184.38,2336.34,88.0,freelance_other,1.0,45,4980.17,FINNA Illustrative Benchmark Survey 2026 (Synthetic),2026,True
Karnataka,Hubballi,Tier 3,6105.7,678.89,4663.44,3943.57,3120.2,2345.56,88.0,freelance_other,1.15,45,8037.19,FINNA Illustrative Benchmark Survey 2026 (Synthetic),2026,True
Karnataka,Hubballi,Tier 3,5732.06,754.76,4276.89,4282.85,3766.52,2284.94,88.0,freelance_other,0.92,55,6635.6,FINNA Illustrative Benchmark Survey 2026 (Synthetic),2026,True
Karnataka,Hubballi,Tier 3,6223.66,948.1,4448.27,4299.86,3677.9,2273.99,88.0,freelance_other,1.0,55,7961.48,FINNA Illustrative Benchmark Survey 2026 (Synthetic),2026,True
Karnataka,Hubballi,Tier 3,7139.72,758.97,4476.02,4234.51,3804.56,2518.78,88.0,freelance_other,1.15,55,10322.73,FINNA Illustrative Benchmark Survey 2026 (Synthetic),2026,True
Karnataka,Hubballi,Tier 3,6215.36,654.9,4399.21,4279.73,4277.13,2520.67,88.0,freelance_other,0.92,65,7433.25,FINNA Illustrative Benchmark Survey 2026 (Synthetic),2026,True
Karnataka,Hubballi,Tier 3,6994.31,748.44,4323.12,4177.84,4465.48,2425.83,88.0,freelance_other,1.0,65,9680.51,FINNA Illustrative Benchmark Survey 2026 (Synthetic),2026,True
Karnataka,Hubballi,Tier 3,8038.16,1118.38,4461.72,4215.08,4240.38,2437.54,88.0,freelance_other,1.15,65,12642.83,FINNA Illustrative Benchmark Survey 2026 (Synthetic),2026,True
Karnataka,Hubballi,Tier 3,2864.84,445.88,4617.25,4280.36,2433.25,2433.65,88.0,mixed,0.92,25,1000.0,FINNA Illustrative Benchmark Survey 2026 (Synthetic),2026,True
Karnataka,Hubballi,Tier 3,3205.28,330.32,4503.3,3935.39,2426.39,2499.48,88.0,mixed,1.0,25,1000.0,FINNA Illustrative Benchmark Survey 2026 (Synthetic),2026,True
Karnataka,Hubballi,Tier 3,3652.8,545.32,4422.9,4044.51,2303.89,2290.7,88.0,mixed,1.15,25,1790.51,FINNA Illustrative Benchmark Survey 2026 (Synthetic),2026,True
Karnataka,Hubballi,Tier 3,3719.64,469.62,4375.56,4112.34,3299.66,2262.52,88.0,mixed,0.92,35,1336.37,FINNA Illustrative Benchmark Survey 2026 (Synthetic),2026,True
Karnataka,Hubballi,Tier 3,4280.45,571.38,4579.2,4238.22,3251.98,2257.0,88.0,mixed,1.0,35,2735.17,FINNA Illustrative Benchmark Survey 2026 (Synthetic),2026,True
Karnataka,Hubballi,Tier 3,4623.48,592.17,4617.2,4188.17,3237.8,2528.3,88.0,mixed,1.15,35,3541.33,FINNA Illustrative Benchmark Survey 2026 (Synthetic),2026,True
Karnataka,Hubballi,Tier 3,4533.34,460.81,4585.62,3940.54,4107.63,2537.07,88.0,mixed,0.92,45,2898.03,FINNA Illustrative Benchmark Survey 2026 (Synthetic),2026,True
Karnataka,Hubballi,Tier 3,4947.42,760.05,4579.58,4255.44,4098.68,2540.5,88.0,mixed,1.0,45,3866.28,FINNA Illustrative Benchmark Survey 2026 (Synthetic),2026,True
Karnataka,Hubballi,Tier 3,5734.79,742.22,4329.28,3976.17,4017.53,2321.29,88.0,mixed,1.15,45,6621.79,FINNA Illustrative Benchmark Survey 2026 (Synthetic),2026,True
Karnataka,Hubballi,Tier 3,5494.99,687.72,4663.48,4263.86,4683.31,2485.9,88.0,mixed,0.92,55,5002.89,FINNA Illustrative Benchmark Survey 2026 (Synthetic),2026,True
Karnataka,Hubballi,Tier 3,6020.62,845.44,4597.34,4045.2,4817.85,2505.73,88.0,mixed,1.0,55,6567.06,FINNA Illustrative Benchmark Survey 2026 (Synthetic),2026,True
Karnataka,Hubballi,Tier 3,6898.04,695.9,4568.1,4169.34,4794.94,2485.94,88.0,mixed,1.15,55,9002.63,FINNA Illustrative Benchmark Survey 2026 (Synthetic),2026,True
Karnataka,Hubballi,Tier 3,6143.53,937.38,4708.8,3961.53,5813.62,2368.52,88.0,mixed,0.92,65,6336.86,FINNA Illustrative Benchmark Survey 2026 (Synthetic),2026,True
Karnataka,Hubballi,Tier 3,6624.42,1057.25,4546.11,4208.0,5689.97,2499.91,88.0,mixed,1.0,65,7630.84,FINNA Illustrative Benchmark Survey 2026 (Synthetic),2026,True
Karnataka,Hubballi,Tier 3,7758.28,1086.03,4283.97,4223.35,5749.25,2358.67,88.0,mixed,1.15,65,11035.77,FINNA Illustrative Benchmark Survey 2026 (Synthetic),2026,True
Karnataka,Belagavi,Tier 3,2656.84,375.69,4288.2,4139.88,2300.97,2262.65,87.0,delivery,0.92,25,1000.0,FINNA Illustrative Benchmark Survey 2026 (Synthetic),2026,True
Karnataka,Belagavi,Tier 3,2960.23,451.87,4242.5,3928.74,2269.15,2393.49,87.0,delivery,1.0,25,1000.0,FINNA Illustrative Benchmark Survey 2026 (Synthetic),2026,True
Karnataka,Belagavi,Tier 3,3443.28,514.45,4350.89,3801.76,2303.35,2222.05,87.0,delivery,1.15,25,1450.38,FINNA Illustrative Benchmark Survey 2026 (Synthetic),2026,True
Karnataka,Belagavi,Tier 3,3480.45,552.53,4600.2,4059.51,3079.18,2408.41,87.0,delivery,0.92,35,1000.0,FINNA Illustrative Benchmark Survey 2026 (Synthetic),2026,True
Karnataka,Belagavi,Tier 3,3719.63,561.34,4489.24,4077.94,3043.77,2400.93,87.0,delivery,1.0,35,1361.18,FINNA Illustrative Benchmark Survey 2026 (Synthetic),2026,True
Karnataka,Belagavi,Tier 3,4425.83,519.21,4556.32,4001.36,2947.38,2164.82,87.0,delivery,1.15,35,3571.08,FINNA Illustrative Benchmark Survey 2026 (Synthetic),2026,True
Karnataka,Belagavi,Tier 3,4466.82,644.63,4444.3,4123.8,3874.97,2249.32,87.0,delivery,0.92,45,3021.81,FINNA Illustrative Benchmark Survey 2026 (Synthetic),2026,True
Karnataka,Belagavi,Tier 3,4597.97,500.45,4342.05,3828.51,3772.82,2262.67,87.0,delivery,1.0,45,3707.05,FINNA Illustrative Benchmark Survey 2026 (Synthetic),2026,True
Karnataka,Belagavi,Tier 3,5537.98,736.57,4350.78,3916.32,3844.39,2229.64,87.0,delivery,1.15,45,6264.91,FINNA Illustrative Benchmark Survey 2026 (Synthetic),2026,True
Karnataka,Belagavi,Tier 3,5165.81,806.61,4559.5,3893.07,4546.31,2187.8,87.0,delivery,0.92,55,4667.83,FINNA Illustrative Benchmark Survey 2026 (Synthetic),2026,True
Karnataka,Belagavi,Tier 3,5463.46,815.21,4567.4,3910.45,4527.73,2233.64,87.0,delivery,1.0,55,5471.42,FINNA Illustrative Benchmark Survey 2026 (Synthetic),2026,True
Karnataka,Belagavi,Tier 3,6623.37,857.3,4540.92,4034.08,4500.86,2426.73,87.0,delivery,1.15,55,8564.79,FINNA Illustrative Benchmark Survey 2026 (Synthetic),2026,True
Karnataka,Belagavi,Tier 3,5761.6,661.47,4328.26,4097.78,5437.34,2192.68,87.0,delivery,0.92,65,5779.58,FINNA Illustrative Benchmark Survey 2026 (Synthetic),2026,True
Karnataka,Belagavi,Tier 3,6377.47,666.97,4377.58,3997.07,5392.2,2198.98,87.0,delivery,1.0,65,7571.6,FINNA Illustrative Benchmark Survey 2026 (Synthetic),2026,True
Karnataka,Belagavi,Tier 3,7361.13,1074.02,4399.01,3839.38,5204.89,2204.71,87.0,delivery,1.15,65,10546.71,FINNA Illustrative Benchmark Survey 2026 (Synthetic),2026,True
Karnataka,Belagavi,Tier 3,3075.47,425.55,4515.47,4124.84,2643.26,2224.67,87.0,ride_hailing,0.92,25,1000.0,FINNA Illustrative Benchmark Survey 2026 (Synthetic),2026,True
Karnataka,Belagavi,Tier 3,3220.48,351.71,4526.18,3974.05,2701.86,2435.45,87.0,ride_hailing,1.0,25,1000.0,FINNA Illustrative Benchmark Survey 2026 (Synthetic),2026,True
Karnataka,Belagavi,Tier 3,3819.7,478.88,4383.53,3856.54,2621.25,2283.87,87.0,ride_hailing,1.15,25,2206.17,FINNA Illustrative Benchmark Survey 2026 (Synthetic),2026,True
Karnataka,Belagavi,Tier 3,3791.96,425.51,4543.84,3985.54,3549.35,2384.32,87.0,ride_hailing,0.92,35,1271.49,FINNA Illustrative Benchmark Survey 2026 (Synthetic),2026,True
Karnataka,Belagavi,Tier 3,4370.97,563.16,4617.76,4101.06,3583.66,2361.45,87.0,ride_hailing,1.0,35,2770.54,FINNA Illustrative Benchmark Survey 2026 (Synthetic),2026,True
Karnataka,Belagavi,Tier 3,4814.51,622.04,4315.03,3891.31,3450.09,2213.26,87.0,ride_hailing,1.15,35,4535.14,FINNA Illustrative Benchmark Survey 2026 (Synthetic),2026,True
Karnataka,Belagavi,Tier 3,4820.53,719.61,4549.84,4001.3,4436.75,2288.69,87.0,ride_hailing,0.92,45,3637.6,FINNA Illustrative Benchmark Survey 2026 (Synthetic),2026,True
Karnataka,Belagavi,Tier 3,5129.69,528.3,4427.55,3932.93,4597.41,2270.86,87.0,ride_hailing,1.0,45,4538.83,FINNA Illustrative Benchmark Survey 2026 (Synthetic),2026,True
Karnataka,Belagavi,Tier 3,6067.2,963.93,4573.14,3874.37,4505.83,2244.87,87.0,ride_hailing,1.15,45,7197.3,FINNA Illustrative Benchmark Survey 2026 (Synthetic),2026,True
Karnataka,Belagavi,Tier 3,5501.6,687.68,4290.3,3804.11,5456.59,2266.12,87.0,ride_hailing,0.92,55,5203.13,FINNA Illustrative Benchmark Survey 2026 (Synthetic),2026,True
Karnataka,Belagavi,Tier 3,6060.01,779.89,4209.74,4133.93,5264.17,2255.36,87.0,ride_hailing,1.0,55,6744.82,FINNA Illustrative Benchmark Survey 2026 (Synthetic),2026,True
Karnataka,Belagavi,Tier 3,7265.75,1148.09,4356.39,3967.03,5234.77,2328.63,87.0,ride_hailing,1.15,55,10123.02,FINNA Illustrative Benchmark Survey 2026 (Synthetic),2026,True
Karnataka,Belagavi,Tier 3,6399.48,843.07,4497.7,4134.36,6319.14,2274.18,87.0,ride_hailing,0.92,65,6814.84,FINNA Illustrative Benchmark Survey 2026 (Synthetic),2026,True
Karnataka,Belagavi,Tier 3,7214.39,734.52,4295.83,4167.41,6277.01,2270.57,87.0,ride_hailing,1.0,65,9247.87,FINNA Illustrative Benchmark Survey 2026 (Synthetic),2026,True
Karnataka,Belagavi,Tier 3,8301.53,918.0,4485.33,4112.07,6404.37,2233.68,87.0,ride_hailing,1.15,65,12161.61,FINNA Illustrative Benchmark Survey 2026 (Synthetic),2026,True
Karnataka,Belagavi,Tier 3,2848.61,289.2,4410.92,4133.7,1842.15,2292.9,87.0,freelance_other,0.92,25,1000.0,FINNA Illustrative Benchmark Survey 2026 (Synthetic),2026,True
Karnataka,Belagavi,Tier 3,3154.2,455.88,4601.08,3930.95,1853.94,2280.42,87.0,freelance_other,1.0,25,1000.0,FINNA Illustrative Benchmark Survey 2026 (Synthetic),2026,True
Karnataka,Belagavi,Tier 3,3534.95,355.37,4264.41,4062.5,1777.2,2286.26,87.0,freelance_other,1.15,25,1895.38,FINNA Illustrative Benchmark Survey 2026 (Synthetic),2026,True
Karnataka,Belagavi,Tier 3,3872.21,503.43,4568.01,3999.92,2409.14,2232.29,87.0,freelance_other,0.92,35,2312.25,FINNA Illustrative Benchmark Survey 2026 (Synthetic),2026,True
Karnataka,Belagavi,Tier 3,4109.66,429.95,4489.96,3811.05,2505.23,2307.44,87.0,freelance_other,1.0,35,3042.75,FINNA Illustrative Benchmark Survey 2026 (Synthetic),2026,True
Karnataka,Belagavi,Tier 3,4616.21,511.73,4272.43,3960.98,2506.43,2287.7,87.0,freelance_other,1.15,35,4524.42,FINNA Illustrative Benchmark Survey 2026 (Synthetic),2026,True
Karnataka,Belagavi,Tier 3,4560.17,472.33,4257.47,4177.48,2973.64,2190.51,87.0,freelance_other,0.92,45,3995.18,FINNA Illustrative Benchmark Survey 2026 (Synthetic),2026,True
Karnataka,Belagavi,Tier 3,5182.22,778.14,4545.26,4060.5,3057.58,2329.46,87.0,freelance_other,1.0,45,5490.04,FINNA Illustrative Benchmark Survey 2026 (Synthetic),2026,True
Karnataka,Belagavi,Tier 3,6056.28,644.37,4252.33,4111.78,2976.18,2405.72,87.0,freelance_other,1.15,45,8110.49,FINNA Illustrative Benchmark Survey 2026 (Synthetic),2026,True
Karnataka,Belagavi,Tier 3,5448.8,639.35,4548.35,3961.66,3681.37,2170.94,87.0,freelance_other,0.92,55,6000.14,FINNA Illustrative Benchmark Survey 2026 (Synthetic),2026,True
Karnataka,Belagavi,Tier 3,5828.67,619.09,4366.93,4031.43,3579.87,2398.39,87.0,freelance_other,1.0,55,7059.99,FINNA Illustrative Benchmark Survey 2026 (Synthetic),2026,True
Karnataka,Belagavi,Tier 3,6704.87,682.39,4259.28,3965.28,3800.91,2318.94,87.0,freelance_other,1.15,55,9546.99,FINNA Illustrative Benchmark Survey 2026 (Synthetic),2026,True
Karnataka,Belagavi,Tier 3,6338.46,670.22,4610.89,3906.46,4321.29,2236.14,87.0,freelance_other,0.92,65,8040.99,FINNA Illustrative Benchmark Survey 2026 (Synthetic),2026,True
Karnataka,Belagavi,Tier 3,7042.93,729.88,4420.4,4147.34,4243.57,2405.86,87.0,freelance_other,1.0,65,9931.17,FINNA Illustrative Benchmark Survey 2026 (Synthetic),2026,True
Karnataka,Belagavi,Tier 3,8055.58,1251.0,4534.74,3832.15,4404.88,2285.0,87.0,freelance_other,1.15,65,12885.53,FINNA Illustrative Benchmark Survey 2026 (Synthetic),2026,True
Karnataka,Belagavi,Tier 3,2893.6,443.56,4481.51,4176.54,2294.22,2216.73,87.0,mixed,0.92,25,1000.0,FINNA Illustrative Benchmark Survey 2026 (Synthetic),2026,True
Karnataka,Belagavi,Tier 3,2999.07,450.18,4260.76,4166.73,2310.18,2223.79,87.0,mixed,1.0,25,1000.0,FINNA Illustrative Benchmark Survey 2026 (Synthetic),2026,True
Karnataka,Belagavi,Tier 3,3428.66,509.16,4250.36,3911.45,2322.66,2432.17,87.0,mixed,1.15,25,1254.15,FINNA Illustrative Benchmark Survey 2026 (Synthetic),2026,True
Karnataka,Belagavi,Tier 3,3853.96,386.63,4277.81,4025.13,3219.39,2370.72,87.0,mixed,0.92,35,1816.49,FINNA Illustrative Benchmark Survey 2026 (Synthetic),2026,True
Karnataka,Belagavi,Tier 3,3997.47,414.35,4567.63,4046.31,3186.87,2434.31,87.0,mixed,1.0,35,1998.05,FINNA Illustrative Benchmark Survey 2026 (Synthetic),2026,True
Karnataka,Belagavi,Tier 3,4597.08,652.48,4276.35,4041.88,3064.2,2355.4,87.0,mixed,1.15,35,4008.89,FINNA Illustrative Benchmark Survey 2026 (Synthetic),2026,True
Karnataka,Belagavi,Tier 3,4763.59,617.34,4418.0,3834.8,4085.08,2194.53,87.0,mixed,0.92,45,3961.06,FINNA Illustrative Benchmark Survey 2026 (Synthetic),2026,True
Karnataka,Belagavi,Tier 3,4937.21,596.83,4201.01,4189.98,3980.03,2280.47,87.0,mixed,1.0,45,4372.31,FINNA Illustrative Benchmark Survey 2026 (Synthetic),2026,True
Karnataka,Belagavi,Tier 3,5557.62,699.3,4364.7,3958.05,3906.5,2209.37,87.0,mixed,1.15,45,6256.82,FINNA Illustrative Benchmark Survey 2026 (Synthetic),2026,True
Karnataka,Belagavi,Tier 3,5560.16,740.49,4313.64,4190.89,4777.28,2235.08,87.0,mixed,0.92,55,5563.09,FINNA Illustrative Benchmark Survey 2026 (Synthetic),2026,True
Karnataka,Belagavi,Tier 3,5990.05,809.75,4190.29,4089.11,4745.99,2312.73,87.0,mixed,1.0,55,6889.22,FINNA Illustrative Benchmark Survey 2026 (Synthetic),2026,True
Karnataka,Belagavi,Tier 3,6646.72,665.78,4509.2,4197.49,4840.06,2395.63,87.0,mixed,1.15,55,8344.65,FINNA Illustrative Benchmark Survey 2026 (Synthetic),2026,True
Karnataka,Belagavi,Tier 3,5959.39,611.88,4184.5,4085.95,5338.5,2426.91,87.0,mixed,0.92,65,6349.39,FINNA Illustrative Benchmark Survey 2026 (Synthetic),2026,True
Karnataka,Belagavi,Tier 3,6920.92,939.18,4253.0,4108.66,5691.73,2376.35,87.0,mixed,1.0,65,8799.6,FINNA Illustrative Benchmark Survey 2026 (Synthetic),2026,True
Karnataka,Belagavi,Tier 3,8021.05,1226.64,4284.81,3813.03,5407.2,2319.99,87.0,mixed,1.15,65,12288.98,FINNA Illustrative Benchmark Survey 2026 (Synthetic),2026,True
Uttar Pradesh,Varanasi,Tier 3,2680.29,304.24,4991.4,4136.37,2293.02,2315.41,90.0,delivery,0.92,25,1000.0,FINNA Illustrative Benchmark Survey 2026 (Synthetic),2026,True
Uttar Pradesh,Varanasi,Tier 3,2906.57,319.92,4731.61,4007.11,2409.09,2516.89,90.0,delivery,1.0,25,1000.0,FINNA Illustrative Benchmark Survey 2026 (Synthetic),2026,True
Uttar Pradesh,Varanasi,Tier 3,3564.94,430.09,5027.24,4037.68,2423.22,2321.16,90.0,delivery,1.15,25,1057.48,FINNA Illustrative Benchmark Survey 2026 (Synthetic),2026,True
Uttar Pradesh,Varanasi,Tier 3,3620.83,433.46,4904.6,4366.93,3112.57,2372.59,90.0,delivery,0.92,35,1000.0,FINNA Illustrative Benchmark Survey 2026 (Synthetic),2026,True
Uttar Pradesh,Varanasi,Tier 3,3988.84,531.56,4828.93,4281.96,3108.01,2311.77,90.0,delivery,1.0,35,1781.65,FINNA Illustrative Benchmark Survey 2026 (Synthetic),2026,True
Uttar Pradesh,Varanasi,Tier 3,4686.76,522.88,4637.86,4346.92,3155.36,2303.0,90.0,delivery,1.15,35,3802.85,FINNA Illustrative Benchmark Survey 2026 (Synthetic),2026,True
Uttar Pradesh,Varanasi,Tier 3,4481.58,450.11,4817.95,4135.66,4068.72,2411.05,90.0,delivery,0.92,45,2581.71,FINNA Illustrative Benchmark Survey 2026 (Synthetic),2026,True
Uttar Pradesh,Varanasi,Tier 3,4956.88,532.11,4959.19,4321.24,4070.65,2282.05,90.0,delivery,1.0,45,3789.6,FINNA Illustrative Benchmark Survey 2026 (Synthetic),2026,True
Uttar Pradesh,Varanasi,Tier 3,5806.17,600.66,4934.44,4305.57,3955.79,2517.41,90.0,delivery,1.15,45,6127.88,FINNA Illustrative Benchmark Survey 2026 (Synthetic),2026,True
Uttar Pradesh,Varanasi,Tier 3,5361.81,733.96,5016.66,4039.52,4681.4,2398.97,90.0,delivery,0.92,55,4602.06,FINNA Illustrative Benchmark Survey 2026 (Synthetic),2026,True
Uttar Pradesh,Varanasi,Tier 3,5636.91,726.41,4708.32,4146.11,4649.79,2517.05,90.0,delivery,1.0,55,5451.26,FINNA Illustrative Benchmark Survey 2026 (Synthetic),2026,True
Uttar Pradesh,Varanasi,Tier 3,6581.21,893.19,4976.14,4259.19,4805.16,2515.69,90.0,delivery,1.15,55,7761.3,FINNA Illustrative Benchmark Survey 2026 (Synthetic),2026,True
Uttar Pradesh,Varanasi,Tier 3,6017.42,957.73,4606.94,4045.62,5508.82,2277.89,90.0,delivery,0.92,65,6250.5,FINNA Illustrative Benchmark Survey 2026 (Synthetic),2026,True
Uttar Pradesh,Varanasi,Tier 3,6480.89,835.37,4671.42,4158.33,5752.64,2502.23,90.0,delivery,1.0,65,7135.46,FINNA Illustrative Benchmark Survey 2026 (Synthetic),2026,True
Uttar Pradesh,Varanasi,Tier 3,7480.44,891.0,4880.53,4203.65,5740.93,2328.54,90.0,delivery,1.15,65,9903.83,FINNA Illustrative Benchmark Survey 2026 (Synthetic),2026,True
Uttar Pradesh,Varanasi,Tier 3,3018.96,465.95,4896.59,4363.95,2782.02,2385.19,90.0,ride_hailing,0.92,25,1000.0,FINNA Illustrative Benchmark Survey 2026 (Synthetic),2026,True
Uttar Pradesh,Varanasi,Tier 3,3461.39,351.63,4834.12,4056.5,2852.79,2409.52,90.0,ride_hailing,1.0,25,1000.0,FINNA Illustrative Benchmark Survey 2026 (Synthetic),2026,True
Uttar Pradesh,Varanasi,Tier 3,3825.36,583.27,4689.83,4070.24,2844.58,2274.08,90.0,ride_hailing,1.15,25,1745.3,FINNA Illustrative Benchmark Survey 2026 (Synthetic),2026,True
Uttar Pradesh,Varanasi,Tier 3,4171.5,632.41,4730.22,4123.47,3719.03,2463.3,90.0,ride_hailing,0.92,35,1967.27,FINNA Illustrative Benchmark Survey 2026 (Synthetic),2026,True
Uttar Pradesh,Varanasi,Tier 3,4337.2,585.15,4610.43,4089.86,3891.91,2405.02,90.0,ride_hailing,1.0,35,2458.86,FINNA Illustrative Benchmark Survey 2026 (Synthetic),2026,True
Uttar Pradesh,Varanasi,Tier 3,5111.88,792.54,4781.28,4048.66,3778.2,2536.46,90.0,ride_hailing,1.15,35,4543.4,FINNA Illustrative Benchmark Survey 2026 (Synthetic),2026,True
Uttar Pradesh,Varanasi,Tier 3,4998.21,722.12,4972.79,4054.4,4595.5,2413.03,90.0,ride_hailing,0.92,45,3644.24,FINNA Illustrative Benchmark Survey 2026 (Synthetic),2026,True
Uttar Pradesh,Varanasi,Tier 3,5579.41,643.1,4942.99,4124.96,4914.07,2483.87,90.0,ride_hailing,1.0,45,5000.42,FINNA Illustrative Benchmark Survey 2026 (Synthetic),2026,True
Uttar Pradesh,Varanasi,Tier 3,6356.99,916.41,5025.18,4117.05,4766.24,2397.88,90.0,ride_hailing,1.15,45,7292.62,FINNA Illustrative Benchmark Survey 2026 (Synthetic),2026,True
Uttar Pradesh,Varanasi,Tier 3,5919.38,817.13,4958.17,4073.28,5557.73,2323.53,90.0,ride_hailing,0.92,55,5666.83,FINNA Illustrative Benchmark Survey 2026 (Synthetic),2026,True
Uttar Pradesh,Varanasi,Tier 3,6298.88,852.71,4827.93,4138.8,5625.56,2433.84,90.0,ride_hailing,1.0,55,6661.21,FINNA Illustrative Benchmark Survey 2026 (Synthetic),2026,True
Uttar Pradesh,Varanasi,Tier 3,7176.46,864.17,4903.88,4269.52,5899.63,2335.18,90.0,ride_hailing,1.15,55,8882.81,FINNA Illustrative Benchmark Survey 2026 (Synthetic),2026,True
Uttar Pradesh,Varanasi,Tier 3,7035.22,844.32,4801.66,4319.44,6737.85,2408.76,90.0,ride_hailing,0.92,65,7926.62,FINNA Illustrative Benchmark Survey 2026 (Synthetic),2026,True
Uttar Pradesh,Varanasi,Tier 3,7615.0,1008.9,5026.88,4124.67,6580.19,2484.6,90.0,ride_hailing,1.0,65,9591.8,FINNA Illustrative Benchmark Survey 2026 (Synthetic),2026,True
Uttar Pradesh,Varanasi,Tier 3,8283.15,1220.21,4568.63,4203.32,6559.37,2292.09,90.0,ride_hailing,1.15,65,11857.71,FINNA Illustrative Benchmark Survey 2026 (Synthetic),2026,True
Uttar Pradesh,Varanasi,Tier 3,3026.98,333.26,4706.47,4081.02,1945.73,2507.97,90.0,freelance_other,0.92,25,1000.0,FINNA Illustrative Benchmark Survey 2026 (Synthetic),2026,True
Uttar Pradesh,Varanasi,Tier 3,3330.1,349.03,4841.09,4060.88,1851.17,2308.87,90.0,freelance_other,1.0,25,1000.0,FINNA Illustrative Benchmark Survey 2026 (Synthetic),2026,True
Uttar Pradesh,Varanasi,Tier 3,3713.33,539.54,4815.98,4138.12,1948.12,2524.94,90.0,freelance_other,1.15,25,1723.51,FINNA Illustrative Benchmark Survey 2026 (Synthetic),2026,True
Uttar Pradesh,Varanasi,Tier 3,3932.07,571.79,5034.65,4177.83,2586.97,2310.35,90.0,freelance_other,0.92,35,1895.44,FINNA Illustrative Benchmark Survey 2026 (Synthetic),2026,True
Uttar Pradesh,Varanasi,Tier 3,4396.21,671.96,4870.14,4028.07,2668.03,2484.36,90.0,freelance_other,1.0,35,3240.24,FINNA Illustrative Benchmark Survey 2026 (Synthetic),2026,True
Uttar Pradesh,Varanasi,Tier 3,4851.68,564.79,4697.99,4230.83,2595.54,2482.96,90.0,freelance_other,1.15,35,4550.3,FINNA Illustrative Benchmark Survey 2026 (Synthetic),2026,True
Uttar Pradesh,Varanasi,Tier 3,4909.73,683.96,4749.32,4339.22,3215.37,2294.7,90.0,freelance_other,0.92,45,4329.34,FINNA Illustrative Benchmark Survey 2026 (Synthetic),2026,True
Uttar Pradesh,Varanasi,Tier 3,5249.03,607.5,4958.9,4133.93,3317.63,2533.31,90.0,freelance_other,1.0,45,5059.94,FINNA Illustrative Benchmark Survey 2026 (Synthetic),2026,True
Uttar Pradesh,Varanasi,Tier 3,6018.28,671.95,4592.04,4341.1,3267.99,2261.4,90.0,freelance_other,1.15,45,7537.8,FINNA Illustrative Benchmark Survey 2026 (Synthetic),2026,True
Uttar Pradesh,Varanasi,Tier 3,5616.22,586.85,4913.92,4025.45,3782.55,2362.77,90.0,freelance_other,0.92,55,6001.8,FINNA Illustrative Benchmark Survey 2026 (Synthetic),2026,True
Uttar Pradesh,Varanasi,Tier 3,6089.21,835.14,4624.55,4115.11,3858.1,2281.01,90.0,freelance_other,1.0,55,7466.88,FINNA Illustrative Benchmark Survey 2026 (Synthetic),2026,True
Uttar Pradesh,Varanasi,Tier 3,7227.06,888.49,4562.78,4009.65,4013.31,2524.35,90.0,freelance_other,1.15,55,10519.0,FINNA Illustrative Benchmark Survey 2026 (Synthetic),2026,True
Uttar Pradesh,Varanasi,Tier 3,6394.38,825.84,4577.89,4157.99,4461.21,2521.96,90.0,freelance_other,0.92,65,7779.6,FINNA Illustrative Benchmark Survey 2026 (Synthetic),2026,True
Uttar Pradesh,Varanasi,Tier 3,7296.57,1093.44,4586.35,4399.76,4630.33,2368.59,90.0,freelance_other,1.0,65,10145.93,FINNA Illustrative Benchmark Survey 2026 (Synthetic),2026,True
Uttar Pradesh,Varanasi,Tier 3,8042.23,1057.9,5010.91,3994.34,4523.17,2321.74,90.0,freelance_other,1.15,65,12332.25,FINNA Illustrative Benchmark Survey 2026 (Synthetic),2026,True
Uttar Pradesh,Varanasi,Tier 3,2873.89,334.18,4603.26,4336.99,2494.14,2502.93,90.0,mixed,0.92,25,1000.0,FINNA Illustrative Benchmark Survey 2026 (Synthetic),2026,True
Uttar Pradesh,Varanasi,Tier 3,3252.06,365.32,4976.33,4073.26,2445.15,2259.58,90.0,mixed,1.0,25,1000.0,FINNA Illustrative Benchmark Survey 2026 (Synthetic),2026,True
Uttar Pradesh,Varanasi,Tier 3,3817.64,523.14,4695.89,4029.12,2450.06,2295.52,90.0,mixed,1.15,25,1988.86,FINNA Illustrative Benchmark Survey 2026 (Synthetic),2026,True
Uttar Pradesh,Varanasi,Tier 3,3795.27,402.1,4727.5,4367.97,3277.23,2519.63,90.0,mixed,0.92,35,1001.77,FINNA Illustrative Benchmark Survey 2026 (Synthetic),2026,True
Uttar Pradesh,Varanasi,Tier 3,4124.14,456.63,4785.54,4365.8,3340.08,2393.26,90.0,mixed,1.0,35,1932.35,FINNA Illustrative Benchmark Survey 2026 (Synthetic),2026,True
Uttar Pradesh,Varanasi,Tier 3,4829.71,749.16,4575.19,4350.63,3256.09,2328.29,90.0,mixed,1.15,35,4161.59,FINNA Illustrative Benchmark Survey 2026 (Synthetic),2026,True
Uttar Pradesh,Varanasi,Tier 3,4699.09,645.75,4581.6,4106.53,4156.11,2276.0,90.0,mixed,0.92,45,3397.43,FINNA Illustrative Benchmark Survey 2026 (Synthetic),2026,True
Uttar Pradesh,Varanasi,Tier 3,5122.44,616.8,4805.57,4175.38,4346.53,2496.74,90.0,mixed,1.0,45,4131.36,FINNA Illustrative Benchmark Survey 2026 (Synthetic),2026,True
Uttar Pradesh,Varanasi,Tier 3,5970.43,817.53,4650.62,4115.91,4073.91,2510.07,90.0,mixed,1.15,45,6825.94,FINNA Illustrative Benchmark Survey 2026 (Synthetic),2026,True
Uttar Pradesh,Varanasi,Tier 3,5537.2,626.54,4707.67,4314.03,4838.25,2398.91,90.0,mixed,0.92,55,5016.19,FINNA Illustrative Benchmark Survey 2026 (Synthetic),2026,True
Uttar Pradesh,Varanasi,Tier 3,5985.38,722.56,4934.83,4324.37,5007.78,2367.95,90.0,mixed,1.0,55,6033.15,FINNA Illustrative Benchmark Survey 2026 (Synthetic),2026,True
Uttar Pradesh,Varanasi,Tier 3,6903.75,926.6,5038.77,4059.51,5157.27,2478.54,90.0,mixed,1.15,55,8553.45,FINNA Illustrative Benchmark Survey 2026 (Synthetic),2026,True
Uttar Pradesh,Varanasi,Tier 3,6392.85,725.74,4964.19,4047.46,5847.45,2267.94,90.0,mixed,0.92,65,6860.1,FINNA Illustrative Benchmark Survey 2026 (Synthetic),2026,True
Uttar Pradesh,Varanasi,Tier 3,7127.66,786.73,4807.54,4298.26,5710.94,2444.02,90.0,mixed,1.0,65,8841.31,FINNA Illustrative Benchmark Survey 2026 (Synthetic),2026,True
Uttar Pradesh,Varanasi,Tier 3,8384.83,840.1,4722.67,4200.36,5744.0,2511.06,90.0,mixed,1.15,65,12433.35,FINNA Illustrative Benchmark Survey 2026 (Synthetic),2026,True
Uttar Pradesh,Agra,Tier 3,2836.6,444.26,4740.45,4253.05,2369.98,2446.39,91.0,delivery,0.92,25,1000.0,FINNA Illustrative Benchmark Survey 2026 (Synthetic),2026,True
Uttar Pradesh,Agra,Tier 3,3110.01,313.99,5046.06,4335.07,2358.76,2510.09,91.0,delivery,1.0,25,1000.0,FINNA Illustrative Benchmark Survey 2026 (Synthetic),2026,True
Uttar Pradesh,Agra,Tier 3,3483.3,437.64,4804.32,4448.96,2438.8,2571.11,91.0,delivery,1.15,25,1000.0,FINNA Illustrative Benchmark Survey 2026 (Synthetic),2026,True
Uttar Pradesh,Agra,Tier 3,3681.53,468.79,5123.53,4309.7,3207.48,2487.11,91.0,delivery,0.92,35,1000.0,FINNA Illustrative Benchmark Survey 2026 (Synthetic),2026,True
Uttar Pradesh,Agra,Tier 3,4035.05,494.34,4920.69,4279.09,3305.73,2606.84,91.0,delivery,1.0,35,1533.62,FINNA Illustrative Benchmark Survey 2026 (Synthetic),2026,True
Uttar Pradesh,Agra,Tier 3,4820.85,556.25,4857.91,4285.96,3312.94,2466.31,91.0,delivery,1.15,35,3868.25,FINNA Illustrative Benchmark Survey 2026 (Synthetic),2026,True
Uttar Pradesh,Agra,Tier 3,4502.05,599.71,5051.48,4499.81,3953.2,2547.74,91.0,delivery,0.92,45,2237.07,FINNA Illustrative Benchmark Survey 2026 (Synthetic),2026,True
Uttar Pradesh,Agra,Tier 3,5152.91,542.23,4837.66,4307.54,4130.69,2360.07,91.0,delivery,1.0,45,4339.49,FINNA Illustrative Benchmark Survey 2026 (Synthetic),2026,True
Uttar Pradesh,Agra,Tier 3,5547.51,705.47,5108.01,4156.78,4207.41,2353.33,91.0,delivery,1.15,45,5326.87,FINNA Illustrative Benchmark Survey 2026 (Synthetic),2026,True
Uttar Pradesh,Agra,Tier 3,5430.15,652.01,4996.78,4364.42,5038.07,2465.52,91.0,delivery,0.92,55,4321.04,FINNA Illustrative Benchmark Survey 2026 (Synthetic),2026,True
Uttar Pradesh,Agra,Tier 3,5795.31,661.66,4856.83,4464.39,4722.4,2619.83,91.0,delivery,1.0,55,5479.66,FINNA Illustrative Benchmark Survey 2026 (Synthetic),2026,True
Uttar Pradesh,Agra,Tier 3,6630.9,761.75,4785.83,4267.67,4909.17,2413.38,91.0,delivery,1.15,55,8018.24,FINNA Illustrative Benchmark Survey 2026 (Synthetic),2026,True
Uttar Pradesh,Agra,Tier 3,6167.32,855.26,4981.28,4094.57,5657.91,2560.25,91.0,delivery,0.92,65,6116.82,FINNA Illustrative Benchmark Survey 2026 (Synthetic),2026,True
Uttar Pradesh,Agra,Tier 3,6969.3,747.21,5112.18,4163.71,5557.04,2473.09,91.0,delivery,1.0,65,8366.18,FINNA Illustrative Benchmark Survey 2026 (Synthetic),2026,True
Uttar Pradesh,Agra,Tier 3,7996.01,1236.77,4969.76,4418.72,5753.58,2581.33,91.0,delivery,1.15,65,10984.57,FINNA Illustrative Benchmark Survey 2026 (Synthetic),2026,True
Uttar Pradesh,Agra,Tier 3,3169.46,439.99,4866.14,4178.75,2932.02,2552.88,91.0,ride_hailing,0.92,25,1000.0,FINNA Illustrative Benchmark Survey 2026 (Synthetic),2026,True
Uttar Pradesh,Agra,Tier 3,3543.62,364.29,4885.66,4173.26,2852.7,2441.4,91.0,ride_hailing,1.0,25,1000.0,FINNA Illustrative Benchmark Survey 2026 (Synthetic),2026,True
Uttar Pradesh,Agra,Tier 3,4076.71,578.01,4994.86,4458.44,2873.15,2494.47,91.0,ride_hailing,1.15,25,1840.3,FINNA Illustrative Benchmark Survey 2026 (Synthetic),2026,True
Uttar Pradesh,Agra,Tier 3,4158.94,601.02,4809.31,4512.53,3833.0,2356.57,91.0,ride_hailing,0.92,35,1622.92,FINNA Illustrative Benchmark Survey 2026 (Synthetic),2026,True
Uttar Pradesh,Agra,Tier 3,4619.36,545.83,4722.64,4441.23,3948.65,2367.6,91.0,ride_hailing,1.0,35,2939.11,FINNA Illustrative Benchmark Survey 2026 (Synthetic),2026,True
Uttar Pradesh,Agra,Tier 3,5302.69,708.77,5029.85,4413.88,3902.18,2470.44,91.0,ride_hailing,1.15,35,4643.79,FINNA Illustrative Benchmark Survey 2026 (Synthetic),2026,True
Uttar Pradesh,Agra,Tier 3,5244.03,533.76,4846.47,4165.33,4703.86,2370.92,91.0,ride_hailing,0.92,45,4303.05,FINNA Illustrative Benchmark Survey 2026 (Synthetic),2026,True
Uttar Pradesh,Agra,Tier 3,5717.83,770.04,5126.46,4470.41,4685.78,2407.5,91.0,ride_hailing,1.0,45,5244.24,FINNA Illustrative Benchmark Survey 2026 (Synthetic),2026,True
Uttar Pradesh,Agra,Tier 3,6599.5,890.15,5030.7,4303.86,4920.13,2551.87,91.0,ride_hailing,1.15,45,7650.03,FINNA Illustrative Benchmark Survey 2026 (Synthetic),2026,True
Uttar Pradesh,Agra,Tier 3,6105.88,807.14,4733.27,4136.6,5678.27,2560.73,91.0,ride_hailing,0.92,55,6064.23,FINNA Illustrative Benchmark Survey 2026 (Synthetic),2026,True
Uttar Pradesh,Agra,Tier 3,6847.62,1000.9,5033.58,4185.35,5648.61,2571.26,91.0,ride_hailing,1.0,55,7937.41,FINNA Illustrative Benchmark Survey 2026 (Synthetic),2026,True
Uttar Pradesh,Agra,Tier 3,7848.21,1036.23,5057.96,4217.42,5728.96,2471.57,91.0,ride_hailing,1.15,55,10729.45,FINNA Illustrative Benchmark Survey 2026 (Synthetic),2026,True
Uttar Pradesh,Agra,Tier 3,6849.22,697.34,5006.8,4339.28,6888.95,2549.46,91.0,ride_hailing,0.92,65,7067.21,FINNA Illustrative Benchmark Survey 2026 (Synthetic),2026,True
Uttar Pradesh,Agra,Tier 3,7856.98,826.76,5032.83,4496.79,6680.18,2646.87,91.0,ride_hailing,1.0,65,9856.63,FINNA Illustrative Benchmark Survey 2026 (Synthetic),2026,True
Uttar Pradesh,Agra,Tier 3,8777.14,887.87,4793.32,4418.29,6847.43,2475.56,91.0,ride_hailing,1.15,65,12655.77,FINNA Illustrative Benchmark Survey 2026 (Synthetic),2026,True
Uttar Pradesh,Agra,Tier 3,2951.87,362.56,4743.02,4350.28,2003.09,2481.76,91.0,freelance_other,0.92,25,1000.0,FINNA Illustrative Benchmark Survey 2026 (Synthetic),2026,True
Uttar Pradesh,Agra,Tier 3,3201.94,369.85,4952.56,4154.83,2031.19,2419.6,91.0,freelance_other,1.0,25,1000.0,FINNA Illustrative Benchmark Survey 2026 (Synthetic),2026,True
Uttar Pradesh,Agra,Tier 3,3961.57,572.64,4791.19,4423.13,2001.87,2559.21,91.0,freelance_other,1.15,25,2195.83,FINNA Illustrative Benchmark Survey 2026 (Synthetic),2026,True
Uttar Pradesh,Agra,Tier 3,4134.28,585.51,5057.79,4117.4,2691.47,2383.49,91.0,freelance_other,0.92,35,2373.33,FINNA Illustrative Benchmark Survey 2026 (Synthetic),2026,True
Uttar Pradesh,Agra,Tier 3,4384.33,664.67,4657.73,4357.63,2739.95,2431.32,91.0,freelance_other,1.0,35,3118.39,FINNA Illustrative Benchmark Survey 2026 (Synthetic),2026,True
Uttar Pradesh,Agra,Tier 3,4941.04,527.87,5087.68,4311.91,2720.88,2577.59,91.0,freelance_other,1.15,35,4352.82,FINNA Illustrative Benchmark Survey 2026 (Synthetic),2026,True
Uttar Pradesh,Agra,Tier 3,5135.38,545.26,4973.74,4193.62,3387.24,2626.3,91.0,freelance_other,0.92,45,4585.94,FINNA Illustrative Benchmark Survey 2026 (Synthetic),2026,True
Uttar Pradesh,Agra,Tier 3,5468.33,842.53,4975.48,4125.06,3182.79,2631.84,91.0,freelance_other,1.0,45,5695.75,FINNA Illustrative Benchmark Survey 2026 (Synthetic),2026,True
Uttar Pradesh,Agra,Tier 3,6346.48,678.22,4681.66,4342.6,3223.79,2539.24,91.0,freelance_other,1.15,45,8250.43,FINNA Illustrative Benchmark Survey 2026 (Synthetic),2026,True
Uttar Pradesh,Agra,Tier 3,5642.25,862.08,4754.76,4305.67,3983.7,2505.27,91.0,freelance_other,0.92,55,5773.0,FINNA Illustrative Benchmark Survey 2026 (Synthetic),2026,True
Uttar Pradesh,Agra,Tier 3,6568.68,1035.59,4687.14,4153.51,3860.05,2399.68,91.0,freelance_other,1.0,55,8672.3,FINNA Illustrative Benchmark Survey 2026 (Synthetic),2026,True
Uttar Pradesh,Agra,Tier 3,7581.86,1008.51,4974.13,4416.27,4076.94,2602.73,91.0,freelance_other,1.15,55,10893.6,FINNA Illustrative Benchmark Survey 2026 (Synthetic),2026,True
Uttar Pradesh,Agra,Tier 3,6623.04,1038.44,4978.65,4093.27,4485.22,2502.29,91.0,freelance_other,0.92,65,8201.92,FINNA Illustrative Benchmark Survey 2026 (Synthetic),2026,True
Uttar Pradesh,Agra,Tier 3,7346.83,884.06,4931.82,4360.88,4603.24,2432.68,91.0,freelance_other,1.0,65,10064.05,FINNA Illustrative Benchmark Survey 2026 (Synthetic),2026,True
Uttar Pradesh,Agra,Tier 3,8110.22,1073.71,4862.26,4339.7,4472.31,2529.95,91.0,freelance_other,1.15,65,12293.47,FINNA Illustrative Benchmark Survey 2026 (Synthetic),2026,True
Uttar Pradesh,Agra,Tier 3,3106.2,470.64,4739.03,4288.07,2505.77,2354.67,91.0,mixed,0.92,25,1000.0,FINNA Illustrative Benchmark Survey 2026 (Synthetic),2026,True
Uttar Pradesh,Agra,Tier 3,3150.79,340.31,4663.2,4353.71,2518.78,2540.68,91.0,mixed,1.0,25,1000.0,FINNA Illustrative Benchmark Survey 2026 (Synthetic),2026,True
Uttar Pradesh,Agra,Tier 3,3855.69,615.58,4861.43,4374.18,2604.94,2434.18,91.0,mixed,1.15,25,1573.27,FINNA Illustrative Benchmark Survey 2026 (Synthetic),2026,True
Uttar Pradesh,Agra,Tier 3,3878.53,574.74,4841.93,4364.91,3460.43,2450.2,91.0,mixed,0.92,35,1089.77,FINNA Illustrative Benchmark Survey 2026 (Synthetic),2026,True
Uttar Pradesh,Agra,Tier 3,4320.54,644.97,4892.43,4087.52,3333.62,2570.74,91.0,mixed,1.0,35,2485.36,FINNA Illustrative Benchmark Survey 2026 (Synthetic),2026,True
Uttar Pradesh,Agra,Tier 3,4878.68,681.63,4977.3,4213.25,3464.73,2462.18,91.0,mixed,1.15,35,3904.7,FINNA Illustrative Benchmark Survey 2026 (Synthetic),2026,True
Uttar Pradesh,Agra,Tier 3,4840.04,489.4,4699.11,4483.19,4446.78,2487.56,91.0,mixed,0.92,45,3146.48,FINNA Illustrative Benchmark Survey 2026 (Synthetic),2026,True
Uttar Pradesh,Agra,Tier 3,5193.43,576.25,5100.64,4330.05,4257.42,2594.91,91.0,mixed,1.0,45,4032.95,FINNA Illustrative Benchmark Survey 2026 (Synthetic),2026,True
Uttar Pradesh,Agra,Tier 3,6194.58,712.35,4839.59,4412.25,4118.66,2625.49,91.0,mixed,1.15,45,7037.25,FINNA Illustrative Benchmark Survey 2026 (Synthetic),2026,True
Uttar Pradesh,Agra,Tier 3,5653.24,692.67,4720.15,4413.89,5217.16,2362.61,91.0,mixed,0.92,55,5047.07,FINNA Illustrative Benchmark Survey 2026 (Synthetic),2026,True
Uttar Pradesh,Agra,Tier 3,6175.42,876.32,4863.21,4300.53,4966.14,2509.84,91.0,mixed,1.0,55,6564.9,FINNA Illustrative Benchmark Survey 2026 (Synthetic),2026,True
Uttar Pradesh,Agra,Tier 3,7150.46,872.59,5116.4,4377.26,5332.77,2612.11,91.0,mixed,1.15,55,8789.92,FINNA Illustrative Benchmark Survey 2026 (Synthetic),2026,True
Uttar Pradesh,Agra,Tier 3,6764.5,786.84,5084.82,4304.31,5804.2,2455.68,91.0,mixed,0.92,65,7566.83,FINNA Illustrative Benchmark Survey 2026 (Synthetic),2026,True
Uttar Pradesh,Agra,Tier 3,7289.54,926.55,4899.22,4307.64,5866.12,2563.69,91.0,mixed,1.0,65,9052.57,FINNA Illustrative Benchmark Survey 2026 (Synthetic),2026,True
Uttar Pradesh,Agra,Tier 3,8181.43,1308.57,5125.76,4184.25,5752.39,2470.97,91.0,mixed,1.15,65,11629.94,FINNA Illustrative Benchmark Survey 2026 (Synthetic),2026,True
Rajasthan,Jodhpur,Tier 3,2719.19,398.44,4920.97,4161.26,2366.91,2293.25,89.0,delivery,0.92,25,1000.0,FINNA Illustrative Benchmark Survey 2026 (Synthetic),2026,True
Rajasthan,Jodhpur,Tier 3,2983.59,399.85,4692.76,4372.78,2423.74,2516.66,89.0,delivery,1.0,25,1000.0,FINNA Illustrative Benchmark Survey 2026 (Synthetic),2026,True
Rajasthan,Jodhpur,Tier 3,3309.34,340.96,4585.59,4244.03,2329.6,2303.75,89.0,delivery,1.15,25,1000.0,FINNA Illustrative Benchmark Survey 2026 (Synthetic),2026,True
Rajasthan,Jodhpur,Tier 3,3567.94,489.5,4470.21,4165.12,3073.52,2386.67,89.0,delivery,0.92,35,1000.0,FINNA Illustrative Benchmark Survey 2026 (Synthetic),2026,True
Rajasthan,Jodhpur,Tier 3,4040.91,545.54,4548.15,4364.87,3150.99,2539.76,89.0,delivery,1.0,35,1880.69,FINNA Illustrative Benchmark Survey 2026 (Synthetic),2026,True
Rajasthan,Jodhpur,Tier 3,4638.87,727.74,4773.93,4054.81,3287.92,2429.72,89.0,delivery,1.15,35,3600.95,FINNA Illustrative Benchmark Survey 2026 (Synthetic),2026,True
Rajasthan,Jodhpur,Tier 3,4575.45,608.03,4566.21,4305.63,4064.95,2505.17,89.0,delivery,0.92,45,2840.33,FINNA Illustrative Benchmark Survey 2026 (Synthetic),2026,True
Rajasthan,Jodhpur,Tier 3,4761.53,623.22,4798.75,4179.39,3890.18,2519.91,89.0,delivery,1.0,45,3398.98,FINNA Illustrative Benchmark Survey 2026 (Synthetic),2026,True
Rajasthan,Jodhpur,Tier 3,5490.78,648.28,4581.12,4210.58,3845.99,2528.89,89.0,delivery,1.15,45,5595.52,FINNA Illustrative Benchmark Survey 2026 (Synthetic),2026,True
Rajasthan,Jodhpur,Tier 3,5333.91,819.89,4847.16,4030.17,4665.12,2408.03,89.0,delivery,0.92,55,4644.48,FINNA Illustrative Benchmark Survey 2026 (Synthetic),2026,True
Rajasthan,Jodhpur,Tier 3,5518.03,804.89,4504.78,4406.24,4742.48,2264.45,89.0,delivery,1.0,55,5183.83,FINNA Illustrative Benchmark Survey 2026 (Synthetic),2026,True
Rajasthan,Jodhpur,Tier 3,6713.89,788.05,4488.35,4401.13,4855.64,2523.82,89.0,delivery,1.15,55,8321.43,FINNA Illustrative Benchmark Survey 2026 (Synthetic),2026,True
Rajasthan,Jodhpur,Tier 3,5801.43,794.89,4816.09,4018.28,5685.2,2469.46,89.0,delivery,0.92,65,5285.26,FINNA Illustrative Benchmark Survey 2026 (Synthetic),2026,True
Rajasthan,Jodhpur,Tier 3,6573.03,993.67,4874.24,4297.06,5583.7,2318.71,89.0,delivery,1.0,65,7401.88,FINNA Illustrative Benchmark Survey 2026 (Synthetic),2026,True
Rajasthan,Jodhpur,Tier 3,7234.73,812.08,4846.42,4198.2,5400.73,2439.04,89.0,delivery,1.15,65,9387.29,FINNA Illustrative Benchmark Survey 2026 (Synthetic),2026,True
Rajasthan,Jodhpur,Tier 3,3065.03,330.85,4742.98,4216.86,2830.98,2495.85,89.0,ride_hailing,0.92,25,1000.0,FINNA Illustrative Benchmark Survey 2026 (Synthetic),2026,True
Rajasthan,Jodhpur,Tier 3,3289.11,360.44,4834.38,4384.73,2717.02,2517.67,89.0,ride_hailing,1.0,25,1000.0,FINNA Illustrative Benchmark Survey 2026 (Synthetic),2026,True
Rajasthan,Jodhpur,Tier 3,3765.9,595.68,4770.01,4013.36,2727.6,2353.01,89.0,ride_hailing,1.15,25,1587.54,FINNA Illustrative Benchmark Survey 2026 (Synthetic),2026,True
Rajasthan,Jodhpur,Tier 3,3938.59,528.61,4692.71,4169.18,3821.39,2486.52,89.0,ride_hailing,0.92,35,1224.79,FINNA Illustrative Benchmark Survey 2026 (Synthetic),2026,True
Rajasthan,Jodhpur,Tier 3,4417.66,510.95,4890.7,4158.29,3914.36,2419.69,89.0,ride_hailing,1.0,35,2434.53,FINNA Illustrative Benchmark Survey 2026 (Synthetic),2026,True
Rajasthan,Jodhpur,Tier 3,5222.94,765.72,4897.97,4401.18,3647.22,2540.47,89.0,ride_hailing,1.15,35,4633.52,FINNA Illustrative Benchmark Survey 2026 (Synthetic),2026,True
Rajasthan,Jodhpur,Tier 3,4894.49,646.25,4878.29,4025.77,4810.38,2326.85,89.0,ride_hailing,0.92,45,3348.7,FINNA Illustrative Benchmark Survey 2026 (Synthetic),2026,True
Rajasthan,Jodhpur,Tier 3,5563.19,706.05,4656.99,4032.21,4759.95,2420.7,89.0,ride_hailing,1.0,45,5342.2,FINNA Illustrative Benchmark Survey 2026 (Synthetic),2026,True
Rajasthan,Jodhpur,Tier 3,6418.9,700.79,4824.31,4374.45,4803.94,2478.12,89.0,ride_hailing,1.15,45,7353.46,FINNA Illustrative Benchmark Survey 2026 (Synthetic),2026,True
Rajasthan,Jodhpur,Tier 3,5993.62,601.78,4581.52,4384.54,5686.01,2290.71,89.0,ride_hailing,0.92,55,5856.24,FINNA Illustrative Benchmark Survey 2026 (Synthetic),2026,True
Rajasthan,Jodhpur,Tier 3,6166.89,700.14,4499.1,4071.55,5763.27,2346.94,89.0,ride_hailing,1.0,55,6514.15,FINNA Illustrative Benchmark Survey 2026 (Synthetic),2026,True
Rajasthan,Jodhpur,Tier 3,7232.64,728.79,4698.21,4198.26,5755.02,2277.1,89.0,ride_hailing,1.15,55,9352.68,FINNA Illustrative Benchmark Survey 2026 (Synthetic),2026,True
Rajasthan,Jodhpur,Tier 3,6948.97,840.66,4571.11,4026.19,6653.39,2447.01,89.0,ride_hailing,0.92,65,8054.37,FINNA Illustrative Benchmark Survey 2026 (Synthetic),2026,True
Rajasthan,Jodhpur,Tier 3,7538.93,820.21,4621.76,4251.25,6791.07,2428.11,89.0,ride_hailing,1.0,65,9458.39,FINNA Illustrative Benchmark Survey 2026 (Synthetic),2026,True
Rajasthan,Jodhpur,Tier 3,8071.32,903.15,4692.61,4078.19,6370.19,2341.9,89.0,ride_hailing,1.15,65,11352.85,FINNA Illustrative Benchmark Survey 2026 (Synthetic),2026,True
Rajasthan,Jodhpur,Tier 3,2870.81,337.71,4933.26,4105.53,1895.25,2414.39,89.0,freelance_other,0.92,25,1000.0,FINNA Illustrative Benchmark Survey 2026 (Synthetic),2026,True
Rajasthan,Jodhpur,Tier 3,3073.38,357.3,4667.69,4176.45,1972.93,2375.8,89.0,freelance_other,1.0,25,1000.0,FINNA Illustrative Benchmark Survey 2026 (Synthetic),2026,True
Rajasthan,Jodhpur,Tier 3,3572.26,405.56,4928.63,4377.66,1961.67,2455.25,89.0,freelance_other,1.15,25,1134.04,FINNA Illustrative Benchmark Survey 2026 (Synthetic),2026,True
Rajasthan,Jodhpur,Tier 3,3871.92,461.85,4830.37,4245.49,2635.19,2437.4,89.0,freelance_other,0.92,35,1701.03,FINNA Illustrative Benchmark Survey 2026 (Synthetic),2026,True
Rajasthan,Jodhpur,Tier 3,4379.72,618.78,4866.07,4399.5,2491.62,2456.18,89.0,freelance_other,1.0,35,3088.03,FINNA Illustrative Benchmark Survey 2026 (Synthetic),2026,True
Rajasthan,Jodhpur,Tier 3,5030.29,553.27,4717.96,4135.79,2528.34,2366.46,89.0,freelance_other,1.15,35,5221.19,FINNA Illustrative Benchmark Survey 2026 (Synthetic),2026,True
Rajasthan,Jodhpur,Tier 3,4949.22,505.92,4847.55,4224.5,3192.28,2256.42,89.0,freelance_other,0.92,45,4491.09,FINNA Illustrative Benchmark Survey 2026 (Synthetic),2026,True
Rajasthan,Jodhpur,Tier 3,5120.26,739.98,4807.59,4329.26,3183.74,2496.53,89.0,freelance_other,1.0,45,4779.84,FINNA Illustrative Benchmark Survey 2026 (Synthetic),2026,True
Rajasthan,Jodhpur,Tier 3,5847.41,836.76,4756.0,4271.01,3165.11,2447.92,89.0,freelance_other,1.15,45,6941.51,FINNA Illustrative Benchmark Survey 2026 (Synthetic),2026,True
Rajasthan,Jodhpur,Tier 3,5812.06,597.56,4696.19,4188.57,3730.23,2259.26,89.0,freelance_other,0.92,55,6689.78,FINNA Illustrative Benchmark Survey 2026 (Synthetic),2026,True
Rajasthan,Jodhpur,Tier 3,5986.96,896.44,4470.92,4120.82,3990.93,2289.76,89.0,freelance_other,1.0,55,7183.22,FINNA Illustrative Benchmark Survey 2026 (Synthetic),2026,True
Rajasthan,Jodhpur,Tier 3,6902.13,697.82,4822.74,4243.77,3958.64,2413.23,89.0,freelance_other,1.15,55,9391.1,FINNA Illustrative Benchmark Survey 2026 (Synthetic),2026,True
Rajasthan,Jodhpur,Tier 3,6281.76,931.31,4476.34,4077.78,4454.88,2477.46,89.0,freelance_other,0.92,65,7613.81,FINNA Illustrative Benchmark Survey 2026 (Synthetic),2026,True
Rajasthan,Jodhpur,Tier 3,7158.21,1032.97,4483.76,4205.77,4646.53,2412.67,89.0,freelance_other,1.0,65,9910.11,FINNA Illustrative Benchmark Survey 2026 (Synthetic),2026,True
Rajasthan,Jodhpur,Tier 3,7994.77,1254.47,4760.32,4281.22,4324.79,2384.11,89.0,freelance_other,1.15,65,12263.49,FINNA Illustrative Benchmark Survey 2026 (Synthetic),2026,True
Rajasthan,Jodhpur,Tier 3,2900.12,316.38,4616.2,4245.39,2430.88,2535.6,89.0,mixed,0.92,25,1000.0,FINNA Illustrative Benchmark Survey 2026 (Synthetic),2026,True
Rajasthan,Jodhpur,Tier 3,3112.5,440.49,4798.37,4076.79,2404.44,2324.18,89.0,mixed,1.0,25,1000.0,FINNA Illustrative Benchmark Survey 2026 (Synthetic),2026,True
Rajasthan,Jodhpur,Tier 3,3677.28,396.89,4491.08,4069.75,2558.46,2342.39,89.0,mixed,1.15,25,1599.61,FINNA Illustrative Benchmark Survey 2026 (Synthetic),2026,True
Rajasthan,Jodhpur,Tier 3,3915.88,509.8,4703.4,4012.44,3405.5,2380.42,89.0,mixed,0.92,35,1595.1,FINNA Illustrative Benchmark Survey 2026 (Synthetic),2026,True
Rajasthan,Jodhpur,Tier 3,3988.94,571.18,4749.41,4192.85,3458.89,2427.82,89.0,mixed,1.0,35,1588.04,FINNA Illustrative Benchmark Survey 2026 (Synthetic),2026,True
Rajasthan,Jodhpur,Tier 3,4586.7,645.67,4520.22,4283.7,3225.21,2497.66,89.0,mixed,1.15,35,3466.85,FINNA Illustrative Benchmark Survey 2026 (Synthetic),2026,True
Rajasthan,Jodhpur,Tier 3,4801.66,661.44,4925.17,4353.57,4039.17,2313.51,89.0,mixed,0.92,45,3353.85,FINNA Illustrative Benchmark Survey 2026 (Synthetic),2026,True
Rajasthan,Jodhpur,Tier 3,5232.97,568.91,4648.2,4032.11,4124.92,2335.39,89.0,mixed,1.0,45,4886.79,FINNA Illustrative Benchmark Survey 2026 (Synthetic),2026,True
Rajasthan,Jodhpur,Tier 3,5775.6,593.86,4541.61,4157.72,4075.16,2290.36,89.0,mixed,1.15,45,6463.27,FINNA Illustrative Benchmark Survey 2026 (Synthetic),2026,True
Rajasthan,Jodhpur,Tier 3,5559.7,690.5,4603.78,4181.03,5081.0,2540.48,89.0,mixed,0.92,55,4983.69,FINNA Illustrative Benchmark Survey 2026 (Synthetic),2026,True
Rajasthan,Jodhpur,Tier 3,5828.54,692.5,4747.29,4187.56,4809.9,2393.49,89.0,mixed,1.0,55,5914.57,FINNA Illustrative Benchmark Survey 2026 (Synthetic),2026,True
Rajasthan,Jodhpur,Tier 3,6772.3,966.2,4604.24,4295.09,5191.09,2272.33,89.0,mixed,1.15,55,8424.85,FINNA Illustrative Benchmark Survey 2026 (Synthetic),2026,True
Rajasthan,Jodhpur,Tier 3,6344.45,973.89,4828.11,4375.78,6003.88,2279.02,89.0,mixed,0.92,65,6490.04,FINNA Illustrative Benchmark Survey 2026 (Synthetic),2026,True
Rajasthan,Jodhpur,Tier 3,7016.59,823.44,4815.57,4335.61,5853.45,2466.01,89.0,mixed,1.0,65,8392.28,FINNA Illustrative Benchmark Survey 2026 (Synthetic),2026,True
Rajasthan,Jodhpur,Tier 3,7958.88,997.04,4837.56,4327.64,6051.55,2294.09,89.0,mixed,1.15,65,11018.22,FINNA Illustrative Benchmark Survey 2026 (Synthetic),2026,True
Telangana,Warangal,Tier 3,2650.54,304.53,4591.41,4131.25,2366.43,2262.27,88.0,delivery,0.92,25,1000.0,FINNA Illustrative Benchmark Survey 2026 (Synthetic),2026,True
Telangana,Warangal,Tier 3,3013.09,326.23,4447.97,4198.34,2252.6,2197.81,88.0,delivery,1.0,25,1000.0,FINNA Illustrative Benchmark Survey 2026 (Synthetic),2026,True
Telangana,Warangal,Tier 3,3334.2,444.55,4476.79,3983.59,2268.54,2272.75,88.0,delivery,1.15,25,1000.0,FINNA Illustrative Benchmark Survey 2026 (Synthetic),2026,True
Telangana,Warangal,Tier 3,3471.07,516.34,4452.02,3912.03,3072.74,2281.78,88.0,delivery,0.92,35,1000.0,FINNA Illustrative Benchmark Survey 2026 (Synthetic),2026,True
Telangana,Warangal,Tier 3,3674.29,377.13,4603.92,4258.71,2996.37,2336.79,88.0,delivery,1.0,35,1114.03,FINNA Illustrative Benchmark Survey 2026 (Synthetic),2026,True
Telangana,Warangal,Tier 3,4316.08,433.68,4520.26,3944.48,3187.7,2323.91,88.0,delivery,1.15,35,3062.98,FINNA Illustrative Benchmark Survey 2026 (Synthetic),2026,True
Telangana,Warangal,Tier 3,4355.95,693.93,4301.42,4198.72,3928.23,2201.51,88.0,delivery,0.92,45,2750.4,FINNA Illustrative Benchmark Survey 2026 (Synthetic),2026,True
Telangana,Warangal,Tier 3,4562.86,622.82,4427.53,4177.31,3968.11,2288.98,88.0,delivery,1.0,45,3181.91,FINNA Illustrative Benchmark Survey 2026 (Synthetic),2026,True
Telangana,Warangal,Tier 3,5349.23,684.97,4543.86,3989.82,3764.45,2341.2,88.0,delivery,1.15,45,5539.84,FINNA Illustrative Benchmark Survey 2026 (Synthetic),2026,True
Telangana,Warangal,Tier 3,4969.63,613.97,4297.29,4188.81,4628.08,2198.72,88.0,delivery,0.92,55,4033.64,FINNA Illustrative Benchmark Survey 2026 (Synthetic),2026,True
Telangana,Warangal,Tier 3,5747.66,695.06,4641.63,4097.13,4577.77,2250.78,88.0,delivery,1.0,55,6058.04,FINNA Illustrative Benchmark Survey 2026 (Synthetic),2026,True
Telangana,Warangal,Tier 3,6530.44,1037.61,4540.74,3951.2,4586.62,2368.22,88.0,delivery,1.15,55,8339.52,FINNA Illustrative Benchmark Survey 2026 (Synthetic),2026,True
Telangana,Warangal,Tier 3,6062.11,708.61,4403.39,4030.04,5415.03,2196.32,88.0,delivery,0.92,65,6632.7,FINNA Illustrative Benchmark Survey 2026 (Synthetic),2026,True
Telangana,Warangal,Tier 3,6108.2,816.44,4598.26,4139.05,5343.23,2258.71,88.0,delivery,1.0,65,6571.02,FINNA Illustrative Benchmark Survey 2026 (Synthetic),2026,True
Telangana,Warangal,Tier 3,7138.46,1093.46,4655.37,4207.46,5364.98,2274.1,88.0,delivery,1.15,65,9364.95,FINNA Illustrative Benchmark Survey 2026 (Synthetic),2026,True
Telangana,Warangal,Tier 3,3078.55,418.15,4583.62,3956.26,2723.54,2298.63,88.0,ride_hailing,0.92,25,1000.0,FINNA Illustrative Benchmark Survey 2026 (Synthetic),2026,True
Telangana,Warangal,Tier 3,3202.68,398.55,4280.43,4292.5,2705.03,2385.8,88.0,ride_hailing,1.0,25,1000.0,FINNA Illustrative Benchmark Survey 2026 (Synthetic),2026,True
Telangana,Warangal,Tier 3,3840.23,455.36,4465.38,4078.53,2680.6,2400.38,88.0,ride_hailing,1.15,25,1952.15,FINNA Illustrative Benchmark Survey 2026 (Synthetic),2026,True
Telangana,Warangal,Tier 3,3831.99,480.13,4689.68,3901.57,3599.28,2382.74,88.0,ride_hailing,0.92,35,1312.51,FINNA Illustrative Benchmark Survey 2026 (Synthetic),2026,True
Telangana,Warangal,Tier 3,4133.89,538.39,4287.23,4048.53,3599.96,2163.21,88.0,ride_hailing,1.0,35,2470.53,FINNA Illustrative Benchmark Survey 2026 (Synthetic),2026,True
Telangana,Warangal,Tier 3,4903.07,690.17,4560.66,3931.97,3687.9,2187.91,88.0,ride_hailing,1.15,35,4460.2,FINNA Illustrative Benchmark Survey 2026 (Synthetic),2026,True
Telangana,Warangal,Tier 3,4813.14,581.48,4473.02,3920.35,4487.71,2232.56,88.0,ride_hailing,0.92,45,3722.72,FINNA Illustrative Benchmark Survey 2026 (Synthetic),2026,True
Telangana,Warangal,Tier 3,5085.05,583.35,4421.88,4076.36,4538.18,2357.86,88.0,ride_hailing,1.0,45,4305.59,FINNA Illustrative Benchmark Survey 2026 (Synthetic),2026,True
Telangana,Warangal,Tier 3,6280.55,903.87,4439.42,3934.8,4740.31,2353.65,88.0,ride_hailing,1.15,45,7622.29,FINNA Illustrative Benchmark Survey 2026 (Synthetic),2026,True
Telangana,Warangal,Tier 3,5931.75,759.57,4299.49,4191.3,5373.42,2419.67,88.0,ride_hailing,0.92,55,6110.39,FINNA Illustrative Benchmark Survey 2026 (Synthetic),2026,True
Telangana,Warangal,Tier 3,5997.0,831.06,4511.12,4130.99,5495.2,2428.18,88.0,ride_hailing,1.0,55,6110.99,FINNA Illustrative Benchmark Survey 2026 (Synthetic),2026,True
Telangana,Warangal,Tier 3,7385.69,1114.18,4457.08,3983.07,5465.17,2406.31,88.0,ride_hailing,1.15,55,10184.47,FINNA Illustrative Benchmark Survey 2026 (Synthetic),2026,True
Telangana,Warangal,Tier 3,6575.38,734.39,4420.02,4143.98,6317.7,2347.07,88.0,ride_hailing,0.92,65,7307.71,FINNA Illustrative Benchmark Survey 2026 (Synthetic),2026,True
Telangana,Warangal,Tier 3,7093.8,942.17,4278.11,4176.53,6207.12,2213.26,88.0,ride_hailing,1.0,65,8996.74,FINNA Illustrative Benchmark Survey 2026 (Synthetic),2026,True
Telangana,Warangal,Tier 3,8015.71,1160.4,4490.22,4089.36,6558.38,2311.61,88.0,ride_hailing,1.15,65,11218.0,FINNA Illustrative Benchmark Survey 2026 (Synthetic),2026,True
Telangana,Warangal,Tier 3,2824.96,283.51,4564.08,4126.1,1803.18,2328.56,88.0,freelance_other,0.92,25,1000.0,FINNA Illustrative Benchmark Survey 2026 (Synthetic),2026,True
Telangana,Warangal,Tier 3,3117.78,357.03,4360.34,4230.13,1881.2,2328.62,88.0,freelance_other,1.0,25,1000.0,FINNA Illustrative Benchmark Survey 2026 (Synthetic),2026,True
Telangana,Warangal,Tier 3,3598.88,529.64,4334.97,4126.86,1906.46,2241.79,88.0,freelance_other,1.15,25,1932.5,FINNA Illustrative Benchmark Survey 2026 (Synthetic),2026,True
Telangana,Warangal,Tier 3,3660.37,556.8,4689.7,4027.09,2561.16,2387.07,88.0,freelance_other,0.92,35,1419.85,FINNA Illustrative Benchmark Survey 2026 (Synthetic),2026,True
Telangana,Warangal,Tier 3,4274.37,657.17,4482.09,4148.1,2527.17,2213.57,88.0,freelance_other,1.0,35,3339.11,FINNA Illustrative Benchmark Survey 2026 (Synthetic),2026,True
Telangana,Warangal,Tier 3,4623.12,593.63,4381.54,4277.55,2440.03,2360.98,88.0,freelance_other,1.15,35,4262.71,FINNA Illustrative Benchmark Survey 2026 (Synthetic),2026,True
Telangana,Warangal,Tier 3,4807.2,668.69,4296.03,3992.7,3065.08,2320.76,88.0,freelance_other,0.92,45,4641.39,FINNA Illustrative Benchmark Survey 2026 (Synthetic),2026,True
Telangana,Warangal,Tier 3,4975.03,793.49,4304.37,4147.91,3076.55,2382.35,88.0,freelance_other,1.0,45,4959.95,FINNA Illustrative Benchmark Survey 2026 (Synthetic),2026,True
Telangana,Warangal,Tier 3,5845.0,687.37,4370.59,4016.74,3185.22,2328.88,88.0,freelance_other,1.15,45,7414.82,FINNA Illustrative Benchmark Survey 2026 (Synthetic),2026,True
Telangana,Warangal,Tier 3,5516.32,846.02,4279.09,4170.79,3716.71,2250.62,88.0,freelance_other,0.92,55,6154.5,FINNA Illustrative Benchmark Survey 2026 (Synthetic),2026,True
Telangana,Warangal,Tier 3,5784.81,870.99,4585.52,3947.0,3734.07,2414.5,88.0,freelance_other,1.0,55,6738.64,FINNA Illustrative Benchmark Survey 2026 (Synthetic),2026,True
Telangana,Warangal,Tier 3,6849.87,864.35,4585.38,4150.16,3677.63,2426.79,88.0,freelance_other,1.15,55,9632.99,FINNA Illustrative Benchmark Survey 2026 (Synthetic),2026,True
Telangana,Warangal,Tier 3,6123.66,613.75,4649.55,4218.33,4548.55,2220.91,88.0,freelance_other,0.92,65,7070.77,FINNA Illustrative Benchmark Survey 2026 (Synthetic),2026,True
Telangana,Warangal,Tier 3,6672.85,976.95,4469.62,4151.42,4476.53,2414.16,88.0,freelance_other,1.0,65,8698.11,FINNA Illustrative Benchmark Survey 2026 (Synthetic),2026,True
Telangana,Warangal,Tier 3,7887.2,1009.93,4373.25,4280.09,4348.7,2362.37,88.0,freelance_other,1.15,65,12211.66,FINNA Illustrative Benchmark Survey 2026 (Synthetic),2026,True
Telangana,Warangal,Tier 3,2875.79,293.41,4454.29,4275.72,2442.14,2169.8,88.0,mixed,0.92,25,1000.0,FINNA Illustrative Benchmark Survey 2026 (Synthetic),2026,True
Telangana,Warangal,Tier 3,3151.16,315.77,4526.33,3916.47,2374.68,2171.54,88.0,mixed,1.0,25,1000.0,FINNA Illustrative Benchmark Survey 2026 (Synthetic),2026,True
Telangana,Warangal,Tier 3,3570.54,393.36,4501.54,4019.74,2422.97,2185.41,88.0,mixed,1.15,25,1515.01,FINNA Illustrative Benchmark Survey 2026 (Synthetic),2026,True
Telangana,Warangal,Tier 3,3826.57,529.67,4630.99,4016.98,3130.21,2409.79,88.0,mixed,0.92,35,1547.7,FINNA Illustrative Benchmark Survey 2026 (Synthetic),2026,True
Telangana,Warangal,Tier 3,3979.68,559.24,4665.84,4089.03,3313.28,2301.75,88.0,mixed,1.0,35,1860.37,FINNA Illustrative Benchmark Survey 2026 (Synthetic),2026,True
Telangana,Warangal,Tier 3,4635.49,580.43,4442.06,4274.66,3334.9,2280.6,88.0,mixed,1.15,35,3730.64,FINNA Illustrative Benchmark Survey 2026 (Synthetic),2026,True
Telangana,Warangal,Tier 3,4458.73,671.33,4385.3,4060.98,4169.26,2344.81,88.0,mixed,0.92,45,2824.87,FINNA Illustrative Benchmark Survey 2026 (Synthetic),2026,True
Telangana,Warangal,Tier 3,4924.94,742.76,4639.31,4060.45,4218.21,2234.41,88.0,mixed,1.0,45,4012.2,FINNA Illustrative Benchmark Survey 2026 (Synthetic),2026,True
Telangana,Warangal,Tier 3,5688.79,593.1,4533.15,4004.58,4100.94,2340.21,88.0,mixed,1.15,45,6274.83,FINNA Illustrative Benchmark Survey 2026 (Synthetic),2026,True
Telangana,Warangal,Tier 3,5277.4,693.26,4372.92,4135.7,4980.96,2349.51,88.0,mixed,0.92,55,4557.83,FINNA Illustrative Benchmark Survey 2026 (Synthetic),2026,True
Telangana,Warangal,Tier 3,5989.88,900.39,4593.63,4240.27,4913.9,2183.36,88.0,mixed,1.0,55,6503.26,FINNA Illustrative Benchmark Survey 2026 (Synthetic),2026,True
Telangana,Warangal,Tier 3,6807.41,969.13,4467.26,4136.6,4922.51,2248.94,88.0,mixed,1.15,55,8905.5,FINNA Illustrative Benchmark Survey 2026 (Synthetic),2026,True
Telangana,Warangal,Tier 3,6104.09,927.86,4543.75,4223.18,5534.05,2389.3,88.0,mixed,0.92,65,6331.28,FINNA Illustrative Benchmark Survey 2026 (Synthetic),2026,True
Telangana,Warangal,Tier 3,6883.54,868.64,4372.42,3949.03,5540.8,2324.97,88.0,mixed,1.0,65,8852.03,FINNA Illustrative Benchmark Survey 2026 (Synthetic),2026,True
Telangana,Warangal,Tier 3,7989.26,847.55,4320.38,4189.63,5705.5,2419.94,88.0,mixed,1.15,65,11672.73,FINNA Illustrative Benchmark Survey 2026 (Synthetic),2026,True
